Customer ID,Count
CUST8779,26
CUST1848,25
CUST8289,24
CUST3532,23
CUST3001,23
CUST2633,23
CUST5902,23
CUST7557,22
CUST1897,22
CUST5476,22
CUST4519,22
CUST9185,22
CUST5252,22
CUST5009,22
CUST3795,22
CUST6867,22
CUST1244,21
CUST7697,21
CUST3713,21
CUST2195,21
CUST7974,21
CUST7401,21
CUST9201,21
CUST3525,21
CUST6931,21
CUST6269,21
CUST4578,21
CUST6250,21
CUST7392,21
CUST2681,21
CUST2415,21
CUST8010,21
CUST2393,21
CUST4666,21
CUST7308,21
CUST4471,21
CUST9530,21
CUST5028,21
CUST1605,20
CUST8240,20
CUST9751,20
CUST9248,20
CUST3761,20
CUST6515,20
CUST5173,20
CUST2920,20
CUST7305,20
CUST7473,20
CUST9084,20
CUST3832,20
CUST2274,20
CUST8877,20
CUST1971,20
CUST2875,20
CUST2369,20
CUST6080,20
CUST6963,20
CUST1981,20
CUST3621,20
CUST6363,20
CUST7131,20
CUST8472,20
CUST6199,20
CUST2006,20
CUST5699,20
CUST9501,20
CUST2713,20
CUST5441,20
CUST9228,20
CUST3292,20
CUST6152,20
CUST2600,20
CUST8353,20
CUST3440,20
CUST3509,20
CUST3305,20
CUST8025,20
CUST8761,20
CUST8086,20
CUST3222,20
CUST9034,20
CUST5333,20
CUST7951,20
CUST4621,19
CUST6351,19
CUST8586,19
CUST2642,19
CUST9971,19
CUST6549,19
CUST2049,19
CUST9948,19
CUST5478,19
CUST3947,19
CUST9861,19
CUST2160,19
CUST6131,19
CUST8764,19
CUST4314,19
CUST7370,19
CUST8062,19
CUST2527,19
CUST8101,19
CUST7735,19
CUST1129,19
CUST3321,19
CUST5230,19
CUST3839,19
CUST8499,19
CUST2789,19
CUST6245,19
CUST3421,19
CUST4350,19
CUST7223,19
CUST6454,19
CUST8871,19
CUST6286,19
CUST7077,19
CUST2570,19
CUST9115,19
CUST9753,19
CUST9076,19
CUST9892,19
CUST9055,19
CUST1869,19
CUST1401,19
CUST6072,19
CUST4970,19
CUST5172,19
CUST2897,19
CUST2522,19
CUST6384,19
CUST7232,19
CUST6473,19
CUST7997,19
CUST9316,19
CUST2040,19
CUST7874,19
CUST3187,19
CUST9470,19
CUST3148,19
CUST5413,19
CUST6092,19
CUST8765,19
CUST9810,19
CUST2103,19
CUST8380,19
CUST6613,19
CUST4733,19
CUST5289,19
CUST6815,19
CUST7877,19
CUST8259,19
CUST9531,19
CUST9459,19
CUST3496,19
CUST8330,19
CUST4111,19
CUST1807,19
CUST8657,19
CUST2207,19
CUST1672,19
CUST1074,18
CUST7508,18
CUST8192,18
CUST5661,18
CUST5224,18
CUST2684,18
CUST6960,18
CUST7897,18
CUST1127,18
CUST5487,18
CUST9413,18
CUST7577,18
CUST3680,18
CUST8271,18
CUST9255,18
CUST4115,18
CUST4312,18
CUST5449,18
CUST8906,18
CUST7912,18
CUST4394,18
CUST4432,18
CUST4811,18
CUST9863,18
CUST7493,18
CUST8255,18
CUST8812,18
CUST9117,18
CUST4220,18
CUST8433,18
CUST2876,18
CUST4453,18
CUST4197,18
CUST5382,18
CUST7764,18
CUST7622,18
CUST4106,18
CUST9951,18
CUST4920,18
CUST3765,18
CUST8303,18
CUST7985,18
CUST5490,18
CUST2680,18
CUST7187,18
CUST1890,18
CUST3167,18
CUST4700,18
CUST1104,18
CUST7565,18
CUST4461,18
CUST4977,18
CUST4043,18
CUST8501,18
CUST4709,18
CUST4845,18
CUST2645,18
CUST8074,18
CUST9837,18
CUST4555,18
CUST5216,18
CUST3587,18
CUST1525,18
CUST9119,18
CUST8925,18
CUST3608,18
CUST9964,18
CUST8077,18
CUST9379,18
CUST3992,18
CUST6735,18
CUST9514,18
CUST4054,18
CUST8133,18
CUST7583,18
CUST7921,18
CUST1130,18
CUST8705,18
CUST4541,18
CUST2101,18
CUST5813,18
CUST8736,18
CUST9482,18
CUST2245,18
CUST1480,18
CUST8273,18
CUST5425,18
CUST4304,18
CUST5807,18
CUST9656,18
CUST7704,18
CUST7304,18
CUST4042,18
CUST6402,18
CUST1266,18
CUST3253,18
CUST5670,18
CUST7089,18
CUST5237,18
CUST8838,18
CUST4784,18
CUST3180,18
CUST9156,18
CUST3029,18
CUST1494,18
CUST4345,18
CUST7251,18
CUST2850,18
CUST8488,18
CUST9762,18
CUST4587,18
CUST1206,18
CUST1118,18
CUST1881,18
CUST9029,18
CUST8997,18
CUST3539,18
CUST1052,18
CUST4997,18
CUST4614,18
CUST7387,18
CUST2168,18
CUST3859,18
CUST4652,18
CUST5600,18
CUST5011,18
CUST6985,18
CUST6518,18
CUST4278,18
CUST2734,18
CUST1996,18
CUST2816,18
CUST5761,18
CUST1078,18
CUST5868,18
CUST6526,18
CUST9399,18
CUST5734,18
CUST1855,18
CUST7108,18
CUST2636,18
CUST1137,18
CUST5306,18
CUST3288,18
CUST4530,18
CUST8285,18
CUST7038,18
CUST5386,18
CUST1376,18
CUST2533,18
CUST9253,18
CUST4150,17
CUST9074,17
CUST9077,17
CUST9471,17
CUST1050,17
CUST8267,17
CUST8802,17
CUST9294,17
CUST3285,17
CUST2886,17
CUST8012,17
CUST1510,17
CUST1680,17
CUST5188,17
CUST3535,17
CUST7815,17
CUST1474,17
CUST1753,17
CUST6314,17
CUST1430,17
CUST6105,17
CUST1348,17
CUST5254,17
CUST9466,17
CUST3494,17
CUST9338,17
CUST5458,17
CUST9394,17
CUST8110,17
CUST8250,17
CUST8021,17
CUST2098,17
CUST3803,17
CUST6752,17
CUST1854,17
CUST9327,17
CUST3935,17
CUST3544,17
CUST1001,17
CUST1431,17
CUST7183,17
CUST9903,17
CUST8134,17
CUST6910,17
CUST6036,17
CUST2287,17
CUST2581,17
CUST1229,17
CUST5934,17
CUST5642,17
CUST8756,17
CUST3185,17
CUST7807,17
CUST8483,17
CUST9129,17
CUST9151,17
CUST9529,17
CUST5920,17
CUST6067,17
CUST3234,17
CUST5832,17
CUST6107,17
CUST9040,17
CUST5889,17
CUST6922,17
CUST9335,17
CUST6658,17
CUST5745,17
CUST8202,17
CUST8366,17
CUST9108,17
CUST9284,17
CUST4046,17
CUST9195,17
CUST2663,17
CUST5032,17
CUST9670,17
CUST1549,17
CUST3322,17
CUST2860,17
CUST4085,17
CUST1351,17
CUST7824,17
CUST8780,17
CUST8775,17
CUST4968,17
CUST1339,17
CUST2448,17
CUST6176,17
CUST4850,17
CUST6178,17
CUST5166,17
CUST4973,17
CUST4532,17
CUST7518,17
CUST2744,17
CUST4098,17
CUST6368,17
CUST6415,17
CUST3037,17
CUST2977,17
CUST9122,17
CUST6243,17
CUST8439,17
CUST1819,17
CUST2310,17
CUST5453,17
CUST7607,17
CUST1613,17
CUST5888,17
CUST2017,17
CUST7643,17
CUST5947,17
CUST3792,17
CUST2011,17
CUST2356,17
CUST1550,17
CUST3897,17
CUST6112,17
CUST1428,17
CUST2718,17
CUST2399,17
CUST9154,17
CUST2303,17
CUST1054,17
CUST6880,17
CUST2032,17
CUST4173,17
CUST3013,17
CUST5963,17
CUST9423,17
CUST7258,17
CUST2086,17
CUST1638,17
CUST2982,17
CUST2070,17
CUST5451,17
CUST8999,17
CUST7484,17
CUST7313,17
CUST9621,17
CUST8913,17
CUST9000,17
CUST1990,17
CUST2218,17
CUST7502,17
CUST5401,17
CUST6896,17
CUST6508,17
CUST5387,17
CUST6535,17
CUST8422,17
CUST7628,17
CUST1380,17
CUST5563,17
CUST1176,17
CUST5578,17
CUST3376,17
CUST4215,17
CUST7176,17
CUST1543,17
CUST4379,17
CUST6134,17
CUST2931,17
CUST3316,17
CUST8617,17
CUST5271,17
CUST2888,17
CUST3603,17
CUST3502,17
CUST4937,17
CUST8396,17
CUST7122,17
CUST8443,17
CUST1121,17
CUST5182,17
CUST6302,17
CUST8231,17
CUST8613,17
CUST5581,17
CUST9447,17
CUST4568,17
CUST2770,17
CUST7783,17
CUST9078,17
CUST9946,17
CUST2659,17
CUST9871,17
CUST6414,17
CUST2571,17
CUST8869,17
CUST2493,17
CUST2350,17
CUST7250,17
CUST7658,17
CUST6468,17
CUST1917,17
CUST8809,17
CUST4810,17
CUST2042,17
CUST4311,17
CUST4517,17
CUST8552,17
CUST3137,17
CUST6359,17
CUST2341,17
CUST3068,17
CUST9593,17
CUST1225,17
CUST1928,17
CUST3912,17
CUST1238,17
CUST6214,17
CUST8763,17
CUST3543,17
CUST3224,17
CUST2874,17
CUST7444,17
CUST2328,17
CUST6925,17
CUST1349,17
CUST7078,17
CUST4559,17
CUST9697,17
CUST5465,17
CUST3548,17
CUST2479,17
CUST4476,17
CUST6453,17
CUST3286,16
CUST6544,16
CUST4644,16
CUST2137,16
CUST7564,16
CUST9364,16
CUST2219,16
CUST4838,16
CUST9243,16
CUST6833,16
CUST1159,16
CUST4878,16
CUST4263,16
CUST7566,16
CUST7226,16
CUST1113,16
CUST6567,16
CUST6051,16
CUST5584,16
CUST2978,16
CUST2481,16
CUST4566,16
CUST3307,16
CUST7737,16
CUST4783,16
CUST8998,16
CUST8808,16
CUST3125,16
CUST2436,16
CUST7488,16
CUST5506,16
CUST1546,16
CUST1645,16
CUST2376,16
CUST2640,16
CUST3412,16
CUST4584,16
CUST8758,16
CUST5825,16
CUST7276,16
CUST3246,16
CUST1197,16
CUST4909,16
CUST4955,16
CUST9297,16
CUST9829,16
CUST6488,16
CUST3458,16
CUST2081,16
CUST8317,16
CUST3337,16
CUST2970,16
CUST7249,16
CUST9773,16
CUST4860,16
CUST5079,16
CUST3083,16
CUST8454,16
CUST7868,16
CUST3569,16
CUST5045,16
CUST5862,16
CUST1420,16
CUST6370,16
CUST3435,16
CUST2511,16
CUST3130,16
CUST3835,16
CUST8122,16
CUST2520,16
CUST7191,16
CUST9804,16
CUST3733,16
CUST3298,16
CUST3748,16
CUST3553,16
CUST6011,16
CUST5118,16
CUST3174,16
CUST4202,16
CUST9510,16
CUST3999,16
CUST7358,16
CUST3264,16
CUST2753,16
CUST6054,16
CUST2386,16
CUST3215,16
CUST3378,16
CUST5953,16
CUST6395,16
CUST5861,16
CUST9818,16
CUST4094,16
CUST2689,16
CUST2927,16
CUST3914,16
CUST2175,16
CUST5509,16
CUST1232,16
CUST5845,16
CUST7869,16
CUST2392,16
CUST2722,16
CUST6016,16
CUST8753,16
CUST8412,16
CUST2100,16
CUST1478,16
CUST2667,16
CUST5298,16
CUST1535,16
CUST2854,16
CUST9537,16
CUST4971,16
CUST5428,16
CUST5512,16
CUST6431,16
CUST9275,16
CUST8308,16
CUST3452,16
CUST4688,16
CUST5529,16
CUST5769,16
CUST6810,16
CUST8843,16
CUST5530,16
CUST2790,16
CUST5673,16
CUST1355,16
CUST9682,16
CUST7124,16
CUST7371,16
CUST2052,16
CUST7678,16
CUST8778,16
CUST4281,16
CUST3807,16
CUST2404,16
CUST6435,16
CUST1745,16
CUST1893,16
CUST4835,16
CUST1110,16
CUST6798,16
CUST4769,16
CUST1043,16
CUST8699,16
CUST6246,16
CUST4082,16
CUST8846,16
CUST3474,16
CUST2536,16
CUST7159,16
CUST5826,16
CUST9690,16
CUST2595,16
CUST5466,16
CUST4961,16
CUST3267,16
CUST9876,16
CUST7179,16
CUST9246,16
CUST3736,16
CUST7973,16
CUST1069,16
CUST8939,16
CUST6028,16
CUST5959,16
CUST2299,16
CUST5867,16
CUST9592,16
CUST8679,16
CUST5073,16
CUST2047,16
CUST8424,16
CUST9436,16
CUST9099,16
CUST6050,16
CUST9004,16
CUST8100,16
CUST5916,16
CUST6311,16
CUST4812,16
CUST9615,16
CUST8835,16
CUST6679,16
CUST2465,16
CUST5215,16
CUST8319,16
CUST4570,16
CUST1937,16
CUST8546,16
CUST2765,16
CUST9172,16
CUST8918,16
CUST8195,16
CUST9199,16
CUST2163,16
CUST3562,16
CUST8936,16
CUST3568,16
CUST8624,16
CUST2366,16
CUST9114,16
CUST7395,16
CUST6398,16
CUST9090,16
CUST5676,16
CUST4189,16
CUST1272,16
CUST7035,16
CUST9311,16
CUST5350,16
CUST1170,16
CUST7864,16
CUST9950,16
CUST7771,16
CUST7601,16
CUST4800,16
CUST8247,16
CUST6039,16
CUST1264,16
CUST3689,16
CUST6014,16
CUST6596,16
CUST1985,16
CUST1918,16
CUST3583,16
CUST2497,16
CUST4148,16
CUST3088,16
CUST7653,16
CUST7820,16
CUST8158,16
CUST8141,16
CUST6460,16
CUST1834,16
CUST8347,16
CUST9845,16
CUST1070,16
CUST7791,16
CUST4567,16
CUST9677,16
CUST2743,16
CUST1845,16
CUST5375,16
CUST1255,16
CUST4216,16
CUST7770,16
CUST3526,16
CUST6531,16
CUST1496,16
CUST7809,16
CUST5754,16
CUST1379,16
CUST9370,16
CUST2349,16
CUST3742,16
CUST3916,16
CUST1276,16
CUST4014,16
CUST1182,16
CUST9970,16
CUST8960,16
CUST6971,16
CUST3852,16
CUST8242,16
CUST4295,16
CUST3646,16
CUST2061,16
CUST1112,16
CUST4264,16
CUST1284,16
CUST4400,16
CUST7048,16
CUST5617,16
CUST7672,16
CUST1299,16
CUST7934,16
CUST2106,16
CUST7524,16
CUST4081,16
CUST8566,16
CUST2353,16
CUST8406,16
CUST5757,16
CUST2702,16
CUST4994,16
CUST2156,16
CUST1782,16
CUST7355,16
CUST1173,16
CUST8887,16
CUST6527,16
CUST3964,16
CUST4757,16
CUST9841,16
CUST9375,16
CUST3780,16
CUST4776,16
CUST7165,16
CUST5891,16
CUST8486,16
CUST8539,16
CUST9411,16
CUST9237,16
CUST4507,16
CUST1906,16
CUST3725,16
CUST3433,16
CUST6334,16
CUST9095,16
CUST9334,16
CUST7299,16
CUST7597,16
CUST6517,16
CUST7730,16
CUST8170,16
CUST7731,16
CUST5096,16
CUST7115,16
CUST3406,16
CUST4548,16
CUST9374,16
CUST7840,16
CUST4353,16
CUST5613,16
CUST3893,16
CUST3676,16
CUST2822,16
CUST8069,16
CUST2373,16
CUST9908,16
CUST2829,16
CUST7374,16
CUST5001,16
CUST9049,16
CUST8540,16
CUST7466,16
CUST5317,16
CUST5667,16
CUST1657,16
CUST7591,16
CUST5036,16
CUST5550,16
CUST4865,16
CUST6294,16
CUST5492,16
CUST4010,16
CUST3585,16
CUST9408,16
CUST3928,16
CUST8606,16
CUST1609,16
CUST5583,16
CUST5520,16
CUST4817,16
CUST5542,16
CUST1243,16
CUST4588,16
CUST4289,16
CUST3165,16
CUST9221,16
CUST4418,16
CUST5554,16
CUST3445,16
CUST7028,16
CUST6991,16
CUST2694,15
CUST8323,15
CUST2344,15
CUST6909,15
CUST4070,15
CUST2468,15
CUST5933,15
CUST7437,15
CUST2976,15
CUST4155,15
CUST4677,15
CUST7543,15
CUST6190,15
CUST2805,15
CUST8129,15
CUST8669,15
CUST6907,15
CUST3219,15
CUST8357,15
CUST2316,15
CUST1714,15
CUST5922,15
CUST5775,15
CUST9016,15
CUST1995,15
CUST9569,15
CUST3302,15
CUST7388,15
CUST2001,15
CUST3921,15
CUST9046,15
CUST5379,15
CUST3623,15
CUST9366,15
CUST2406,15
CUST5183,15
CUST3690,15
CUST7574,15
CUST4436,15
CUST2256,15
CUST8845,15
CUST6510,15
CUST1777,15
CUST9673,15
CUST9698,15
CUST9646,15
CUST3826,15
CUST4053,15
CUST1072,15
CUST5437,15
CUST2908,15
CUST5615,15
CUST4781,15
CUST1486,15
CUST5287,15
CUST3560,15
CUST8112,15
CUST1738,15
CUST6993,15
CUST6340,15
CUST8496,15
CUST9019,15
CUST8878,15
CUST5338,15
CUST3479,15
CUST7290,15
CUST9109,15
CUST9827,15
CUST3758,15
CUST9398,15
CUST7623,15
CUST8890,15
CUST5315,15
CUST5389,15
CUST5305,15
CUST5026,15
CUST8193,15
CUST8039,15
CUST8336,15
CUST2922,15
CUST7236,15
CUST8511,15
CUST8230,15
CUST8479,15
CUST4749,15
CUST2529,15
CUST9509,15
CUST1227,15
CUST1471,15
CUST7960,15
CUST2723,15
CUST1385,15
CUST8102,15
CUST7363,15
CUST3480,15
CUST1439,15
CUST8628,15
CUST5913,15
CUST9306,15
CUST2107,15
CUST9133,15
CUST6353,15
CUST3865,15
CUST8571,15
CUST3243,15
CUST3523,15
CUST5806,15
CUST6873,15
CUST3385,15
CUST2093,15
CUST7804,15
CUST2229,15
CUST7870,15
CUST5625,15
CUST6426,15
CUST2862,15
CUST6855,15
CUST5808,15
CUST8123,15
CUST2152,15
CUST6253,15
CUST7775,15
CUST1768,15
CUST7102,15
CUST5276,15
CUST3749,15
CUST8616,15
CUST7149,15
CUST1195,15
CUST9802,15
CUST7948,15
CUST4641,15
CUST2228,15
CUST1483,15
CUST2076,15
CUST3072,15
CUST9606,15
CUST3320,15
CUST2817,15
CUST4951,15
CUST6878,15
CUST4927,15
CUST6341,15
CUST7542,15
CUST5051,15
CUST9289,15
CUST4550,15
CUST5278,15
CUST6682,15
CUST6234,15
CUST2301,15
CUST4522,15
CUST6687,15
CUST1898,15
CUST9384,15
CUST4600,15
CUST8447,15
CUST2134,15
CUST1585,15
CUST2453,15
CUST2893,15
CUST6466,15
CUST8014,15
CUST6188,15
CUST5830,15
CUST3791,15
CUST8950,15
CUST8449,15
CUST3227,15
CUST9008,15
CUST9043,15
CUST3636,15
CUST3476,15
CUST4892,15
CUST3069,15
CUST9653,15
CUST2097,15
CUST1640,15
CUST7268,15
CUST8173,15
CUST7729,15
CUST4770,15
CUST2133,15
CUST3103,15
CUST5342,15
CUST9462,15
CUST4027,15
CUST1187,15
CUST7709,15
CUST1500,15
CUST1151,15
CUST4050,15
CUST4387,15
CUST7943,15
CUST9380,15
CUST6509,15
CUST4468,15
CUST6751,15
CUST4524,15
CUST3796,15
CUST2742,15
CUST9274,15
CUST6966,15
CUST2710,15
CUST4649,15
CUST9200,15
CUST8140,15
CUST9901,15
CUST8739,15
CUST5728,15
CUST1332,15
CUST4643,15
CUST3346,15
CUST6786,15
CUST9021,15
CUST3915,15
CUST1644,15
CUST5324,15
CUST7298,15
CUST7234,15
CUST1309,15
CUST1612,15
CUST5885,15
CUST1997,15
CUST6674,15
CUST5874,15
CUST2458,15
CUST5140,15
CUST8033,15
CUST7843,15
CUST5742,15
CUST2965,15
CUST9919,15
CUST5562,15
CUST9856,15
CUST2528,15
CUST6528,15
CUST8612,15
CUST8206,15
CUST8531,15
CUST6864,15
CUST4842,15
CUST2123,15
CUST7593,15
CUST7301,15
CUST2281,15
CUST1606,15
CUST5129,15
CUST5429,15
CUST8944,15
CUST7947,15
CUST6655,15
CUST3262,15
CUST6996,15
CUST2635,15
CUST1646,15
CUST6857,15
CUST5543,15
CUST1839,15
CUST1341,15
CUST8155,15
CUST2288,15
CUST7939,15
CUST1887,15
CUST8973,15
CUST9765,15
CUST5911,15
CUST9589,15
CUST1517,15
CUST2800,15
CUST7861,15
CUST9500,15
CUST9392,15
CUST8214,15
CUST7453,15
CUST7438,15
CUST5990,15
CUST4633,15
CUST3414,15
CUST3401,15
CUST1591,15
CUST3087,15
CUST7646,15
CUST6766,15
CUST8063,15
CUST4168,15
CUST4953,15
CUST1741,15
CUST2795,15
CUST4679,15
CUST3205,15
CUST1524,15
CUST6273,15
CUST7762,15
CUST6281,15
CUST8268,15
CUST4232,15
CUST4004,15
CUST5057,15
CUST8640,15
CUST4275,15
CUST8415,15
CUST1769,15
CUST9978,15
CUST3372,15
CUST8020,15
CUST2305,15
CUST4774,15
CUST9171,15
CUST7328,15
CUST5513,15
CUST6695,15
CUST8404,15
CUST9307,15
CUST8577,15
CUST9290,15
CUST6955,15
CUST7427,15
CUST3431,15
CUST9977,15
CUST4443,15
CUST6279,15
CUST8244,15
CUST1822,15
CUST3855,15
CUST6437,15
CUST7208,15
CUST2136,15
CUST5059,15
CUST3953,15
CUST1960,15
CUST7396,15
CUST5345,15
CUST5727,15
CUST4342,15
CUST7850,15
CUST6258,15
CUST8975,15
CUST1718,15
CUST1596,15
CUST7113,15
CUST1408,15
CUST1903,15
CUST6071,15
CUST2300,15
CUST3643,15
CUST6409,15
CUST6139,15
CUST1572,15
CUST4602,15
CUST3100,15
CUST9397,15
CUST4444,15
CUST6228,15
CUST3594,15
CUST1888,15
CUST3971,15
CUST4375,15
CUST9230,15
CUST4166,15
CUST3527,15
CUST9624,15
CUST7457,15
CUST9605,15
CUST1773,15
CUST8387,15
CUST6008,15
CUST7708,15
CUST1907,15
CUST4694,15
CUST8154,15
CUST7500,15
CUST1491,15
CUST2111,15
CUST6940,15
CUST4869,15
CUST4938,15
CUST1393,15
CUST9518,15
CUST6685,15
CUST3410,15
CUST6918,15
CUST4133,15
CUST8976,15
CUST3696,15
CUST6976,15
CUST7903,15
CUST8941,15
CUST1472,15
CUST8560,15
CUST6805,15
CUST4452,15
CUST4992,15
CUST7246,15
CUST8059,15
CUST6476,15
CUST2964,15
CUST2216,15
CUST4048,15
CUST2438,15
CUST1292,15
CUST7599,15
CUST8698,15
CUST1019,15
CUST5020,15
CUST2132,15
CUST5185,15
CUST3962,15
CUST7326,15
CUST6624,15
CUST4339,15
CUST5590,15
CUST2767,15
CUST4912,15
CUST8371,15
CUST5310,15
CUST5277,15
CUST2917,15
CUST5098,15
CUST3956,15
CUST6776,15
CUST4610,15
CUST2658,15
CUST8224,15
CUST1325,15
CUST8349,15
CUST2298,15
CUST4714,15
CUST9846,15
CUST3490,15
CUST8119,15
CUST5433,15
CUST6964,15
CUST4212,15
CUST2296,15
CUST6180,15
CUST6464,15
CUST5002,15
CUST5164,15
CUST1269,15
CUST1461,15
CUST9667,15
CUST6215,15
CUST8505,15
CUST6483,15
CUST8580,15
CUST6888,15
CUST9165,15
CUST5781,15
CUST1158,15
CUST4335,15
CUST8992,15
CUST6824,15
CUST3273,15
CUST9914,15
CUST3434,15
CUST5611,15
CUST6254,15
CUST2092,15
CUST1378,15
CUST9359,15
CUST7334,15
CUST8418,15
CUST9059,15
CUST7745,15
CUST4950,15
CUST3975,15
CUST9137,15
CUST2096,15
CUST4893,15
CUST4963,15
CUST1128,15
CUST5905,15
CUST6974,15
CUST2424,15
CUST3111,15
CUST4095,15
CUST4657,15
CUST1879,15
CUST1825,15
CUST5786,15
CUST2692,15
CUST4803,15
CUST7201,15
CUST6061,15
CUST5901,15
CUST3306,15
CUST4611,15
CUST2919,15
CUST5552,14
CUST1106,14
CUST2674,14
CUST1847,14
CUST8208,14
CUST7224,14
CUST9130,14
CUST5374,14
CUST8222,14
CUST6193,14
CUST4545,14
CUST5066,14
CUST6701,14
CUST3739,14
CUST2587,14
CUST6897,14
CUST6432,14
CUST4434,14
CUST4309,14
CUST3883,14
CUST6594,14
CUST8108,14
CUST2833,14
CUST9551,14
CUST5125,14
CUST9897,14
CUST8702,14
CUST7338,14
CUST6649,14
CUST6447,14
CUST9981,14
CUST4829,14
CUST5035,14
CUST7228,14
CUST7160,14
CUST5454,14
CUST3988,14
CUST2332,14
CUST4558,14
CUST9534,14
CUST8884,14
CUST5462,14
CUST9787,14
CUST4161,14
CUST7189,14
CUST5638,14
CUST7714,14
CUST1214,14
CUST6597,14
CUST4060,14
CUST4268,14
CUST9444,14
CUST3015,14
CUST9574,14
CUST1136,14
CUST2541,14
CUST8816,14
CUST8491,14
CUST7054,14
CUST3559,14
CUST9264,14
CUST5213,14
CUST5675,14
CUST9748,14
CUST7527,14
CUST5256,14
CUST6638,14
CUST4013,14
CUST5029,14
CUST9938,14
CUST1590,14
CUST7528,14
CUST6378,14
CUST6566,14
CUST4562,14
CUST7584,14
CUST1142,14
CUST4380,14
CUST5843,14
CUST9126,14
CUST9388,14
CUST8638,14
CUST7166,14
CUST6621,14
CUST6167,14
CUST9613,14
CUST6924,14
CUST8081,14
CUST9051,14
CUST7352,14
CUST4190,14
CUST6394,14
CUST5143,14
CUST7670,14
CUST7178,14
CUST1448,14
CUST4847,14
CUST4755,14
CUST8293,14
CUST3022,14
CUST2776,14
CUST4104,14
CUST3042,14
CUST1107,14
CUST9376,14
CUST5999,14
CUST8719,14
CUST1352,14
CUST1715,14
CUST6429,14
CUST1093,14
CUST8899,14
CUST5576,14
CUST5157,14
CUST3255,14
CUST5566,14
CUST5089,14
CUST3126,14
CUST2422,14
CUST4589,14
CUST9879,14
CUST2067,14
CUST4152,14
CUST9877,14
CUST9235,14
CUST5231,14
CUST4765,14
CUST5288,14
CUST5264,14
CUST6644,14
CUST1271,14
CUST2925,14
CUST9831,14
CUST5362,14
CUST7776,14
CUST2841,14
CUST3655,14
CUST6653,14
CUST3146,14
CUST2989,14
CUST2924,14
CUST3166,14
CUST2778,14
CUST3207,14
CUST7007,14
CUST5356,14
CUST5971,14
CUST5985,14
CUST4903,14
CUST2429,14
CUST2200,14
CUST2113,14
CUST1651,14
CUST4145,14
CUST3572,14
CUST2302,14
CUST2825,14
CUST4746,14
CUST1623,14
CUST2190,14
CUST7633,14
CUST3384,14
CUST8284,14
CUST6098,14
CUST5174,14
CUST3380,14
CUST4292,14
CUST1377,14
CUST8448,14
CUST2531,14
CUST4646,14
CUST8399,14
CUST9169,14
CUST5671,14
CUST6206,14
CUST3653,14
CUST5496,14
CUST6787,14
CUST3879,14
CUST5597,14
CUST2691,14
CUST2769,14
CUST3270,14
CUST3622,14
CUST8967,14
CUST2717,14
CUST8643,14
CUST4753,14
CUST9528,14
CUST3142,14
CUST2442,14
CUST5135,14
CUST6296,14
CUST4870,14
CUST7016,14
CUST8557,14
CUST9842,14
CUST5767,14
CUST7777,14
CUST4069,14
CUST3658,14
CUST2548,14
CUST3463,14
CUST1119,14
CUST6716,14
CUST1034,14
CUST2926,14
CUST1057,14
CUST7719,14
CUST2417,14
CUST9308,14
CUST5844,14
CUST4110,14
CUST7406,14
CUST2639,14
CUST2394,14
CUST4297,14
CUST4084,14
CUST8792,14
CUST1931,14
CUST4502,14
CUST6183,14
CUST9310,14
CUST5067,14
CUST5582,14
CUST7128,14
CUST6248,14
CUST5883,14
CUST8453,14
CUST9665,14
CUST6569,14
CUST6543,14
CUST6482,14
CUST4732,14
CUST5589,14
CUST7157,14
CUST6138,14
CUST1368,14
CUST7539,14
CUST8461,14
CUST4585,14
CUST5082,14
CUST4211,14
CUST3020,14
CUST8130,14
CUST1477,14
CUST2999,14
CUST5448,14
CUST2564,14
CUST8601,14
CUST2118,14
CUST9146,14
CUST8672,14
CUST6412,14
CUST6371,14
CUST6919,14
CUST5117,14
CUST7451,14
CUST1665,14
CUST5572,14
CUST3108,14
CUST7055,14
CUST2257,14
CUST8368,14
CUST8526,14
CUST6606,14
CUST3612,14
CUST7648,14
CUST6723,14
CUST2670,14
CUST7606,14
CUST7563,14
CUST9260,14
CUST1071,14
CUST3381,14
CUST1927,14
CUST6114,14
CUST5467,14
CUST9422,14
CUST5440,14
CUST8712,14
CUST3571,14
CUST8688,14
CUST8559,14
CUST9328,14
CUST6524,14
CUST6818,14
CUST9552,14
CUST3301,14
CUST6085,14
CUST7940,14
CUST6937,14
CUST2686,14
CUST8903,14
CUST9382,14
CUST9355,14
CUST3419,14
CUST3089,14
CUST2797,14
CUST7190,14
CUST9449,14
CUST7726,14
CUST7505,14
CUST6115,14
CUST4083,14
CUST3171,14
CUST3127,14
CUST1824,14
CUST9305,14
CUST4125,14
CUST6148,14
CUST9598,14
CUST5072,14
CUST8146,14
CUST2646,14
CUST7057,14
CUST3077,14
CUST7058,14
CUST6129,14
CUST8172,14
CUST5102,14
CUST1423,14
CUST2109,14
CUST8910,14
CUST1820,14
CUST9504,14
CUST8171,14
CUST4185,14
CUST7291,14
CUST1241,14
CUST8602,14
CUST7222,14
CUST8306,14
CUST1388,14
CUST2928,14
CUST7991,14
CUST9609,14
CUST1024,14
CUST1532,14
CUST3160,14
CUST6901,14
CUST7979,14
CUST9132,14
CUST9993,14
CUST2034,14
CUST2148,14
CUST1235,14
CUST9848,14
CUST6078,14
CUST9015,14
CUST3120,14
CUST9745,14
CUST1323,14
CUST6641,14
CUST5764,14
CUST4650,14
CUST4675,14
CUST2809,14
CUST7230,14
CUST7626,14
CUST8953,14
CUST3252,14
CUST4683,14
CUST5352,14
CUST1734,14
CUST5115,14
CUST5918,14
CUST6499,14
CUST4659,14
CUST7889,14
CUST7651,14
CUST2701,14
CUST2002,14
CUST7294,14
CUST9358,14
CUST4139,14
CUST2390,14
CUST1100,14
CUST7983,14
CUST3493,14
CUST1407,14
CUST4427,14
CUST5358,14
CUST5895,14
CUST1417,14
CUST7407,14
CUST2550,14
CUST1084,14
CUST4267,14
CUST5706,14
CUST7247,14
CUST6238,14
CUST7275,14
CUST1145,14
CUST6004,14
CUST6904,14
CUST7381,14
CUST9097,14
CUST2758,14
CUST6523,14
CUST9257,14
CUST6640,14
CUST3679,14
CUST3669,14
CUST7361,14
CUST3172,14
CUST9733,14
CUST9186,14
CUST1268,14
CUST2804,14
CUST8516,14
CUST1297,14
CUST6761,14
CUST8915,14
CUST4608,14
CUST7932,14
CUST7669,14
CUST7119,14
CUST5414,14
CUST2462,14
CUST6633,14
CUST3303,14
CUST5285,14
CUST4734,14
CUST3201,14
CUST7349,14
CUST4029,14
CUST9404,14
CUST4551,14
CUST7468,14
CUST2059,14
CUST1868,14
CUST5054,14
CUST7278,14
CUST3047,14
CUST1030,14
CUST1096,14
CUST4613,14
CUST2843,14
CUST7800,14
CUST1476,14
CUST4181,14
CUST7662,14
CUST2416,14
CUST4546,14
CUST7202,14
CUST2315,14
CUST6383,14
CUST6229,14
CUST8475,14
CUST8738,14
CUST5975,14
CUST5262,14
CUST5558,14
CUST1911,14
CUST1813,14
CUST9013,14
CUST1375,14
CUST5789,14
CUST7031,14
CUST4435,14
CUST5205,14
CUST1020,14
CUST5647,14
CUST1690,14
CUST8320,14
CUST4609,14
CUST1507,14
CUST3703,14
CUST4367,14
CUST5612,14
CUST1302,14
CUST3223,14
CUST4673,14
CUST1659,14
CUST1508,14
CUST6688,14
CUST4908,14
CUST4055,14
CUST6049,14
CUST1356,14
CUST7698,14
CUST6285,14
CUST2715,14
CUST3787,14
CUST4030,14
CUST5176,14
CUST1515,14
CUST4554,14
CUST4715,14
CUST1061,14
CUST1710,14
CUST9984,14
CUST6192,14
CUST3423,14
CUST7944,14
CUST5940,14
CUST9182,14
CUST9231,14
CUST1354,14
CUST3846,14
CUST2478,14
CUST5081,14
CUST6630,14
CUST6733,14
CUST7767,14
CUST8591,14
CUST5093,14
CUST8403,14
CUST9183,14
CUST2848,14
CUST8589,14
CUST8096,14
CUST2159,14
CUST1183,14
CUST9064,14
CUST1318,14
CUST6616,14
CUST5718,14
CUST4639,14
CUST8295,14
CUST2446,14
CUST3344,14
CUST5347,14
CUST8046,14
CUST2840,14
CUST6573,14
CUST4470,14
CUST7126,14
CUST4206,14
CUST7513,14
CUST7588,14
CUST1196,14
CUST5739,14
CUST1023,14
CUST2703,14
CUST9061,14
CUST2812,14
CUST2258,14
CUST6575,14
CUST3671,14
CUST7913,14
CUST8034,14
CUST2983,14
CUST7998,14
CUST6854,14
CUST7244,14
CUST8381,14
CUST7819,14
CUST2427,14
CUST6241,14
CUST9225,14
CUST2764,14
CUST2380,14
CUST1460,14
CUST5927,14
CUST3365,14
CUST3593,14
CUST2847,14
CUST6185,14
CUST7520,14
CUST9372,14
CUST4808,14
CUST3484,14
CUST6202,14
CUST1540,14
CUST1466,14
CUST9247,14
CUST5749,14
CUST2616,14
CUST7677,14
CUST2766,14
CUST2085,14
CUST6853,14
CUST3065,14
CUST5229,14
CUST3885,14
CUST9548,14
CUST5701,14
CUST7414,14
CUST3196,14
CUST8369,14
CUST1894,14
CUST6629,14
CUST8035,14
CUST2419,14
CUST5569,14
CUST3565,14
CUST7600,14
CUST6362,14
CUST4113,14
CUST4921,14
CUST5191,14
CUST9401,14
CUST1988,14
CUST2058,14
CUST8652,14
CUST7082,14
CUST6705,14
CUST8185,14
CUST8568,14
CUST6561,14
CUST9299,14
CUST9920,14
CUST7523,14
CUST4204,14
CUST3416,14
CUST8795,14
CUST8938,14
CUST5852,14
CUST4580,14
CUST4791,14
CUST7841,14
CUST9037,14
CUST8946,14
CUST6744,14
CUST8015,14
CUST3721,14
CUST4458,14
CUST4032,14
CUST8107,14
CUST3109,14
CUST8986,14
CUST8697,14
CUST5841,14
CUST7852,14
CUST9056,14
CUST3444,14
CUST1157,14
CUST5740,14
CUST2895,14
CUST2953,14
CUST7070,14
CUST2552,14
CUST4481,14
CUST9669,14
CUST5119,14
CUST3834,14
CUST9179,14
CUST3726,14
CUST3958,14
CUST2750,14
CUST5373,14
CUST5812,14
CUST8471,14
CUST8080,14
CUST7481,14
CUST7674,14
CUST9432,14
CUST5656,14
CUST7982,14
CUST8190,14
CUST7656,14
CUST4482,14
CUST4793,14
CUST1210,14
CUST4735,14
CUST2578,14
CUST9907,14
CUST1732,14
CUST6651,14
CUST5560,14
CUST5805,14
CUST4708,14
CUST9556,14
CUST9772,14
CUST8071,14
CUST2354,14
CUST2260,14
CUST5903,14
CUST1202,14
CUST3778,14
CUST6339,14
CUST1555,14
CUST9033,14
CUST5275,14
CUST6313,14
CUST6930,14
CUST7549,14
CUST4248,14
CUST5068,14
CUST9991,14
CUST9647,14
CUST4645,14
CUST3352,14
CUST8032,14
CUST2697,14
CUST3200,14
CUST1685,14
CUST2267,14
CUST4407,14
CUST8971,14
CUST2250,14
CUST7265,14
CUST2574,14
CUST1231,14
CUST9694,14
CUST6514,13
CUST2359,13
CUST8522,13
CUST5835,13
CUST2476,13
CUST7194,13
CUST5957,13
CUST3323,13
CUST3783,13
CUST6841,13
CUST2222,13
CUST5335,13
CUST7405,13
CUST2325,13
CUST2561,13
CUST3182,13
CUST5717,13
CUST8027,13
CUST1805,13
CUST5370,13
CUST9353,13
CUST8894,13
CUST3624,13
CUST1115,13
CUST8019,13
CUST6977,13
CUST4764,13
CUST4964,13
CUST9585,13
CUST6498,13
CUST7639,13
CUST2654,13
CUST1916,13
CUST9785,13
CUST3229,13
CUST7000,13
CUST1498,13
CUST6196,13
CUST3274,13
CUST5390,13
CUST5037,13
CUST7447,13
CUST3118,13
CUST5587,13
CUST6009,13
CUST1873,13
CUST7914,13
CUST1453,13
CUST7139,13
CUST7842,13
CUST9420,13
CUST4804,13
CUST8724,13
CUST5344,13
CUST5907,13
CUST6563,13
CUST8656,13
CUST6916,13
CUST8121,13
CUST8933,13
CUST9779,13
CUST6169,13
CUST8216,13
CUST9596,13
CUST1334,13
CUST3531,13
CUST9850,13
CUST8432,13
CUST3063,13
CUST4719,13
CUST4244,13
CUST7845,13
CUST6045,13
CUST1808,13
CUST2752,13
CUST2035,13
CUST4859,13
CUST1217,13
CUST2364,13
CUST6722,13
CUST5864,13
CUST8693,13
CUST5040,13
CUST8405,13
CUST1440,13
CUST2735,13
CUST1725,13
CUST6012,13
CUST5983,13
CUST9979,13
CUST9177,13
CUST7020,13
CUST2656,13
CUST8510,13
CUST3486,13
CUST9425,13
CUST4250,13
CUST2884,13
CUST3159,13
CUST1046,13
CUST4362,13
CUST4428,13
CUST1160,13
CUST5501,13
CUST6707,13
CUST2796,13
CUST1771,13
CUST3266,13
CUST9317,13
CUST5447,13
CUST3606,13
CUST7156,13
CUST3668,13
CUST8872,13
CUST4569,13
CUST7261,13
CUST5919,13
CUST9755,13
CUST4224,13
CUST1132,13
CUST1359,13
CUST1919,13
CUST3609,13
CUST4162,13
CUST2290,13
CUST1949,13
CUST7056,13
CUST5266,13
CUST2915,13
CUST2624,13
CUST6327,13
CUST8228,13
CUST6982,13
CUST8504,13
CUST1148,13
CUST5259,13
CUST3813,13
CUST7756,13
CUST3293,13
CUST3788,13
CUST8755,13
CUST7810,13
CUST9986,13
CUST9714,13
CUST8209,13
CUST6656,13
CUST2038,13
CUST9131,13
CUST3424,13
CUST8570,13
CUST6177,13
CUST7496,13
CUST7860,13
CUST1108,13
CUST2787,13
CUST6137,13
CUST7977,13
CUST2582,13
CUST2398,13
CUST8430,13
CUST6736,13
CUST2158,13
CUST7133,13
CUST1770,13
CUST7829,13
CUST5526,13
CUST2916,13
CUST4802,13
CUST2361,13
CUST4940,13
CUST5328,13
CUST5435,13
CUST2818,13
CUST9955,13
CUST3131,13
CUST8732,13
CUST9645,13
CUST2727,13
CUST8058,13
CUST2755,13
CUST6119,13
CUST1687,13
CUST1764,13
CUST5273,13
CUST3260,13
CUST7931,13
CUST1716,13
CUST5621,13
CUST5522,13
CUST4855,13
CUST1859,13
CUST2846,13
CUST6699,13
CUST8549,13
CUST4730,13
CUST6263,13
CUST8379,13
CUST4241,13
CUST2395,13
CUST3485,13
CUST1841,13
CUST4020,13
CUST2142,13
CUST3448,13
CUST2637,13
CUST7801,13
CUST6477,13
CUST2396,13
CUST8760,13
CUST5019,13
CUST9652,13
CUST3549,13
CUST1149,13
CUST8635,13
CUST2425,13
CUST9880,13
CUST8930,13
CUST5640,13
CUST3347,13
CUST7022,13
CUST8720,13
CUST9010,13
CUST3138,13
CUST7411,13
CUST7330,13
CUST1817,13
CUST2788,13
CUST9087,13
CUST4116,13
CUST4385,13
CUST3281,13
CUST2371,13
CUST2237,13
CUST9936,13
CUST8397,13
CUST9479,13
CUST3824,13
CUST3905,13
CUST2740,13
CUST7177,13
CUST4018,13
CUST3128,13
CUST9805,13
CUST7627,13
CUST5399,13
CUST4872,13
CUST4460,13
CUST4349,13
CUST4531,13
CUST7785,13
CUST9516,13
CUST7443,13
CUST1162,13
CUST5280,13
CUST5209,13
CUST7140,13
CUST1447,13
CUST5981,13
CUST1864,13
CUST8089,13
CUST2293,13
CUST9617,13
CUST2452,13
CUST1875,13
CUST5637,13
CUST5714,13
CUST2480,13
CUST3327,13
CUST9611,13
CUST6987,13
CUST3056,13
CUST6628,13
CUST2235,13
CUST5238,13
CUST6083,13
CUST8919,13
CUST7805,13
CUST4420,13
CUST8857,13
CUST1011,13
CUST3035,13
CUST2276,13
CUST2037,13
CUST4176,13
CUST2251,13
CUST6456,13
CUST6562,13
CUST2162,13
CUST6932,13
CUST8309,13
CUST2593,13
CUST6389,13
CUST3961,13
CUST2244,13
CUST1577,13
CUST5886,13
CUST8004,13
CUST9205,13
CUST6103,13
CUST3318,13
CUST1099,13
CUST6702,13
CUST4414,13
CUST8354,13
CUST2234,13
CUST5431,13
CUST5193,13
CUST6101,13
CUST5177,13
CUST9390,13
CUST6934,13
CUST9031,13
CUST7882,13
CUST2426,13
CUST9853,13
CUST8811,13
CUST6796,13
CUST8270,13
CUST1451,13
CUST7382,13
CUST8888,13
CUST8858,13
CUST8500,13
CUST2980,13
CUST3082,13
CUST1138,13
CUST2678,13
CUST2463,13
CUST7418,13
CUST5397,13
CUST5967,13
CUST9184,13
CUST9564,13
CUST1073,13
CUST9143,13
CUST8924,13
CUST1953,13
CUST5659,13
CUST3960,13
CUST8411,13
CUST6712,13
CUST5976,13
CUST3094,13
CUST4012,13
CUST4025,13
CUST3265,13
CUST6731,13
CUST1857,13
CUST6249,13
CUST2870,13
CUST3686,13
CUST3930,13
CUST1094,13
CUST5146,13
CUST3727,13
CUST9456,13
CUST7937,13
CUST3093,13
CUST2083,13
CUST9209,13
CUST9568,13
CUST6643,13
CUST1618,13
CUST6002,13
CUST3090,13
CUST7694,13
CUST8680,13
CUST4421,13
CUST6593,13
CUST7317,13
CUST1490,13
CUST9883,13
CUST8197,13
CUST3901,13
CUST6538,13
CUST9944,13
CUST2956,13
CUST8865,13
CUST2015,13
CUST9212,13
CUST3626,13
CUST5846,13
CUST3952,13
CUST6070,13
CUST7445,13
CUST2343,13
CUST5033,13
CUST7615,13
CUST4853,13
CUST6718,13
CUST1152,13
CUST6406,13
CUST4473,13
CUST5596,13
CUST5403,13
CUST9573,13
CUST7030,13
CUST4271,13
CUST7495,13
CUST6968,13
CUST3054,13
CUST1576,13
CUST1957,13
CUST1396,13
CUST7693,13
CUST4697,13
CUST7688,13
CUST9057,13
CUST7436,13
CUST3618,13
CUST6478,13
CUST5660,13
CUST8331,13
CUST8167,13
CUST8948,13
CUST6299,13
CUST8329,13
CUST8813,13
CUST3402,13
CUST7802,13
CUST4105,13
CUST9396,13
CUST1457,13
CUST7568,13
CUST1862,13
CUST7463,13
CUST8729,13
CUST5006,13
CUST3957,13
CUST8160,13
CUST9782,13
CUST1058,13
CUST8057,13
CUST2161,13
CUST8258,13
CUST7348,13
CUST6224,13
CUST4201,13
CUST9083,13
CUST7033,13
CUST9875,13
CUST1042,13
CUST7397,13
CUST8740,13
CUST4057,13
CUST2309,13
CUST1849,13
CUST1688,13
CUST2960,13
CUST6617,13
CUST8737,13
CUST5299,13
CUST1025,13
CUST9515,13
CUST4401,13
CUST6625,13
CUST4902,13
CUST4361,13
CUST1844,13
CUST4303,13
CUST1041,13
CUST8460,13
CUST9538,13
CUST7429,13
CUST2675,13
CUST1290,13
CUST3238,13
CUST5664,13
CUST7917,13
CUST8470,13
CUST6145,13
CUST2731,13
CUST4321,13
CUST9578,13
CUST7530,13
CUST4213,13
CUST5778,13
CUST2565,13
CUST5409,13
CUST6850,13
CUST4068,13
CUST1787,13
CUST4075,13
CUST5114,13
CUST5698,13
CUST5896,13
CUST1802,13
CUST8921,13
CUST6096,13
CUST7043,13
CUST7385,13
CUST5094,13
CUST1925,13
CUST6956,13
CUST5206,13
CUST8327,13
CUST1686,13
CUST4302,13
CUST3986,13
CUST8654,13
CUST3150,13
CUST3195,13
CUST6551,13
CUST4648,13
CUST7439,13
CUST7750,13
CUST6799,13
CUST8408,13
CUST6191,13
CUST5265,13
CUST6326,13
CUST3048,13
CUST1033,13
CUST1387,13
CUST4728,13
CUST7284,13
CUST8905,13
CUST3105,13
CUST4526,13
CUST9750,13
CUST2191,13
CUST1699,13
CUST7538,13
CUST7945,13
CUST8370,13
CUST1781,13
CUST3203,13
CUST4863,13
CUST4449,13
CUST8836,13
CUST1135,13
CUST6746,13
CUST9921,13
CUST1999,13
CUST3328,13
CUST7215,13
CUST1974,13
CUST8360,13
CUST7398,13
CUST3938,13
CUST1406,13
CUST4441,13
CUST5565,13
CUST8807,13
CUST7536,13
CUST5148,13
CUST9539,13
CUST6952,13
CUST4347,13
CUST2314,13
CUST5060,13
CUST5430,13
CUST1939,13
CUST8272,13
CUST5369,13
CUST1032,13
CUST9731,13
CUST2065,13
CUST5095,13
CUST3698,13
CUST2444,13
CUST6753,13
CUST8477,13
CUST8711,13
CUST8191,13
CUST7200,13
CUST3513,13
CUST8292,13
CUST2254,13
CUST3650,13
CUST7980,13
CUST9536,13
CUST9723,13
CUST6588,13
CUST8796,13
CUST2889,13
CUST6425,13
CUST8088,13
CUST3981,13
CUST1327,13
CUST2726,13
CUST9492,13
CUST5710,13
CUST5047,13
CUST6235,13
CUST3095,13
CUST9409,13
CUST5008,13
CUST8018,13
CUST4005,13
CUST2856,13
CUST2668,13
CUST9882,13
CUST8759,13
CUST2389,13
CUST8066,13
CUST2661,13
CUST1702,13
CUST2110,13
CUST5181,13
CUST6579,13
CUST1519,13
CUST4228,13
CUST5024,13
CUST6618,13
CUST6961,13
CUST1760,13
CUST2783,13
CUST8978,13
CUST8989,13
CUST8583,13
CUST6889,13
CUST5873,13
CUST9476,13
CUST5322,13
CUST1164,13
CUST7207,13
CUST7684,13
CUST8466,13
CUST3007,13
CUST9437,13
CUST6231,13
CUST9740,13
CUST3882,13
CUST4654,13
CUST5909,13
CUST7456,13
CUST1684,13
CUST5762,13
CUST5346,13
CUST1877,13
CUST8113,13
CUST3973,13
CUST8245,13
CUST3610,13
CUST8912,13
CUST9159,13
CUST9494,13
CUST3851,13
CUST4143,13
CUST6143,13
CUST5127,13
CUST2572,13
CUST4154,13
CUST8590,13
CUST7087,13
CUST1181,13
CUST8300,13
CUST7143,13
CUST6037,13
CUST6355,13
CUST6111,13
CUST3977,13
CUST3940,13
CUST6034,13
CUST4368,13
CUST2879,13
CUST4495,13
CUST2194,13
CUST5518,13
CUST3415,13
CUST8715,13
CUST3798,13
CUST2435,13
CUST5133,13
CUST8429,13
CUST9972,13
CUST2530,13
CUST6491,13
CUST5649,13
CUST3520,13
CUST5700,13
CUST6737,13
CUST9281,13
CUST2475,13
CUST3052,13
CUST9418,13
CUST2937,13
CUST7650,13
CUST4663,13
CUST7690,13
CUST6700,13
CUST7858,13
CUST4243,13
CUST1615,13
CUST2008,13
CUST5400,13
CUST1358,13
CUST3518,13
CUST1756,13
CUST6337,13
CUST1414,13
CUST7025,13
CUST3451,13
CUST2447,13
CUST7389,13
CUST4467,13
CUST5225,13
CUST8785,13
CUST7121,13
CUST3188,13
CUST4590,13
CUST2696,13
CUST1795,13
CUST9261,13
CUST6939,13
CUST8060,13
CUST9508,13
CUST1281,13
CUST4724,13
CUST4262,13
CUST4072,13
CUST4209,13
CUST7581,13
CUST8750,13
CUST7671,13
CUST6586,13
CUST3325,13
CUST5783,13
CUST6953,13
CUST8474,13
CUST3896,13
CUST5860,13
CUST7576,13
CUST1291,13
CUST4343,13
CUST2268,13
CUST9302,13
CUST5064,13
CUST9054,13
CUST8660,13
CUST4717,13
CUST9283,13
CUST8862,13
CUST5715,13
CUST5480,13
CUST1310,13
CUST5286,13
CUST8220,13
CUST7221,13
CUST3969,13
CUST5212,13
CUST3820,13
CUST8605,13
CUST7609,13
CUST5619,13
CUST6979,13
CUST2736,13
CUST3862,13
CUST5137,13
CUST7851,13
CUST1044,13
CUST4402,13
CUST3036,13
CUST5104,13
CUST5598,13
CUST6825,13
CUST9011,13
CUST5876,13
CUST4684,13
CUST6486,13
CUST8696,13
CUST6421,13
CUST5890,13
CUST9700,13
CUST6140,13
CUST2741,13
CUST5499,13
CUST4919,13
CUST9702,13
CUST6255,13
CUST9267,13
CUST4087,13
CUST1667,13
CUST5031,13
CUST6615,13
CUST5201,13
CUST2676,13
CUST7857,13
CUST4586,13
CUST3192,13
CUST9524,13
CUST9761,13
CUST7280,13
CUST3231,13
CUST4187,13
CUST1293,13
CUST8713,13
CUST8794,13
CUST3441,13
CUST7846,13
CUST7039,13
CUST3456,13
CUST1475,13
CUST5471,13
CUST2269,13
CUST1493,13
CUST7504,13
CUST5987,13
CUST6887,13
CUST3898,13
CUST7879,13
CUST3959,13
CUST1455,13
CUST9045,13
CUST5263,12
CUST7428,12
CUST5412,12
CUST1488,12
CUST7685,12
CUST8653,12
CUST7076,12
CUST2921,12
CUST3355,12
CUST3615,12
CUST6574,12
CUST1871,12
CUST2169,12
CUST6881,12
CUST6635,12
CUST1595,12
CUST9188,12
CUST6342,12
CUST5681,12
CUST2320,12
CUST5839,12
CUST8428,12
CUST7065,12
CUST2591,12
CUST1469,12
CUST3413,12
CUST7923,12
CUST8576,12
CUST2941,12
CUST8598,12
CUST5101,12
CUST9789,12
CUST6581,12
CUST8822,12
CUST9767,12
CUST7989,12
CUST3156,12
CUST6006,12
CUST7015,12
CUST3232,12
CUST8798,12
CUST1697,12
CUST3718,12
CUST5515,12
CUST3997,12
CUST8881,12
CUST3967,12
CUST6614,12
CUST2324,12
CUST4132,12
CUST3362,12
CUST2745,12
CUST5419,12
CUST6443,12
CUST2036,12
CUST4208,12
CUST7205,12
CUST8105,12
CUST8029,12
CUST1076,12
CUST5190,12
CUST9819,12
CUST8495,12
CUST5468,12
CUST3990,12
CUST7722,12
CUST6233,12
CUST5270,12
CUST6367,12
CUST9763,12
CUST5929,12
CUST4446,12
CUST6026,12
CUST7642,12
CUST5470,12
CUST5833,12
CUST3875,12
CUST1449,12
CUST5408,12
CUST5250,12
CUST1120,12
CUST5360,12
CUST1223,12
CUST8116,12
CUST2902,12
CUST9807,12
CUST7464,12
CUST5295,12
CUST7242,12
CUST7086,12
CUST2294,12
CUST9699,12
CUST3768,12
CUST9381,12
CUST6198,12
CUST8251,12
CUST8305,12
CUST8777,12
CUST7173,12
CUST3837,12
CUST8662,12
CUST8047,12
CUST9915,12
CUST8791,12
CUST6155,12
CUST7482,12
CUST3340,12
CUST6291,12
CUST1304,12
CUST9457,12
CUST5023,12
CUST6087,12
CUST7812,12
CUST7967,12
CUST6777,12
CUST9116,12
CUST6489,12
CUST2936,12
CUST9893,12
CUST5493,12
CUST4221,12
CUST2898,12
CUST7713,12
CUST3627,12
CUST3000,12
CUST6836,12
CUST9934,12
CUST6220,12
CUST4305,12
CUST4830,12
CUST8529,12
CUST4326,12
CUST4270,12
CUST9383,12
CUST9899,12
CUST2496,12
CUST3189,12
CUST4160,12
CUST8769,12
CUST1910,12
CUST2746,12
CUST7965,12
CUST7909,12
CUST3732,12
CUST4283,12
CUST8805,12
CUST8594,12
CUST2647,12
CUST5521,12
CUST9123,12
CUST2609,12
CUST2075,12
CUST1045,12
CUST3140,12
CUST5960,12
CUST1081,12
CUST8820,12
CUST6647,12
CUST5639,12
CUST7412,12
CUST1739,12
CUST3708,12
CUST3290,12
CUST1742,12
CUST4965,12
CUST5407,12
CUST1105,12
CUST7367,12
CUST3793,12
CUST6714,12
CUST6542,12
CUST9662,12
CUST9695,12
CUST8091,12
CUST3709,12
CUST5834,12
CUST7792,12
CUST3059,12
CUST4074,12
CUST8364,12
CUST4852,12
CUST5680,12
CUST8340,12
CUST9354,12
CUST4406,12
CUST6817,12
CUST1278,12
CUST9925,12
CUST8337,12
CUST8375,12
CUST5217,12
CUST2221,12
CUST8052,12
CUST1172,12
CUST5290,12
CUST9659,12
CUST4109,12
CUST9830,12
CUST7891,12
CUST2944,12
CUST1587,12
CUST1002,12
CUST6990,12
CUST3363,12
CUST1637,12
CUST8343,12
CUST9140,12
CUST7784,12
CUST6492,12
CUST7715,12
CUST3814,12
CUST3226,12
CUST3348,12
CUST3011,12
CUST9623,12
CUST1581,12
CUST4001,12
CUST3008,12
CUST8445,12
CUST8414,12
CUST8476,12
CUST5795,12
CUST2709,12
CUST4058,12
CUST4260,12
CUST4079,12
CUST2730,12
CUST3821,12
CUST3963,12
CUST1479,12
CUST7494,12
CUST5208,12
CUST2907,12
CUST1800,12
CUST6698,12
CUST9272,12
CUST4291,12
CUST6657,12
CUST7185,12
CUST1459,12
CUST3666,12
CUST8451,12
CUST4573,12
CUST2761,12
CUST3283,12
CUST1761,12
CUST3018,12
CUST8413,12
CUST2203,12
CUST5628,12
CUST8834,12
CUST6726,12
CUST6232,12
CUST6763,12
CUST5482,12
CUST5897,12
CUST3049,12
CUST8856,12
CUST1422,12
CUST6869,12
CUST8031,12
CUST4704,12
CUST3984,12
CUST8198,12
CUST6604,12
CUST4218,12
CUST8870,12
CUST7034,12
CUST6209,12
CUST9249,12
CUST9648,12
CUST2179,12
CUST3660,12
CUST2247,12
CUST9777,12
CUST5593,12
CUST9625,12
CUST9560,12
CUST8735,12
CUST6927,12
CUST7736,12
CUST4423,12
CUST6623,12
CUST5244,12
CUST8731,12
CUST6237,12
CUST8553,12
CUST1866,12
CUST6495,12
CUST9348,12
CUST3504,12
CUST2832,12
CUST9557,12
CUST1772,12
CUST8851,12
CUST9796,12
CUST2791,12
CUST6230,12
CUST4235,12
CUST6069,12
CUST6095,12
CUST1501,12
CUST5801,12
CUST7692,12
CUST8648,12
CUST6055,12
CUST7442,12
CUST6287,12
CUST5260,12
CUST2431,12
CUST5303,12
CUST2813,12
CUST3950,12
CUST1966,12
CUST8710,12
CUST3455,12
CUST3178,12
CUST1062,12
CUST7151,12
CUST4056,12
CUST5292,12
CUST8182,12
CUST3358,12
CUST8847,12
CUST2786,12
CUST8866,12
CUST9798,12
CUST3353,12
CUST1481,12
CUST7342,12
CUST1049,12
CUST3722,12
CUST4233,12
CUST5553,12
CUST1775,12
CUST3987,12
CUST7127,12
CUST9708,12
CUST7240,12
CUST5831,12
CUST3514,12
CUST6756,12
CUST8278,12
CUST8776,12
CUST2716,12
CUST5392,12
CUST2586,12
CUST2857,12
CUST9468,12
CUST9814,12
CUST9736,12
CUST4799,12
CUST3469,12
CUST4371,12
CUST4180,12
CUST9954,12
CUST1554,12
CUST4374,12
CUST8094,12
CUST6860,12
CUST7638,12
CUST5937,12
CUST7888,12
CUST1757,12
CUST1674,12
CUST8966,12
CUST2831,12
CUST3106,12
CUST3163,12
CUST4097,12
CUST2031,12
CUST2365,12
CUST5545,12
CUST7739,12
CUST1194,12
CUST8690,12
CUST5294,12
CUST9028,12
CUST8801,12
CUST2313,12
CUST3699,12
CUST6487,12
CUST9250,12
CUST5336,12
CUST7855,12
CUST6075,12
CUST3601,12
CUST6424,12
CUST4112,12
CUST7705,12
CUST1569,12
CUST1435,12
CUST9941,12
CUST3333,12
CUST3366,12
CUST6595,12
CUST2513,12
CUST5559,12
CUST4741,12
CUST6553,12
CUST8075,12
CUST2954,12
CUST5120,12
CUST2518,12
CUST9689,12
CUST1484,12
CUST6710,12
CUST6091,12
CUST1143,12
CUST6951,12
CUST8440,12
CUST9386,12
CUST4065,12
CUST9637,12
CUST2867,12
CUST3755,12
CUST3258,12
CUST1166,12
CUST2402,12
CUST5194,12
CUST5627,12
CUST3115,12
CUST5790,12
CUST7047,12
CUST3870,12
CUST6194,12
CUST5105,12
CUST9864,12
CUST4846,12
CUST5712,12
CUST2210,12
CUST5195,12
CUST8365,12
CUST8962,12
CUST6017,12
CUST8716,12
CUST3374,12
CUST1511,12
CUST9362,12
CUST2483,12
CUST9227,12
CUST3299,12
CUST6944,12
CUST5768,12
CUST2894,12
CUST1727,12
CUST9821,12
CUST9012,12
CUST1036,12
CUST7962,12
CUST1964,12
CUST4750,12
CUST1709,12
CUST6336,12
CUST9036,12
CUST5385,12
CUST8002,12
CUST8431,12
CUST2178,12
CUST9304,12
CUST6967,12
CUST4966,12
CUST6742,12
CUST7027,12
CUST1294,12
CUST1446,12
CUST3275,12
CUST2322,12
CUST5648,12
CUST5235,12
CUST3573,12
CUST6582,12
CUST1878,12
CUST1837,12
CUST4592,12
CUST8436,12
CUST7619,12
CUST2629,12
CUST9684,12
CUST6677,12
CUST4796,12
CUST5394,12
CUST4493,12
CUST6089,12
CUST2370,12
CUST9575,12
CUST7747,12
CUST8194,12
CUST7811,12
CUST6496,12
CUST3314,12
CUST4991,12
CUST6019,12
CUST4651,12
CUST6692,12
CUST2063,12
CUST8178,12
CUST8184,12
CUST5939,12
CUST4153,12
CUST4723,12
CUST8389,12
CUST1505,12
CUST2677,12
CUST1528,12
CUST2615,12
CUST4768,12
CUST1744,12
CUST9691,12
CUST4976,12
CUST4062,12
CUST7793,12
CUST6410,12
CUST1296,12
CUST1853,12
CUST7071,12
CUST1416,12
CUST1743,12
CUST2318,12
CUST9739,12
CUST7970,12
CUST5969,12
CUST3949,12
CUST3794,12
CUST3747,12
CUST1116,12
CUST9822,12
CUST6236,12
CUST2930,12
CUST9263,12
CUST3450,12
CUST3864,12
CUST2230,12
CUST7013,12
CUST2855,12
CUST5752,12
CUST3152,12
CUST1545,12
CUST4572,12
CUST9790,12
CUST5955,12
CUST3483,12
CUST1060,12
CUST9039,12
CUST7548,12
CUST4229,12
CUST7559,12
CUST2577,12
CUST9553,12
CUST7345,12
CUST1089,12
CUST7144,12
CUST4337,12
CUST3009,12
CUST3828,12
CUST7272,12
CUST2259,12
CUST7074,12
CUST6801,12
CUST6530,12
CUST1280,12
CUST5416,12
CUST9141,12
CUST1972,12
CUST1514,12
CUST1724,12
CUST3911,12
CUST2705,12
CUST4167,12
CUST1975,12
CUST7399,12
CUST7044,12
CUST9852,12
CUST7544,12
CUST2477,12
CUST4513,12
CUST4163,12
CUST2212,12
CUST8234,12
CUST5243,12
CUST4129,12
CUST4119,12
CUST1342,12
CUST3710,12
CUST5733,12
CUST1064,12
CUST8335,12
CUST5573,12
CUST7296,12
CUST4392,12
CUST9050,12
CUST1175,12
CUST8385,12
CUST4995,12
CUST1470,12
CUST9098,12
CUST8988,12
CUST8434,12
CUST5438,12
CUST6576,12
CUST2774,12
CUST8650,12
CUST9724,12
CUST7390,12
CUST4795,12
CUST2474,12
CUST8437,12
CUST3867,12
CUST2185,12
CUST3183,12
CUST7955,12
CUST6262,12
CUST8126,12
CUST5498,12
CUST7655,12
CUST9622,12
CUST5366,12
CUST7135,12
CUST7184,12
CUST6093,12
CUST4849,12
CUST3339,12
CUST4322,12
CUST5091,12
CUST5743,12
CUST7475,12
CUST3248,12
CUST5186,12
CUST4360,12
CUST8749,12
CUST2604,12
CUST1828,12
CUST9720,12
CUST5380,12
CUST4985,12
CUST8548,12
CUST9776,12
CUST8741,12
CUST8659,12
CUST7681,12
CUST3691,12
CUST6603,12
CUST6792,12
CUST9125,12
CUST4454,12
CUST2346,12
CUST8407,12
CUST9314,12
CUST6157,12
CUST8111,12
CUST1607,12
CUST3766,12
CUST7769,12
CUST2270,12
CUST1653,12
CUST3900,12
CUST9229,12
CUST7743,12
CUST3078,12
CUST5090,12
CUST3329,12
CUST7146,12
CUST3756,12
CUST9009,12
CUST3868,12
CUST9752,12
CUST3759,12
CUST9566,12
CUST9360,12
CUST6848,12
CUST1783,12
CUST9959,12
CUST9786,12
CUST8350,12
CUST7988,12
CUST8055,12
CUST1900,12
CUST7933,12
CUST1489,12
CUST9490,12
CUST7099,12
CUST3389,12
CUST2272,12
CUST6914,12
CUST7657,12
CUST5651,12
CUST4477,12
CUST7636,12
CUST3815,12
CUST9584,12
CUST1383,12
CUST2612,12
CUST1993,12
CUST2434,12
CUST3110,12
CUST2506,12
CUST8728,12
CUST7526,12
CUST3752,12
CUST4690,12
CUST7069,12
CUST9161,12
CUST2526,12
CUST1017,12
CUST3139,12
CUST8951,12
CUST1752,12
CUST2631,12
CUST8009,12
CUST7271,12
CUST9931,12
CUST2094,12
CUST8283,12
CUST5925,12
CUST3291,12
CUST3369,12
CUST4122,12
CUST3492,12
CUST6650,12
CUST4284,12
CUST1920,12
CUST9312,12
CUST9693,12
CUST8085,12
CUST4627,12
CUST8584,12
CUST2781,12
CUST9704,12
CUST5122,12
CUST8987,12
CUST7243,12
CUST1315,12
CUST4352,12
CUST2748,12
CUST6444,12
CUST1610,12
CUST7575,12
CUST7480,12
CUST5074,12
CUST9322,12
CUST7362,12
CUST5112,12
CUST6950,12
CUST1586,12
CUST4059,12
CUST1372,12
CUST7214,12
CUST5055,12
CUST8377,12
CUST6068,12
CUST4871,12
CUST4895,12
CUST1679,12
CUST4147,12
CUST1443,12
CUST4236,12
CUST6840,12
CUST9170,12
CUST3437,12
CUST6295,12
CUST5961,12
CUST6328,12
CUST7553,12
CUST8104,12
CUST4725,12
CUST8480,12
CUST4721,12
CUST9060,12
CUST4076,12
CUST1207,12
CUST8135,12
CUST5319,12
CUST2295,12
CUST4328,12
CUST1749,12
CUST8649,12
CUST8227,12
CUST8556,12
CUST2167,12
CUST1826,12
CUST6870,12
CUST4571,12
CUST3132,12
CUST6828,12
CUST3848,12
CUST1832,12
CUST9771,12
CUST9597,12
CUST7701,12
CUST7008,12
CUST2367,12
CUST1934,12
CUST5318,12
CUST1748,12
CUST5065,12
CUST2053,12
CUST7825,12
CUST2108,12
CUST1713,12
CUST2698,12
CUST8840,12
CUST8159,12
CUST3057,12
CUST7664,12
CUST9854,12
CUST6757,12
CUST8082,12
CUST3141,12
CUST6161,12
CUST2785,12
CUST3693,12
CUST6165,12
CUST4831,12
CUST8907,12
CUST2385,12
CUST2215,12
CUST7041,12
CUST4412,12
CUST1647,12
CUST4422,12
CUST8291,12
CUST8826,12
CUST6133,12
CUST3119,12
CUST9068,12
CUST4924,12
CUST5410,12
CUST3468,12
CUST5078,12
CUST6293,12
CUST4090,12
CUST2482,12
CUST2013,12
CUST7347,12
CUST9162,12
CUST8956,12
CUST9565,12
CUST5272,12
CUST9219,12
CUST3449,12
CUST3869,12
CUST5367,12
CUST4120,12
CUST9680,12
CUST4631,12
CUST3332,12
CUST1719,12
CUST4941,12
CUST9187,12
CUST5956,12
CUST9666,12
CUST9301,12
CUST6307,12
CUST9635,12
CUST5705,12
CUST6797,12
CUST7611,12
CUST8124,12
CUST1566,12
CUST3570,12
CUST9262,12
CUST4450,12
CUST5075,12
CUST3241,12
CUST2981,12
CUST4925,12
CUST4874,12
CUST6189,12
CUST6690,12
CUST8168,12
CUST6216,12
CUST8952,12
CUST2617,12
CUST7366,12
CUST9026,12
CUST6696,12
CUST8674,12
CUST3521,12
CUST2863,12
CUST9824,12
CUST8692,12
CUST3004,12
CUST8883,12
CUST7181,12
CUST3175,12
CUST1682,12
CUST3459,12
CUST1840,12
CUST5731,12
CUST5759,12
CUST4897,12
CUST5556,12
CUST4028,12
CUST2102,12
CUST5923,12
CUST6446,12
CUST3317,12
CUST4490,12
CUST8248,12
CUST5942,12
CUST1728,12
CUST1876,12
CUST4948,12
CUST1698,12
CUST7421,12
CUST3797,12
CUST6276,12
CUST3926,12
CUST9940,12
CUST5153,12
CUST7255,12
CUST7554,12
CUST5025,12
CUST8558,12
CUST7306,12
CUST4514,12
CUST8595,12
CUST3945,12
CUST1458,12
CUST4338,12
CUST9189,12
CUST9443,12
CUST4678,12
CUST6493,12
CUST9900,12
CUST3272,12
CUST1394,12
CUST3772,12
CUST8614,12
CUST2388,12
CUST3282,12
CUST2028,12
CUST1522,12
CUST9474,12
CUST1652,12
CUST9788,12
CUST7171,12
CUST7292,12
CUST3619,12
CUST6983,12
CUST6672,12
CUST1080,12
CUST1786,12
CUST9580,12
CUST8620,12
CUST7081,12
CUST9452,12
CUST6219,12
CUST3638,12
CUST6203,12
CUST5970,12
CUST5485,12
CUST3489,12
CUST4026,12
CUST5421,12
CUST9711,12
CUST8458,12
CUST7172,12
CUST1311,12
CUST1450,12
CUST4637,12
CUST7550,12
CUST6118,12
CUST8189,12
CUST3734,12
CUST6338,12
CUST2900,12
CUST1843,12
CUST5043,12
CUST9378,12
CUST8115,12
CUST2974,12
CUST1886,12
CUST3674,12
CUST1827,12
CUST3425,12
CUST3534,12
CUST9869,12
CUST1298,12
CUST8684,12
CUST4178,12
CUST2264,12
CUST6681,12
CUST6822,12
CUST5519,12
CUST5221,12
CUST4726,12
CUST7987,12
CUST2249,12
CUST4475,12
CUST1721,12
CUST6222,12
CUST7821,12
CUST9561,12
CUST8253,12
CUST5871,12
CUST6729,12
CUST4667,12
CUST2613,12
CUST8246,12
CUST8355,12
CUST9749,12
CUST9224,12
CUST2337,12
CUST7859,12
CUST5214,12
CUST4424,12
CUST5792,12
CUST9202,12
CUST5995,12
CUST6240,12
CUST3134,12
CUST4034,12
CUST6725,12
CUST1929,12
CUST5766,12
CUST7531,12
CUST8954,12
CUST4761,12
CUST2262,12
CUST9368,12
CUST3577,12
CUST9070,12
CUST1915,12
CUST5180,12
CUST2737,12
CUST8235,12
CUST6128,12
CUST8388,12
CUST8097,12
CUST2707,12
CUST9911,12
CUST6912,12
CUST5494,12
CUST4457,12
CUST1668,11
CUST2330,11
CUST4404,11
CUST9042,11
CUST6666,11
CUST1473,11
CUST7241,11
CUST1087,11
CUST4102,11
CUST4747,11
CUST7953,11
CUST6772,11
CUST5106,11
CUST6704,11
CUST1174,11
CUST5635,11
CUST6428,11
CUST4544,11
CUST5650,11
CUST1969,11
CUST7567,11
CUST8743,11
CUST3249,11
CUST6411,11
CUST2880,11
CUST8503,11
CUST6465,11
CUST9905,11
CUST4492,11
CUST9400,11
CUST8217,11
CUST8334,11
CUST2450,11
CUST3944,11
CUST9741,11
CUST7274,11
CUST9602,11
CUST9072,11
CUST9582,11
CUST5777,11
CUST5979,11
CUST7170,11
CUST7476,11
CUST7314,11
CUST4918,11
CUST7621,11
CUST1316,11
CUST2374,11
CUST8683,11
CUST6906,11
CUST5982,11
CUST3847,11
CUST1735,11
CUST2405,11
CUST8850,11
CUST5668,11
CUST8218,11
CUST2505,11
CUST5921,11
CUST8256,11
CUST5005,11
CUST8118,11
CUST3684,11
CUST5309,11
CUST6440,11
CUST4348,11
CUST4525,11
CUST9478,11
CUST2590,11
CUST7460,11
CUST4245,11
CUST3315,11
CUST1301,11
CUST5607,11
CUST1655,11
CUST9732,11
CUST1733,11
CUST4356,11
CUST6162,11
CUST5879,11
CUST9562,11
CUST7372,11
CUST4564,11
CUST6727,11
CUST2538,11
CUST4504,11
CUST7145,11
CUST2544,11
CUST8542,11
CUST5355,11
CUST2733,11
CUST2878,11
CUST9244,11
CUST3294,11
CUST7322,11
CUST5693,11
CUST3501,11
CUST6077,11
CUST7061,11
CUST5632,11
CUST1201,11
CUST6998,11
CUST5444,11
CUST3931,11
CUST8515,11
CUST5351,11
CUST5915,11
CUST2127,11
CUST8179,11
CUST1630,11
CUST9812,11
CUST9329,11
CUST5823,11
CUST7440,11
CUST1381,11
CUST2079,11
CUST7333,11
CUST6461,11
CUST4156,11
CUST7876,11
CUST1627,11
CUST6546,11
CUST2500,11
CUST2003,11
CUST7754,11
CUST3017,11
CUST8676,11
CUST2614,11
CUST3472,11
CUST9158,11
CUST6022,11
CUST9572,11
CUST9268,11
CUST4616,11
CUST7863,11
CUST9403,11
CUST3454,11
CUST5147,11
CUST7798,11
CUST6568,11
CUST6251,11
CUST9547,11
CUST8931,11
CUST3920,11
CUST7472,11
CUST4807,11
CUST3844,11
CUST2021,11
CUST3466,11
CUST6675,11
CUST4943,11
CUST4376,11
CUST2653,11
CUST2304,11
CUST8001,11
CUST5797,11
CUST2914,11
CUST3998,11
CUST9583,11
CUST7975,11
CUST8041,11
CUST6316,11
CUST7425,11
CUST8187,11
CUST6868,11
CUST1989,11
CUST9906,11
CUST8685,11
CUST9618,11
CUST2998,11
CUST8257,11
CUST5049,11
CUST3598,11
CUST2470,11
CUST3649,11
CUST6626,11
CUST3978,11
CUST7570,11
CUST9661,11
CUST9768,11
CUST4577,11
CUST4171,11
CUST4265,11
CUST4293,11
CUST9775,11
CUST6084,11
CUST6490,11
CUST4296,11
CUST5320,11
CUST5842,11
CUST2690,11
CUST7895,11
CUST3688,11
CUST8210,11
CUST9020,11
CUST9286,11
CUST3511,11
CUST3099,11
CUST4883,11
CUST6361,11
CUST1979,11
CUST1008,11
CUST2423,11
CUST6345,11
CUST7040,11
CUST5580,11
CUST7660,11
CUST6835,11
CUST1277,11
CUST5816,11
CUST8961,11
CUST6572,11
CUST4911,11
CUST3802,11
CUST2534,11
CUST1616,11
CUST8581,11
CUST2116,11
CUST8926,11
CUST3446,11
CUST6556,11
CUST6436,11
CUST5958,11
CUST3388,11
CUST5696,11
CUST2725,11
CUST4242,11
CUST9701,11
CUST6056,11
CUST6843,11
CUST7116,11
CUST5155,11
CUST8401,11
CUST7753,11
CUST3233,11
CUST2363,11
CUST9041,11
CUST2524,11
CUST5820,11
CUST4331,11
CUST2514,11
CUST9764,11
CUST3683,11
CUST8136,11
CUST9367,11
CUST9815,11
CUST6445,11
CUST6938,11
CUST5533,11
CUST3831,11
CUST4066,11
CUST2551,11
CUST2010,11
CUST5300,11
CUST3071,11
CUST3399,11
CUST9933,11
CUST6905,11
CUST4007,11
CUST8682,11
CUST9630,11
CUST4395,11
CUST6554,11
CUST1717,11
CUST4378,11
CUST1156,11
CUST2687,11
CUST7911,11
CUST7631,11
CUST4760,11
CUST4207,11
CUST2286,11
CUST5311,11
CUST8464,11
CUST5227,11
CUST6954,11
CUST7519,11
CUST4247,11
CUST5500,11
CUST6471,11
CUST3654,11
CUST7826,11
CUST5211,11
CUST5291,11
CUST3647,11
CUST2868,11
CUST4411,11
CUST8132,11
CUST7410,11
CUST2155,11
CUST6330,11
CUST3886,11
CUST6046,11
CUST8007,11
CUST2232,11
CUST3442,11
CUST3190,11
CUST7336,11
CUST3239,11
CUST4088,11
CUST1256,11
CUST1959,11
CUST8707,11
CUST3121,11
CUST2022,11
CUST5567,11
CUST4405,11
CUST8639,11
CUST9743,11
CUST3644,11
CUST3522,11
CUST5479,11
CUST9559,11
CUST1533,11
CUST1031,11
CUST1774,11
CUST5601,11
CUST2972,11
CUST2650,11
CUST6331,11
CUST3613,11
CUST3487,11
CUST9725,11
CUST9196,11
CUST1693,11
CUST3842,11
CUST5255,11
CUST5070,11
CUST7746,11
CUST7509,11
CUST1007,11
CUST9610,11
CUST7514,11
CUST5092,11
CUST8260,11
CUST7835,11
CUST6821,11
CUST7386,11
CUST1548,11
CUST4591,11
CUST9208,11
CUST2971,11
CUST8269,11
CUST4989,11
CUST4638,11
CUST2311,11
CUST6372,11
CUST5207,11
CUST6738,11
CUST2560,11
CUST7786,11
CUST1882,11
CUST6441,11
CUST7085,11
CUST5017,11
CUST2382,11
CUST4969,11
CUST1295,11
CUST7403,11
CUST4549,11
CUST1564,11
CUST5716,11
CUST8211,11
CUST6782,11
CUST5267,11
CUST5780,11
CUST2610,11
CUST3652,11
CUST8927,11
CUST3043,11
CUST4664,11
CUST9844,11
CUST8281,11
CUST7435,11
CUST5088,11
CUST3662,11
CUST6663,11
CUST9458,11
CUST9957,11
CUST8725,11
CUST9912,11
CUST9834,11
CUST8744,11
CUST4981,11
CUST2588,11
CUST9105,11
CUST9428,11
CUST1692,11
CUST6565,11
CUST7269,11
CUST9884,11
CUST3994,11
CUST5666,11
CUST1634,11
CUST8541,11
CUST1852,11
CUST8727,11
CUST6280,11
CUST5022,11
CUST6023,11
CUST8409,11
CUST5253,11
CUST9604,11
CUST6570,11
CUST1424,11
CUST3420,11
CUST7120,11
CUST2655,11
CUST4594,11
CUST6210,11
CUST1462,11
CUST4665,11
CUST7138,11
CUST7613,11
CUST9838,11
CUST3202,11
CUST8554,11
CUST3923,11
CUST3357,11
CUST8065,11
CUST1571,11
CUST8970,11
CUST2105,11
CUST2771,11
CUST7267,11
CUST6935,11
CUST1004,11
CUST1530,11
CUST7095,11
CUST7321,11
CUST8314,11
CUST8550,11
CUST6578,11
CUST5084,11
CUST4822,11
CUST4438,11
CUST3719,11
CUST4681,11
CUST1344,11
CUST2104,11
CUST4839,11
CUST9047,11
CUST8103,11
CUST2819,11
CUST8175,11
CUST9346,11
CUST2558,11
CUST3554,11
CUST8149,11
CUST4660,11
CUST7068,11
CUST4096,11
CUST7699,11
CUST2372,11
CUST2994,11
CUST6181,11
CUST7420,11
CUST6365,11
CUST2834,11
CUST6463,11
CUST2485,11
CUST3976,11
CUST8084,11
CUST5241,11
CUST8509,11
CUST7680,11
CUST8030,11
CUST3955,11
CUST8972,11
CUST3641,11
CUST5644,11
CUST2620,11
CUST2929,11
CUST6882,11
CUST4583,11
CUST4214,11
CUST6404,11
CUST7062,11
CUST2391,11
CUST7315,11
CUST8844,11
CUST2199,11
CUST7323,11
CUST2634,11
CUST6405,11
CUST7487,11
CUST6837,11
CUST2842,11
CUST3919,11
CUST2151,11
CUST8090,11
CUST7586,11
CUST6268,11
CUST2509,11
CUST1091,11
CUST1746,11
CUST7060,11
CUST5323,11
CUST8898,11
CUST4905,11
CUST7072,11
CUST5755,11
CUST8935,11
CUST6564,11
CUST2950,11
CUST5539,11
CUST4377,11
CUST7938,11
CUST5798,11
CUST1419,11
CUST4929,11
CUST5774,11
CUST2567,11
CUST6503,11
CUST3866,11
CUST5725,11
CUST1670,11
CUST6010,11
CUST5014,11
CUST2549,11
CUST6130,11
CUST2606,11
CUST3550,11
CUST3351,11
CUST1222,11
CUST3336,11
CUST7286,11
CUST6921,11
CUST7925,11
CUST8734,11
CUST7875,11
CUST5980,11
CUST9555,11
CUST8393,11
CUST2146,11
CUST2628,11
CUST9620,11
CUST1662,11
CUST3367,11
CUST9309,11
CUST9918,11
CUST7311,11
CUST7799,11
CUST4671,11
CUST8968,11
CUST9313,11
CUST5337,11
CUST1942,11
CUST7587,11
CUST9668,11
CUST7654,11
CUST6814,11
CUST1117,11
CUST9424,11
CUST3014,11
CUST4798,11
CUST2321,11
CUST3060,11
CUST3705,11
CUST3257,11
CUST6033,11
CUST1203,11
CUST4916,11
CUST1260,11
CUST8513,11
CUST1982,11
CUST7929,11
CUST2643,11
CUST8863,11
CUST3924,11
CUST6274,11
CUST4668,11
CUST4440,11
CUST9758,11
CUST6317,11
CUST9999,11
CUST5326,11
CUST8145,11
CUST3965,11
CUST7789,11
CUST1842,11
CUST8114,11
CUST8852,11
CUST2826,11
CUST1669,11
CUST1600,11
CUST9904,11
CUST7430,11
CUST8383,11
CUST3312,11
CUST2077,11
CUST8842,11
CUST4801,11
CUST3383,11
CUST5785,11
CUST9369,11
CUST8800,11
CUST8675,11
CUST9089,11
CUST7517,11
CUST5099,11
CUST5107,11
CUST5992,11
CUST4140,11
CUST8876,11
CUST7558,11
CUST3751,11
CUST3050,11
CUST8900,11
CUST7132,11
CUST8770,11
CUST2140,11
CUST4393,11
CUST9005,11
CUST8569,11
CUST5575,11
CUST1891,11
CUST9121,11
CUST7578,11
CUST5391,11
CUST4986,11
CUST3966,11
CUST8708,11
CUST7541,11
CUST6536,11
CUST7733,11
CUST9503,11
CUST1283,11
CUST5446,11
CUST1708,11
CUST8784,11
CUST3561,11
CUST3360,11
CUST5748,11
CUST7691,11
CUST7592,11
CUST1400,11
CUST4073,11
CUST4408,11
CUST9234,11
CUST9215,11
CUST6407,11
CUST8507,11
CUST7295,11
CUST8703,11
CUST9730,11
CUST1371,11
CUST9870,11
CUST1361,11
CUST3331,11
CUST9419,11
CUST2072,11
CUST2154,11
CUST7357,11
CUST5388,11
CUST4149,11
CUST7408,11
CUST1402,11
CUST1221,11
CUST4727,11
CUST7625,11
CUST1794,11
CUST6899,11
CUST8645,11
CUST2738,11
CUST7782,11
CUST3704,11
CUST8564,11
CUST6529,11
CUST2471,11
CUST5169,11
CUST2196,11
CUST7941,11
CUST9866,11
CUST8169,11
CUST5505,11
CUST8249,11
CUST9746,11
CUST3616,11
CUST6364,11
CUST5417,11
CUST6472,11
CUST3663,11
CUST2323,11
CUST3430,11
CUST1858,11
CUST2041,11
CUST8344,11
CUST8398,11
CUST8536,11
CUST1765,11
CUST3556,11
CUST2515,11
CUST4946,11
CUST4231,11
CUST7950,11
CUST8609,11
CUST5609,11
CUST4459,11
CUST5800,11
CUST7462,11
CUST4047,11
CUST5917,11
CUST6795,11
CUST7751,11
CUST5497,11
CUST8520,11
CUST9486,11
CUST9525,11
CUST9361,11
CUST7906,11
CUST9962,11
CUST4848,11
CUST3993,11
CUST8829,11
CUST6740,11
CUST7853,11
CUST6816,11
CUST7129,11
CUST8742,11
CUST7834,11
CUST6403,11
CUST7561,11
CUST5329,11
CUST4782,11
CUST5013,11
CUST2946,11
CUST9148,11
CUST6781,11
CUST2494,11
CUST8700,11
CUST5313,11
CUST2009,11
CUST7635,11
CUST9226,11
CUST4823,11
CUST1150,11
CUST9107,11
CUST1798,11
CUST4175,11
CUST8668,11
CUST6947,11
CUST6038,11
CUST5610,11
CUST7111,11
CUST9326,11
CUST2062,11
CUST8762,11
CUST6376,11
CUST2176,11
CUST1397,11
CUST2576,11
CUST8148,11
CUST1539,11
CUST8054,11
CUST9591,11
CUST7112,11
CUST7652,11
CUST9581,11
CUST5491,11
CUST9344,11
CUST9806,11
CUST6970,11
CUST5819,11
CUST4560,11
CUST3217,11
CUST2909,11
CUST3129,11
CUST3858,11
CUST6304,11
CUST4061,11
CUST3133,11
CUST4170,11
CUST3913,11
CUST6771,11
CUST7920,11
CUST6350,11
CUST7219,11
CUST8934,11
CUST4217,11
CUST1168,11
CUST4277,11
CUST5544,11
CUST1366,11
CUST9217,11
CUST1976,11
CUST7169,11
CUST3194,11
CUST7329,11
CUST6427,11
CUST3706,11
CUST5811,11
CUST7021,11
CUST9193,11
CUST1303,11
CUST6847,11
CUST7833,11
CUST3404,11
CUST1289,11
CUST8051,11
CUST7686,11
CUST8264,11
CUST5184,11
CUST6876,11
CUST6592,11
CUST7125,11
CUST5126,11
CUST1856,11
CUST6387,11
CUST6094,11
CUST1463,11
CUST6719,11
CUST6301,11
CUST9110,11
CUST6484,11
CUST3910,11
CUST9828,11
CUST2806,11
CUST2054,11
CUST6261,11
CUST9254,11
CUST5304,11
CUST9996,11
CUST7114,11
CUST6555,11
CUST4340,11
CUST4669,11
CUST4915,11
CUST8895,11
CUST1124,11
CUST6834,11
CUST2866,11
CUST3941,11
CUST6715,11
CUST6591,11
CUST7231,11
CUST5586,11
CUST8282,11
CUST7663,11
CUST7720,11
CUST9660,11
CUST2601,11
CUST5924,11
CUST5991,11
CUST2714,11
CUST4194,11
CUST2144,11
CUST6116,11
CUST9550,11
CUST6646,11
CUST2501,11
CUST9017,11
CUST2991,11
CUST9351,11
CUST9721,11
CUST8932,11
CUST3481,11
CUST7419,11
CUST6452,11
CUST6257,11
CUST5087,11
CUST5488,11
CUST2170,11
CUST5527,11
CUST3453,11
CUST2699,11
CUST7808,11
CUST5936,11
CUST7452,11
CUST2792,11
CUST2073,11
CUST1322,11
CUST7188,11
CUST6318,11
CUST8837,11
CUST8297,11
CUST5899,11
CUST3819,11
CUST7922,11
CUST3540,11
CUST7161,11
CUST2865,11
CUST4033,11
CUST9595,11
CUST2940,11
CUST4227,11
CUST7899,11
CUST1963,11
CUST6458,11
CUST9956,11
CUST2280,11
CUST1139,11
CUST7377,11
CUST8420,11
CUST2763,11
CUST3936,11
CUST6109,11
CUST6504,11
CUST9965,11
CUST1153,11
CUST1215,11
CUST2973,11
CUST5486,11
CUST7668,11
CUST5850,11
CUST6519,11
CUST9983,11
CUST5339,11
CUST5702,11
CUST5849,11
CUST8395,11
CUST2020,11
CUST1204,11
CUST7823,11
CUST6247,11
CUST8885,11
CUST4052,11
CUST6890,11
CUST9627,11
CUST4254,11
CUST5524,11
CUST7506,11
CUST2045,11
CUST3894,11
CUST3066,11
CUST1131,11
CUST8867,11
CUST7511,11
CUST6992,11
CUST1228,11
CUST2775,11
CUST6369,11
CUST3251,11
CUST1208,11
CUST8279,11
CUST8373,11
CUST9734,11
CUST7896,11
CUST8467,11
CUST5643,11
CUST8049,11
CUST7497,11
CUST1171,11
CUST5042,11
CUST6423,11
CUST6741,11
CUST4703,11
CUST1895,11
CUST4857,11
CUST3012,11
CUST3326,11
CUST9442,11
CUST7379,11
CUST5736,11
CUST9350,11
CUST3661,11
CUST7375,11
CUST2284,11
CUST6315,11
CUST7237,11
CUST3777,11
CUST5405,11
CUST9079,11
CUST3625,11
CUST1625,11
CUST7772,11
CUST1785,11
CUST6015,11
CUST1432,11
CUST2597,11
CUST9295,11
CUST3677,11
CUST2307,11
CUST5507,11
CUST9038,11
CUST6829,11
CUST1213,11
CUST9874,11
CUST1382,11
CUST9922,11
CUST4324,11
CUST2206,11
CUST1885,11
CUST3250,11
CUST3954,11
CUST3478,11
CUST1095,11
CUST6297,11
CUST7316,11
CUST5949,11
CUST8916,11
CUST8527,11
CUST7402,11
CUST1184,11
CUST2519,11
CUST2584,11
CUST4077,11
CUST4841,11
CUST9325,11
CUST9757,11
CUST4310,11
CUST8600,11
CUST4742,11
CUST9144,11
CUST9826,11
CUST1189,11
CUST4933,11
CUST2461,11
CUST7365,11
CUST4479,11
CUST1425,11
CUST5657,11
CUST4886,11
CUST5847,11
CUST8673,11
CUST2233,11
CUST1649,11
CUST1409,10
CUST7924,10
CUST6197,10
CUST6662,10
CUST1188,10
CUST2418,10
CUST6637,10
CUST4483,10
CUST8276,10
CUST3632,10
CUST8156,10
CUST6811,10
CUST1053,10
CUST9085,10
CUST4067,10
CUST1247,10
CUST8922,10
CUST2827,10
CUST5233,10
CUST8718,10
CUST7318,10
CUST4867,10
CUST2537,10
CUST4319,10
CUST8423,10
CUST2516,10
CUST1345,10
CUST2815,10
CUST2457,10
CUST7130,10
CUST8139,10
CUST7259,10
CUST8233,10
CUST6557,10
CUST2174,10
CUST1913,10
CUST3781,10
CUST8551,10
CUST7900,10
CUST5368,10
CUST6670,10
CUST8671,10
CUST8165,10
CUST7961,10
CUST4489,10
CUST8106,10
CUST8655,10
CUST9958,10
CUST5116,10
CUST8200,10
CUST4093,10
CUST8374,10
CUST2666,10
CUST3764,10
CUST7958,10
CUST4298,10
CUST7766,10
CUST5175,10
CUST3985,10
CUST7470,10
CUST7749,10
CUST6673,10
CUST6226,10
CUST1438,10
CUST2253,10
CUST2569,10
CUST6917,10
CUST6832,10
CUST8070,10
CUST3157,10
CUST7571,10
CUST7949,10
CUST4126,10
CUST4127,10
CUST3427,10
CUST3277,10
CUST5189,10
CUST8203,10
CUST2948,10
CUST5502,10
CUST7893,10
CUST6149,10
CUST4806,10
CUST9513,10
CUST6346,10
CUST8965,10
CUST8964,10
CUST6174,10
CUST9106,10
CUST8345,10
CUST3284,10
CUST1369,10
CUST6915,10
CUST8006,10
CUST1199,10
CUST2319,10
CUST1374,10
CUST7378,10
CUST5015,10
CUST4403,10
CUST8252,10
CUST2605,10
CUST8911,10
CUST9063,10
CUST1233,10
CUST8607,10
CUST5859,10
CUST3929,10
CUST7003,10
CUST8839,10
CUST4437,10
CUST4442,10
CUST9053,10
CUST3465,10
CUST3617,10
CUST3084,10
CUST8287,10
CUST9240,10
CUST3628,10
CUST7101,10
CUST7706,10
CUST2626,10
CUST4797,10
CUST3375,10
CUST4417,10
CUST4615,10
CUST7346,10
CUST1399,10
CUST1237,10
CUST7844,10
CUST5926,10
CUST1259,10
CUST3822,10
CUST1818,10
CUST6035,10
CUST2594,10
CUST2979,10
CUST2952,10
CUST7059,10
CUST5393,10
CUST2460,10
CUST7053,10
CUST3464,10
CUST2441,10
CUST6929,10
CUST9315,10
CUST8917,10
CUST1542,10
CUST5827,10
CUST3342,10
CUST1191,10
CUST4828,10
CUST6290,10
CUST8828,10
CUST6132,10
CUST4552,10
CUST2995,10
CUST7432,10
CUST9496,10
CUST8833,10
CUST2985,10
CUST6895,10
CUST1870,10
CUST1013,10
CUST6212,10
CUST3841,10
CUST1970,10
CUST1330,10
CUST9860,10
CUST9278,10
CUST7110,10
CUST6902,10
CUST5726,10
CUST3359,10
CUST8974,10
CUST7303,10
CUST4698,10
CUST9220,10
CUST3319,10
CUST3806,10
CUST8304,10
CUST2555,10
CUST6773,10
CUST2849,10
CUST2018,10
CUST9216,10
CUST6187,10
CUST5624,10
CUST3605,10
CUST7978,10
CUST9102,10
CUST3403,10
CUST8421,10
CUST5910,10
CUST7831,10
CUST5168,10
CUST4425,10
CUST7780,10
CUST7478,10
CUST7051,10
CUST5881,10
CUST9192,10
CUST5904,10
CUST5595,10
CUST8174,10
CUST7088,10
CUST9101,10
CUST6270,10
CUST9558,10
CUST4384,10
CUST7091,10
CUST7585,10
CUST5989,10
CUST8514,10
CUST3216,10
CUST1737,10
CUST6074,10
CUST3269,10
CUST7344,10
CUST8338,10
CUST3840,10
CUST3656,10
CUST6047,10
CUST9069,10
CUST1902,10
CUST1531,10
CUST1286,10
CUST3350,10
CUST7245,10
CUST7343,10
CUST1984,10
CUST5445,10
CUST9014,10
CUST5504,10
CUST5018,10
CUST9027,10
CUST4653,10
CUST4447,10
CUST4323,10
CUST6323,10
CUST2749,10
CUST2905,10
CUST6163,10
CUST4419,10
CUST1994,10
CUST2153,10
CUST8615,10
CUST6694,10
CUST1384,10
CUST4980,10
CUST7117,10
CUST5086,10
CUST3557,10
CUST8410,10
CUST2352,10
CUST5301,10
CUST5034,10
CUST2173,10
CUST4255,10
CUST5523,10
CUST4982,10
CUST1146,10
CUST3567,10
CUST9402,10
CUST3918,10
CUST3334,10
CUST2759,10
CUST2445,10
CUST8362,10
CUST7210,10
CUST4039,10
CUST4040,10
CUST1103,10
CUST1114,10
CUST3213,10
CUST1362,10
CUST8687,10
CUST5908,10
CUST5799,10
CUST4089,10
CUST4333,10
CUST1016,10
CUST5665,10
CUST6308,10
CUST8810,10
CUST2566,10
CUST9086,10
CUST6227,10
CUST6135,10
CUST5549,10
CUST4744,10
CUST2246,10
CUST2621,10
CUST1983,10
CUST8533,10
CUST4844,10
CUST2986,10
CUST5694,10
CUST3745,10
CUST7479,10
CUST9535,10
CUST5053,10
CUST1575,10
CUST7467,10
CUST3675,10
CUST2297,10
CUST6172,10
CUST7757,10
CUST3387,10
CUST6142,10
CUST9175,10
CUST3774,10
CUST3843,10
CUST6783,10
CUST8722,10
CUST3101,10
CUST9232,10
CUST2967,10
CUST1608,10
CUST6171,10
CUST1193,10
CUST6981,10
CUST6785,10
CUST3633,10
CUST2492,10
CUST4699,10
CUST2183,10
CUST5977,10
CUST5685,10
CUST9451,10
CUST4225,10
CUST7489,10
CUST9093,10
CUST4451,10
CUST2523,10
CUST7618,10
CUST5821,10
CUST1066,10
CUST7892,10
CUST5131,10
CUST2508,10
CUST8392,10
CUST5641,10
CUST4805,10
CUST6292,10
CUST8644,10
CUST2340,10
CUST1941,10
CUST3871,10
CUST9783,10
CUST8904,10
CUST6024,10
CUST7522,10
CUST2951,10
CUST1701,10
CUST8695,10
CUST1703,10
CUST8853,10
CUST3576,10
CUST6522,10
CUST4922,10
CUST1914,10
CUST6377,10
CUST3168,10
CUST4773,10
CUST1706,10
CUST7918,10
CUST7354,10
CUST1642,10
CUST1639,10
CUST9868,10
CUST1594,10
CUST1305,10
CUST5314,10
CUST3193,10
CUST3717,10
CUST3395,10
CUST4172,10
CUST4983,10
CUST6861,10
CUST6057,10
CUST7042,10
CUST4889,10
CUST3276,10
CUST2090,10
CUST3289,10
CUST3637,10
CUST1504,10
CUST6420,10
CUST1082,10
CUST4469,10
CUST5998,10
CUST4934,10
CUST7100,10
CUST4772,10
CUST7158,10
CUST8296,10
CUST4183,10
CUST2877,10
CUST9992,10
CUST7637,10
CUST7335,10
CUST8137,10
CUST4861,10
CUST6506,10
CUST2955,10
CUST3853,10
CUST1343,10
CUST5376,10
CUST1198,10
CUST9276,10
CUST4579,10
CUST7854,10
CUST5633,10
CUST4720,10
CUST6812,10
CUST1620,10
CUST2938,10
CUST3263,10
CUST7839,10
CUST7174,10
CUST2345,10
CUST1418,10
CUST4464,10
CUST4520,10
CUST4195,10
CUST1654,10
CUST6866,10
CUST5695,10
CUST2016,10
CUST1529,10
CUST4327,10
CUST5459,10
CUST7630,10
CUST7738,10
CUST4222,10
CUST1664,10
CUST1338,10
CUST9570,10
CUST7616,10
CUST7486,10
CUST8324,10
CUST8977,10
CUST3903,10
CUST3845,10
CUST2596,10
CUST9973,10
CUST9067,10
CUST3173,10
CUST7848,10
CUST1899,10
CUST3701,10
CUST3149,10
CUST8772,10
CUST5423,10
CUST1632,10
CUST8236,10
CUST1751,10
CUST4272,10
CUST9980,10
CUST8875,10
CUST9989,10
CUST8920,10
CUST5760,10
CUST5395,10
CUST7816,10
CUST8646,10
CUST5631,10
CUST9523,10
CUST6418,10
CUST4238,10
CUST3581,10
CUST8120,10
CUST7614,10
CUST9759,10
CUST1067,10
CUST6449,10
CUST8099,10
CUST1658,10
CUST2182,10
CUST4707,10
CUST6113,10
CUST9207,10
CUST4308,10
CUST6343,10
CUST8506,10
CUST3537,10
CUST3808,10
CUST2138,10
CUST8937,10
CUST7732,10
CUST5327,10
CUST7602,10
CUST9448,10
CUST5965,10
CUST6999,10
CUST1661,10
CUST4511,10
CUST2961,10
CUST9681,10
CUST8023,10
CUST1759,10
CUST7204,10
CUST6754,10
CUST8040,10
CUST2507,10
CUST3005,10
CUST8266,10
CUST7373,10
CUST5004,10
CUST1421,10
CUST6052,10
CUST4157,10
CUST7936,10
CUST4942,10
CUST2913,10
CUST1326,10
CUST4300,10
CUST3907,10
CUST7908,10
CUST8079,10
CUST3700,10
CUST5141,10
CUST9291,10
CUST9340,10
CUST4472,10
CUST3235,10
CUST8982,10
CUST7199,10
CUST3750,10
CUST6217,10
CUST2949,10
CUST1253,10
CUST3800,10
CUST6997,10
CUST7471,10
CUST8824,10
CUST2271,10
CUST4357,10
CUST2665,10
CUST3763,10
CUST2437,10
CUST6636,10
CUST5602,10
CUST4813,10
CUST3304,10
CUST7589,10
CUST5707,10
CUST1617,10
CUST1263,10
CUST1648,10
CUST6481,10
CUST1391,10
CUST7441,10
CUST4879,10
CUST4051,10
CUST9780,10
CUST5341,10
CUST3582,10
CUST7492,10
CUST5884,10
CUST4239,10
CUST2793,10
CUST6680,10
CUST6900,10
CUST2472,10
CUST3899,10
CUST1901,10
CUST1185,10
CUST7904,10
CUST5274,10
CUST7045,10
CUST7136,10
CUST1102,10
CUST2934,10
CUST5456,10
CUST2685,10
CUST9336,10
CUST5165,10
CUST7796,10
CUST4496,10
CUST7153,10
CUST9135,10
CUST3558,10
CUST7092,10
CUST2559,10
CUST4299,10
CUST2975,10
CUST7270,10
CUST2120,10
CUST7337,10
CUST8717,10
CUST1273,10
CUST4534,10
CUST5258,10
CUST2025,10
CUST4063,10
CUST3838,10
CUST2912,10
CUST8897,10
CUST9801,10
CUST8596,10
CUST4672,10
CUST4196,10
CUST3740,10
CUST1681,10
CUST6711,10
CUST2368,10
CUST6289,10
CUST5402,10
CUST7063,10
CUST9044,10
CUST7341,10
CUST4947,10
CUST5773,10
CUST2014,10
CUST1544,10
CUST7465,10
CUST1370,10
CUST9499,10
CUST2712,10
CUST5840,10
CUST8067,10
CUST7724,10
CUST6706,10
CUST2599,10
CUST3773,10
CUST4015,10
CUST1257,10
CUST1762,10
CUST1155,10
CUST8036,10
CUST3716,10
CUST9735,10
CUST2125,10
CUST9522,10
CUST6580,10
CUST6347,10
CUST4737,10
CUST7225,10
CUST5592,10
CUST5139,10
CUST4881,10
CUST5508,10
CUST7999,10
CUST6642,10
CUST6278,10
CUST8528,10
CUST4041,10
CUST7847,10
CUST3206,10
CUST1944,10
CUST7761,10
CUST5538,10
CUST4936,10
CUST9599,10
CUST1265,10
CUST3497,10
CUST2708,10
CUST9160,10
CUST3097,10
CUST6239,10
CUST8945,10
CUST1000,10
CUST1403,10
CUST9287,10
CUST7409,10
CUST9664,10
CUST9715,10
CUST6671,10
CUST4037,10
CUST5516,10
CUST1924,10
CUST3295,10
CUST8625,10
CUST4159,10
CUST6417,10
CUST3371,10
CUST5878,10
CUST1353,10
CUST4662,10
CUST7359,10
CUST2923,10
CUST7813,10
CUST2904,10
CUST6697,10
CUST2943,10
CUST4716,10
CUST6923,10
CUST8502,10
CUST9498,10
CUST4972,10
CUST1831,10
CUST2641,10
CUST3169,10
CUST8686,10
CUST1810,10
CUST5038,10
CUST2573,10
CUST6858,10
CUST9487,10
CUST7661,10
CUST5935,10
CUST3198,10
CUST8793,10
CUST4118,10
CUST9532,10
CUST1088,10
CUST6271,10
CUST4944,10
CUST4399,10
CUST5997,10
CUST8487,10
CUST6995,10
CUST1838,10
CUST8378,10
CUST4261,10
CUST9341,10
CUST1015,10
CUST7765,10
CUST5758,10
CUST1689,10
CUST4866,10
CUST4279,10
CUST4515,10
CUST3114,10
CUST9094,10
CUST6545,10
CUST3033,10
CUST9104,10
CUST6001,10
CUST2837,10
CUST2412,10
CUST9612,10
CUST5653,10
CUST2292,10
CUST1923,10
CUST9433,10
CUST8864,10
CUST9438,10
CUST2585,10
CUST2033,10
CUST2802,10
CUST9292,10
CUST9632,10
CUST3730,10
CUST3335,10
CUST8042,10
CUST1599,10
CUST7029,10
CUST5113,10
CUST3614,10
CUST6759,10
CUST1570,10
CUST4661,10
CUST3982,10
CUST8361,10
CUST8391,10
CUST3908,10
CUST1740,10
CUST9484,10
CUST6852,10
CUST7097,10
CUST2996,10
CUST6221,10
CUST3392,10
CUST3254,10
CUST4676,10
CUST1412,10
CUST9654,10
CUST3600,10
CUST6598,10
CUST5128,10
CUST2335,10
CUST9722,10
CUST4640,10
CUST5620,10
CUST3147,10
CUST9331,10
CUST2853,10
CUST4642,10
CUST9256,10
CUST7659,10
CUST4833,10
CUST1872,10
CUST8873,10
CUST6928,10
CUST9100,10
CUST9477,10
CUST6179,10
CUST4597,10
CUST9112,10
CUST4370,10
CUST8008,10
CUST6007,10
CUST1940,10
CUST5683,10
CUST8565,10
CUST6267,10
CUST9820,10
CUST2695,10
CUST3827,10
CUST7163,10
CUST7878,10
CUST6585,10
CUST3578,10
CUST6537,10
CUST9832,10
CUST9497,10
CUST5475,10
CUST2864,10
CUST5938,10
CUST6375,10
CUST6552,10
CUST3857,10
CUST8147,10
CUST1307,10
CUST2275,10
CUST4674,10
CUST7992,10
CUST2099,10
CUST9463,10
CUST6793,10
CUST6322,10
CUST7449,10
CUST2660,10
CUST8985,10
CUST2336,10
CUST4521,10
CUST8512,10
CUST2947,10
CUST2882,10
CUST9633,10
CUST3324,10
CUST8313,10
CUST2627,10
CUST1992,10
CUST4538,10
CUST2801,10
CUST2780,10
CUST3651,10
CUST4251,10
CUST2768,10
CUST2204,10
CUST7779,10
CUST4480,10
CUST8658,10
CUST1039,10
CUST5357,10
CUST9929,10
CUST9002,10
CUST4691,10
CUST4647,10
CUST7023,10
CUST6352,10
CUST3877,10
CUST2377,10
CUST4474,10
CUST3467,10
CUST7734,10
CUST4821,10
CUST9988,10
CUST3715,10
CUST5951,10
CUST9071,10
CUST9896,10
CUST6661,10
CUST7141,10
CUST3785,10
CUST5837,10
CUST8622,10
CUST9265,10
CUST6032,10
CUST2672,10
CUST3436,10
CUST4758,10
CUST5097,10
CUST7302,10
CUST2747,10
CUST8745,10
CUST5083,10
CUST3240,10
CUST2225,10
CUST6272,10
CUST4826,10
CUST7325,10
CUST2803,10
CUST7849,10
CUST1779,10
CUST2231,10
CUST3970,10
CUST9607,10
CUST4011,10
CUST2644,10
CUST4491,10
CUST1614,10
CUST8994,10
CUST8237,10
CUST2414,10
CUST4556,10
CUST9891,10
CUST9847,10
CUST3517,10
CUST3634,10
CUST7744,10
CUST1601,10
CUST1224,10
CUST2899,10
CUST8694,10
CUST5719,10
CUST9453,10
CUST7307,10
CUST3236,10
CUST9318,10
CUST6505,10
CUST7818,10
CUST6003,10
CUST3564,10
CUST5771,10
CUST1534,10
CUST4792,10
CUST5720,10
CUST8438,10
CUST2166,10
CUST4824,10
CUST1705,10
CUST1747,10
CUST9502,10
CUST1977,10
CUST6457,10
CUST4777,10
CUST5232,10
CUST4130,10
CUST4954,10
CUST4031,10
CUST4355,10
CUST3026,10
CUST1863,10
CUST2004,10
CUST4630,10
CUST7046,10
CUST1200,10
CUST4138,10
CUST4816,10
CUST1814,10
CUST5763,10
CUST2124,10
CUST2129,10
CUST1603,10
CUST2149,10
CUST4135,10
CUST7498,10
CUST1729,10
CUST9923,10
CUST4713,10
CUST6467,10
CUST6813,10
CUST2454,10
CUST8562,10
CUST6511,10
CUST3979,10
CUST6632,10
CUST3471,10
CUST3503,10
CUST9890,10
CUST4388,10
CUST7883,10
CUST8003,10
CUST2024,10
CUST8814,10
CUST7865,10
CUST9947,10
CUST9434,10
CUST4785,10
CUST3368,10
CUST7624,10
CUST1444,10
CUST8022,10
CUST8238,10
CUST4501,10
CUST8611,10
CUST8647,10
CUST7880,10
CUST9439,10
CUST8543,10
CUST7696,10
CUST7547,10
CUST3417,10
CUST4779,10
CUST1707,10
CUST2918,10
CUST5246,10
CUST1320,10
CUST9540,10
CUST2407,10
CUST1593,10
CUST7490,10
CUST5564,10
CUST3925,10
CUST7901,10
CUST6665,10
CUST9082,10
CUST1216,10
CUST1526,10
CUST9245,10
CUST8144,10
CUST3041,10
CUST2193,10
CUST5978,10
CUST8043,10
CUST1722,10
CUST5669,10
CUST3584,10
CUST7049,10
CUST5616,10
CUST2512,10
CUST2428,10
CUST9174,10
CUST6064,10
CUST5753,10
CUST3482,10
CUST8587,10
CUST7682,10
CUST8239,10
CUST4164,10
CUST6000,10
CUST4910,10
CUST2484,10
CUST8095,10
CUST1218,10
CUST9865,10
CUST3714,10
CUST1553,10
CUST6151,10
CUST5765,10
CUST9808,10
CUST6948,10
CUST4044,10
CUST2122,10
CUST5691,10
CUST2673,10
CUST6790,10
CUST6804,10
CUST8651,10
CUST7930,10
CUST3536,10
CUST7351,10
CUST5443,10
CUST7610,10
CUST5199,10
CUST2355,10
CUST2338,10
CUST6789,10
CUST3833,10
CUST1821,10
CUST9238,10
CUST3697,10
CUST1035,10
CUST9139,10
CUST8664,10
CUST9455,10
CUST4210,10
CUST8665,10
CUST1319,10
CUST2992,10
CUST4543,10
CUST7360,10
CUST8787,10
CUST9441,10
CUST7952,10
CUST7118,10
CUST8177,10
CUST6413,10
CUST4510,10
CUST5557,10
CUST3313,10
CUST2432,10
CUST3547,10
CUST4445,10
CUST6762,10
CUST2131,10
CUST9839,10
CUST7216,10
CUST1750,10
CUST3664,10
CUST6820,10
CUST4593,10
CUST8603,10
CUST4682,10
CUST3817,10
CUST8093,10
CUST1723,10
CUST6397,10
CUST5307,10
CUST8704,10
CUST5654,10
CUST3757,10
CUST1254,10
CUST3512,10
CUST8045,10
CUST7422,10
CUST3045,10
CUST2291,10
CUST5803,10
CUST6845,10
CUST4257,10
CUST4582,9
CUST9279,9
CUST1434,9
CUST5012,9
CUST7873,9
CUST8038,9
CUST2413,9
CUST6686,9
CUST7019,9
CUST5672,9
CUST3386,9
CUST5677,9
CUST9300,9
CUST5239,9
CUST9766,9
CUST9939,9
CUST8563,9
CUST9006,9
CUST5503,9
CUST5729,9
CUST7364,9
CUST5894,9
CUST8928,9
CUST6610,9
CUST7572,9
CUST5741,9
CUST4814,9
CUST5422,9
CUST4598,9
CUST6168,9
CUST9930,9
CUST4497,9
CUST1513,9
CUST1880,9
CUST3592,9
CUST7094,9
CUST5555,9
CUST4253,9
CUST4390,9
CUST4882,9
CUST8771,9
CUST7424,9
CUST6809,9
CUST6800,9
CUST3505,9
CUST7703,9
CUST2211,9
CUST3176,9
CUST7218,9
CUST3645,9
CUST6830,9
CUST3122,9
CUST9642,9
CUST2306,9
CUST1059,9
CUST1040,9
CUST7516,9
CUST3221,9
CUST3396,9
CUST7972,9
CUST4455,9
CUST5123,9
CUST7483,9
CUST3214,9
CUST4009,9
CUST8318,9
CUST6926,9
CUST9886,9
CUST3672,9
CUST1252,9
CUST7383,9
CUST6005,9
CUST5646,9
CUST9967,9
CUST7595,9
CUST3830,9
CUST2489,9
CUST6204,9
CUST2171,9
CUST2278,9
CUST1938,9
CUST3895,9
CUST6920,9
CUST8670,9
CUST8517,9
CUST8456,9
CUST4366,9
CUST7919,9
CUST4751,9
CUST3181,9
CUST3825,9
CUST3604,9
CUST1085,9
CUST1968,9
CUST6100,9
CUST9797,9
CUST6806,9
CUST7551,9
CUST1346,9
CUST3927,9
CUST3665,9
CUST6678,9
CUST1948,9
CUST3079,9
CUST9377,9
CUST6081,9
CUST4949,9
CUST9655,9
CUST2046,9
CUST4740,9
CUST6676,9
CUST3775,9
CUST1009,9
CUST7898,9
CUST5354,9
CUST6382,9
CUST9577,9
CUST6788,9
CUST9128,9
CUST1908,9
CUST2030,9
CUST6652,9
CUST4049,9
CUST6958,9
CUST8747,9
CUST6090,9
CUST7024,9
CUST6127,9
CUST4710,9
CUST4748,9
CUST4932,9
CUST3397,9
CUST1161,9
CUST2720,9
CUST3023,9
CUST9414,9
CUST3070,9
CUST7206,9
CUST3789,9
CUST1650,9
CUST9727,9
CUST8463,9
CUST9330,9
CUST1506,9
CUST1573,9
CUST5179,9
CUST3932,9
CUST1956,9
CUST1485,9
CUST7150,9
CUST7288,9
CUST8161,9
CUST3154,9
CUST5928,9
CUST1363,9
CUST7260,9
CUST1010,9
CUST2409,9
CUST2607,9
CUST5948,9
CUST6539,9
CUST6501,9
CUST4198,9
CUST7213,9
CUST1154,9
CUST8109,9
CUST4890,9
CUST6211,9
CUST2223,9
CUST7461,9
CUST2226,9
CUST7556,9
CUST5626,9
CUST3681,9
CUST1097,9
CUST5426,9
CUST1562,9
CUST7596,9
CUST7273,9
CUST1567,9
CUST4246,9
CUST7098,9
CUST2056,9
CUST9412,9
CUST1509,9
CUST8151,9
CUST4463,9
CUST8790,9
CUST4144,9
CUST2000,9
CUST9320,9
CUST7209,9
CUST4006,9
CUST3933,9
CUST4987,9
CUST6349,9
CUST3016,9
CUST5751,9
CUST7640,9
CUST6497,9
CUST2362,9
CUST1811,9
CUST6883,9
CUST1427,9
CUST2883,9
CUST9134,9
CUST8482,9
CUST8307,9
CUST8831,9
CUST4557,9
CUST1998,9
CUST3579,9
CUST9990,9
CUST1558,9
CUST5249,9
CUST3876,9
CUST9035,9
CUST6645,9
CUST4199,9
CUST8663,9
CUST8064,9
CUST9285,9
CUST8993,9
CUST5697,9
CUST6884,9
CUST6512,9
CUST7702,9
CUST4843,9
CUST1954,9
CUST7515,9
CUST9600,9
CUST5103,9
CUST4346,9
CUST9075,9
CUST9913,9
CUST2188,9
CUST9349,9
CUST6459,9
CUST9533,9
CUST4372,9
CUST9836,9
CUST2157,9
CUST8196,9
CUST4008,9
CUST2732,9
CUST7667,9
CUST2969,9
CUST9339,9
CUST9549,9
CUST1621,9
CUST6770,9
CUST3546,9
CUST7193,9
CUST8721,9
CUST6066,9
CUST8321,9
CUST5464,9
CUST4873,9
CUST1973,9
CUST9963,9
CUST1683,9
CUST1583,9
CUST6124,9
CUST2217,9
CUST3390,9
CUST6886,9
CUST1547,9
CUST1328,9
CUST4487,9
CUST6794,9
CUST7755,9
CUST6988,9
CUST9136,9
CUST3297,9
CUST8219,9
CUST8274,9
CUST1262,9
CUST8567,9
CUST7327,9
CUST5325,9
CUST3143,9
CUST5452,9
CUST5279,9
CUST5349,9
CUST3191,9
CUST2048,9
CUST4851,9
CUST4547,9
CUST2779,9
CUST9467,9
CUST7052,9
CUST4706,9
CUST8005,9
CUST4695,9
CUST7781,9
CUST4625,9
CUST8854,9
CUST4974,9
CUST4574,9
CUST3657,9
CUST7175,9
CUST1331,9
CUST3566,9
CUST1006,9
CUST6344,9
CUST7211,9
CUST4114,9
CUST1027,9
CUST9495,9
CUST7404,9
CUST6259,9
CUST5746,9
CUST8803,9
CUST3909,9
CUST6097,9
CUST9303,9
CUST4158,9
CUST1541,9
CUST7503,9
CUST7079,9
CUST9813,9
CUST3197,9
CUST5604,9
CUST5316,9
CUST8773,9
CUST6760,9
CUST4771,9
CUST3942,9
CUST1812,9
CUST8068,9
CUST3184,9
CUST5050,9
CUST3743,9
CUST4325,9
CUST7716,9
CUST8215,9
CUST4930,9
CUST1930,9
CUST4575,9
CUST8892,9
CUST5269,9
CUST5817,9
CUST4358,9
CUST2532,9
CUST6717,9
CUST4086,9
CUST9475,9
CUST9323,9
CUST6943,9
CUST7797,9
CUST8633,9
CUST9849,9
CUST4503,9
CUST7123,9
CUST9926,9
CUST4107,9
CUST1991,9
CUST6106,9
CUST8709,9
CUST5130,9
CUST2799,9
CUST7266,9
CUST7154,9
CUST8186,9
CUST3091,9
CUST4512,9
CUST7186,9
CUST9491,9
CUST4137,9
CUST5599,9
CUST4174,9
CUST1109,9
CUST8435,9
CUST8386,9
CUST8575,9
CUST2044,9
CUST7147,9
CUST2682,9
CUST8469,9
CUST9587,9
CUST1950,9
CUST4787,9
CUST2556,9
CUST7827,9
CUST7320,9
CUST2329,9
CUST3044,9
CUST5110,9
CUST6494,9
CUST3242,9
CUST4607,9
CUST4416,9
CUST6416,9
CUST7103,9
CUST2962,9
CUST9799,9
CUST7006,9
CUST1987,9
CUST2279,9
CUST2838,9
CUST9792,9
CUST4365,9
CUST5007,9
CUST7763,9
CUST4318,9
CUST7676,9
CUST9649,9
CUST2491,9
CUST1965,9
CUST6329,9
CUST3098,9
CUST7310,9
CUST4249,9
CUST4103,9
CUST7830,9
CUST3364,9
CUST2945,9
CUST2724,9
CUST6058,9
CUST3597,9
CUST8131,9
CUST7203,9
CUST8908,9
CUST6875,9
CUST3996,9
CUST7319,9
CUST2248,9
CUST6325,9
CUST7957,9
CUST3462,9
CUST9541,9
CUST7926,9
CUST1487,9
CUST6480,9
CUST2334,9
CUST2729,9
CUST5100,9
CUST4858,9
CUST2845,9
CUST8518,9
CUST1230,9
CUST2987,9
CUST8815,9
CUST2050,9
CUST3667,9
CUST9166,9
CUST7534,9
CUST7535,9
CUST5658,9
CUST5853,9
CUST8995,9
CUST5021,9
CUST2043,9
CUST6469,9
CUST6205,9
CUST6584,9
CUST1833,9
CUST1212,9
CUST2890,9
CUST9747,9
CUST3488,9
CUST3186,9
CUST1037,9
CUST3880,9
CUST5136,9
CUST2213,9
CUST2282,9
CUST8882,9
CUST1321,9
CUST5151,9
CUST2339,9
CUST9638,9
CUST8825,9
CUST3563,9
CUST2064,9
CUST8078,9
CUST5415,9
CUST3330,9
CUST5334,9
CUST7413,9
CUST3400,9
CUST7969,9
CUST7666,9
CUST1611,9
CUST5796,9
CUST8849,9
CUST9608,9
CUST2117,9
CUST4624,9
CUST5809,9
CUST1144,9
CUST9337,9
CUST4993,9
CUST6360,9
CUST4636,9
CUST2358,9
CUST6153,9
CUST9431,9
CUST6260,9
CUST8959,9
CUST8332,9
CUST3391,9
CUST9096,9
CUST7994,9
CUST2220,9
CUST3519,9
CUST5203,9
CUST9851,9
CUST1404,9
CUST9426,9
CUST6775,9
CUST4169,9
CUST6684,9
CUST5442,9
CUST1860,9
CUST3268,9
CUST5787,9
CUST1851,9
CUST2087,9
CUST6945,9
CUST3300,9
CUST8367,9
CUST2012,9
CUST8626,9
CUST2236,9
CUST6611,9
CUST6439,9
CUST5551,9
CUST6865,9
CUST8425,9
CUST3361,9
CUST7512,9
CUST3123,9
CUST6894,9
CUST2851,9
CUST4234,9
CUST9800,9
CUST2433,9
CUST1021,9
CUST9588,9
CUST9389,9
CUST9142,9
CUST5056,9
CUST4373,9
CUST2121,9
CUST5547,9
CUST2202,9
CUST8621,9
CUST4658,9
CUST6182,9
CUST6877,9
CUST8578,9
CUST5461,9
CUST2608,9
CUST7220,9
CUST7723,9
CUST8726,9
CUST4397,9
CUST1026,9
CUST9191,9
CUST3635,9
CUST7282,9
CUST5134,9
CUST8555,9
CUST5161,9
CUST3588,9
CUST5000,9
CUST9357,9
CUST9271,9
CUST9343,9
CUST2360,9
CUST9157,9
CUST1589,9
CUST5378,9
CUST7257,9
CUST1538,9
CUST6608,9
CUST5331,9
CUST8225,9
CUST3723,9
CUST9778,9
CUST9465,9
CUST9210,9
CUST4913,9
CUST1285,9
CUST1335,9
CUST9091,9
CUST7803,9
CUST3720,9
CUST2347,9
CUST9563,9
CUST8280,9
CUST4962,9
CUST5689,9
CUST3153,9
CUST9473,9
CUST6973,9
CUST8207,9
CUST2263,9
CUST9521,9
CUST8804,9
CUST2760,9
CUST9769,9
CUST4834,9
CUST6218,9
CUST9025,9
CUST9791,9
CUST1048,9
CUST4332,9
CUST3104,9
CUST4506,9
CUST7004,9
CUST1696,9
CUST8544,9
CUST3695,9
CUST9446,9
CUST1797,9
CUST9793,9
CUST9324,9
CUST3338,9
CUST7196,9
CUST8889,9
CUST3639,9
CUST7649,9
CUST9222,9
CUST4500,9
CUST4605,9
CUST8799,9
CUST4626,9
CUST2911,9
CUST2592,9
CUST5170,9
CUST8817,9
CUST5223,9
CUST6859,9
CUST4316,9
CUST3080,9
CUST3308,9
CUST1829,9
CUST7293,9
CUST6123,9
CUST5968,9
CUST3409,9
CUST9803,9
CUST9332,9
CUST5788,9
CUST6942,9
CUST7018,9
CUST7866,9
CUST2622,9
CUST7976,9
CUST3370,9
CUST3989,9
CUST6587,9
CUST9211,9
CUST6838,9
CUST4868,9
CUST2835,9
CUST5540,9
CUST6639,9
CUST7192,9
CUST3046,9
CUST3589,9
CUST6121,9
CUST2739,9
CUST6893,9
CUST7474,9
CUST7287,9
CUST8588,9
CUST9073,9
CUST9543,9
CUST7580,9
CUST7984,9
CUST5420,9
CUST9887,9
CUST6989,9
CUST9032,9
CUST3854,9
CUST3092,9
CUST3974,9
CUST2285,9
CUST6693,9
CUST8372,9
CUST6332,9
CUST8180,9
CUST3271,9
CUST2074,9
CUST9692,9
CUST6408,9
CUST9961,9
CUST5914,9
CUST3580,9
CUST8176,9
CUST8117,9
CUST9726,9
CUST9176,9
CUST9859,9
CUST7450,9
CUST3500,9
CUST8706,9
CUST8868,9
CUST4540,9
CUST7152,9
CUST4313,9
CUST8947,9
CUST4731,9
CUST8490,9
CUST7096,9
CUST6136,9
CUST3741,9
CUST5663,9
CUST5111,9
CUST6903,9
CUST1324,9
CUST7340,9
CUST8311,9
CUST3753,9
CUST4320,9
CUST6312,9
CUST9943,9
CUST6400,9
CUST3002,9
CUST4485,9
CUST2773,9
CUST9674,9
CUST7012,9
CUST7521,9
CUST6150,9
CUST4931,9
CUST3836,9
CUST8376,9
CUST5744,9
CUST2808,9
CUST5463,9
CUST2467,9
CUST6044,9
CUST3551,9
CUST3405,9
CUST3495,9
CUST9417,9
CUST8630,9
CUST4907,9
CUST6558,9
CUST7881,9
CUST2383,9
CUST8530,9
CUST2114,9
CUST8394,9
CUST9483,9
CUST1584,9
CUST1415,9
CUST1014,9
CUST1619,9
CUST9770,9
CUST6450,9
CUST9857,9
CUST7679,9
CUST9937,9
CUST4003,9
CUST8181,9
CUST6104,9
CUST2289,9
CUST1557,9
CUST7533,9
CUST2553,9
CUST1234,9
CUST7787,9
CUST1502,9
CUST1861,9
CUST8442,9
CUST5404,9
CUST4080,9
CUST8786,9
CUST5618,9
CUST9371,9
CUST1967,9
CUST5622,9
CUST1512,9
CUST1125,9
CUST3878,9
CUST8788,9
CUST7748,9
CUST9640,9
CUST3744,9
CUST3770,9
CUST8942,9
CUST3991,9
CUST4634,9
CUST5561,9
CUST1804,9
CUST6303,9
CUST7014,9
CUST1306,9
CUST4117,9
CUST8608,9
CUST6438,9
CUST3039,9
CUST3209,9
CUST8498,9
CUST6170,9
CUST6724,9
CUST2887,9
CUST2443,9
CUST8681,9
CUST4854,9
CUST8073,9
CUST3278,9
CUST9867,9
CUST4612,9
CUST5284,9
CUST2007,9
CUST4565,9
CUST7773,9
CUST2082,9
CUST2873,9
CUST1395,9
CUST8481,9
CUST3473,9
CUST3754,9
CUST4410,9
CUST2859,9
CUST9710,9
CUST2728,9
CUST7579,9
CUST7002,9
CUST1955,9
CUST5772,9
CUST9576,9
CUST1932,9
CUST8637,9
CUST6264,9
CUST3816,9
CUST5297,9
CUST8818,9
CUST8629,9
CUST3354,9
CUST7423,9
CUST6758,9
CUST6826,9
CUST9729,9
CUST5815,9
CUST6972,9
CUST7350,9
CUST5532,9
CUST8623,9
CUST6076,9
CUST1867,9
CUST9603,9
CUST2517,9
CUST5293,9
CUST9703,9
CUST2821,9
CUST4906,9
CUST7712,9
CUST4635,9
CUST2623,9
CUST1086,9
CUST4533,9
CUST9685,9
CUST3533,9
CUST9995,9
CUST4494,9
CUST9410,9
CUST8076,9
CUST3112,9
CUST6381,9
CUST3524,9
CUST2540,9
CUST3760,9
CUST1392,9
CUST6844,9
CUST8783,9
CUST1712,9
CUST6298,9
CUST5994,9
CUST8535,9
CUST4128,9
CUST4240,9
CUST3874,9
CUST8098,9
CUST3055,9
CUST8774,9
CUST9639,9
CUST5629,9
CUST9626,9
CUST3158,9
CUST6765,9
CUST3790,9
CUST2091,9
CUST1312,9
CUST9709,9
CUST5912,9
CUST5713,9
CUST9641,9
CUST1386,9
CUST8400,9
CUST2397,9
CUST9784,9
CUST1643,9
CUST1167,9
CUST5152,9
CUST8358,9
CUST3712,9
CUST8277,9
CUST3889,9
CUST7741,9
CUST6975,9
CUST3515,9
CUST5943,9
CUST1816,9
CUST1245,9
CUST4351,9
CUST2939,9
CUST3155,9
CUST4184,9
CUST7262,9
CUST5196,9
CUST2871,9
CUST5818,9
CUST6620,9
CUST6225,9
CUST3692,9
CUST7871,9
CUST1711,9
CUST2139,9
CUST3737,9
CUST5679,9
CUST7134,9
CUST2754,9
CUST2205,9
CUST5384,9
CUST1426,9
CUST6708,9
CUST9003,8
CUST3038,8
CUST9924,8
CUST1758,8
CUST2632,8
CUST6541,8
CUST9663,8
CUST8275,8
CUST9454,8
CUST2885,8
CUST5822,8
CUST2084,8
CUST1552,8
CUST8963,8
CUST3398,8
CUST8573,8
CUST4752,8
CUST3031,8
CUST7794,8
CUST6154,8
CUST9811,8
CUST9898,8
CUST5877,8
CUST3280,8
CUST2984,8
CUST4670,8
CUST7837,8
CUST9862,8
CUST4711,8
CUST2657,8
CUST3204,8
CUST4553,8
CUST1801,8
CUST3429,8
CUST1390,8
CUST9843,8
CUST1482,8
CUST7332,8
CUST8441,8
CUST3856,8
CUST7142,8
CUST7256,8
CUST6401,8
CUST5655,8
CUST6831,8
CUST7632,8
CUST3006,8
CUST1598,8
CUST1518,8
CUST1497,8
CUST2932,8
CUST6547,8
CUST2823,8
CUST9952,8
CUST4718,8
CUST4498,8
CUST6532,8
CUST3823,8
CUST3673,8
CUST9236,8
CUST7090,8
CUST1267,8
CUST9480,8
CUST6159,8
CUST3769,8
CUST9526,8
CUST7009,8
CUST2029,8
CUST1921,8
CUST2502,8
CUST6354,8
CUST5747,8
CUST8879,8
CUST6060,8
CUST6648,8
CUST6908,8
CUST2147,8
CUST5703,8
CUST9214,8
CUST7629,8
CUST4478,8
CUST1755,8
CUST5483,8
CUST1249,8
CUST9679,8
CUST2542,8
CUST8312,8
CUST8199,8
CUST6748,8
CUST5236,8
CUST5857,8
CUST7959,8
CUST7459,8
CUST8667,8
CUST7229,8
CUST6802,8
CUST2451,8
CUST8294,8
CUST4369,8
CUST2618,8
CUST7752,8
CUST8766,8
CUST1337,8
CUST5779,8
CUST1551,8
CUST1666,8
CUST4415,8
CUST8746,8
CUST1691,8
CUST8128,8
CUST7832,8
CUST5200,8
CUST3771,8
CUST1242,8
CUST5603,8
CUST2579,8
CUST5510,8
CUST9873,8
CUST3061,8
CUST7426,8
CUST2794,8
CUST7560,8
CUST1134,8
CUST6601,8
CUST7885,8
CUST8597,8
CUST3393,8
CUST4193,8
CUST9429,8
CUST6525,8
CUST8984,8
CUST3873,8
CUST8957,8
CUST6053,8
CUST1815,8
CUST5972,8
CUST1246,8
CUST2539,8
CUST6062,8
CUST6571,8
CUST5750,8
CUST9686,8
CUST7687,8
CUST3528,8
CUST3438,8
CUST7617,8
CUST2240,8
CUST1560,8
CUST1468,8
CUST7507,8
CUST6021,8
CUST7981,8
CUST1675,8
CUST4131,8
CUST5071,8
CUST2757,8
CUST5424,8
CUST4409,8
CUST4433,8
CUST7162,8
CUST9657,8
CUST6358,8
CUST7532,8
CUST2557,8
CUST6120,8
CUST9406,8
CUST6933,8
CUST5652,8
CUST4528,8
CUST4705,8
CUST8537,8
CUST9987,8
CUST4885,8
CUST9066,8
CUST5591,8
CUST7105,8
CUST7907,8
CUST4276,8
CUST3917,8
CUST2820,8
CUST4256,8
CUST7759,8
CUST5829,8
CUST5791,8
CUST9985,8
CUST8384,8
CUST8254,8
CUST9512,8
CUST9489,8
CUST3053,8
CUST8452,8
CUST8627,8
CUST8757,8
CUST1656,8
CUST6335,8
CUST3067,8
CUST9282,8
CUST8048,8
CUST4743,8
CUST8632,8
CUST4439,8
CUST7710,8
CUST4960,8
CUST8642,8
CUST4904,8
CUST2711,8
CUST1836,8
CUST3892,8
CUST6872,8
CUST2486,8
CUST6277,8
CUST3034,8
CUST6839,8
CUST2208,8
CUST3555,8
CUST8923,8
CUST6703,8
CUST5222,8
CUST8243,8
CUST7109,8
CUST3530,8
CUST8450,8
CUST3076,8
CUST9619,8
CUST4898,8
CUST2652,8
CUST1892,8
CUST6609,8
CUST9696,8
CUST7562,8
CUST7075,8
CUST1633,8
CUST3849,8
CUST5080,8
CUST1410,8
CUST5932,8
CUST1211,8
CUST4622,8
CUST5541,8
CUST3394,8
CUST7254,8
CUST5986,8
CUST4809,8
CUST8901,8
CUST8044,8
CUST4508,8
CUST7239,8
CUST9744,8
CUST4226,8
CUST2990,8
CUST6309,8
CUST1537,8
CUST2487,8
CUST4712,8
CUST2830,8
CUST2273,8
CUST6166,8
CUST4576,8
CUST2023,8
CUST4344,8
CUST3382,8
CUST1367,8
CUST8991,8
CUST4759,8
CUST1951,8
CUST8262,8
CUST9427,8
CUST6373,8
CUST9542,8
CUST3040,8
CUST3590,8
CUST2575,8
CUST2807,8
CUST5723,8
CUST9088,8
CUST8011,8
CUST9833,8
CUST1205,8
CUST3461,8
CUST1835,8
CUST8162,8
CUST9485,8
CUST3211,8
CUST2265,8
CUST5946,8
CUST2521,8
CUST6195,8
CUST8484,8
CUST7248,8
CUST5296,8
CUST4529,8
CUST9223,8
CUST6959,8
CUST5472,8
CUST7491,8
CUST4999,8
CUST9052,8
CUST7725,8
CUST4396,8
CUST6851,8
CUST3019,8
CUST7760,8
CUST6434,8
CUST9742,8
CUST7721,8
CUST1778,8
CUST8092,8
CUST1364,8
CUST7394,8
CUST7956,8
CUST1588,8
CUST3411,8
CUST6379,8
CUST1079,8
CUST1329,8
CUST4563,8
CUST4900,8
CUST5634,8
CUST9022,8
CUST7928,8
CUST1467,8
CUST7788,8
CUST2172,8
CUST6659,8
CUST2115,8
CUST7312,8
CUST2408,8
CUST4151,8
CUST5571,8
CUST5735,8
CUST8631,8
CUST7289,8
CUST6207,8
CUST4603,8
CUST9636,8
CUST1018,8
CUST1169,8
CUST8636,8
CUST3906,8
CUST1663,8
CUST6430,8
CUST3081,8
CUST1799,8
CUST3980,8
CUST5144,8
CUST6451,8
CUST1905,8
CUST7886,8
CUST7238,8
CUST6823,8
CUST7017,8
CUST8446,8
CUST6745,8
CUST6749,8
CUST9716,8
CUST1336,8
CUST8083,8
CUST3341,8
CUST1986,8
CUST9590,8
CUST9092,8
CUST5686,8
CUST8493,8
CUST2958,8
CUST5636,8
CUST2693,8
CUST6086,8
CUST2721,8
CUST9113,8
CUST9594,8
CUST9273,8
CUST5163,8
CUST6122,8
CUST5684,8
CUST1209,8
CUST2348,8
CUST8444,8
CUST2625,8
CUST6664,8
CUST8914,8
CUST2852,8
CUST9885,8
CUST6419,8
CUST1282,8
CUST1912,8
CUST5608,8
CUST9527,8
CUST3064,8
CUST4967,8
CUST4101,8
CUST2421,8
CUST6144,8
CUST8419,8
CUST9975,8
CUST5941,8
CUST1333,8
CUST8619,8
CUST5198,8
CUST9817,8
CUST7281,8
CUST2669,8
CUST1806,8
CUST9713,8
CUST7711,8
CUST7598,8
CUST9737,8
CUST4448,8
CUST4618,8
CUST8714,8
CUST5711,8
CUST1317,8
CUST7856,8
CUST6750,8
CUST9825,8
CUST2145,8
CUST5473,8
CUST9081,8
CUST9571,8
CUST3508,8
CUST7862,8
CUST1313,8
CUST8298,8
CUST9233,8
CUST5187,8
CUST1445,8
CUST3728,8
CUST1055,8
CUST7887,8
CUST1574,8
CUST7501,8
CUST1441,8
CUST2375,8
CUST2603,8
CUST5606,8
CUST9505,8
CUST3310,8
CUST7806,8
CUST1796,8
CUST1790,8
CUST7683,8
CUST7644,8
CUST3408,8
CUST4762,8
CUST9994,8
CUST4595,8
CUST6507,8
CUST6502,8
CUST4788,8
CUST2071,8
CUST9481,8
CUST6583,8
CUST3887,8
CUST6065,8
CUST3948,8
CUST3218,8
CUST1077,8
CUST3595,8
CUST7768,8
CUST4836,8
CUST5944,8
CUST9120,8
CUST9181,8
CUST8153,8
CUST1578,8
CUST3702,8
CUST6125,8
CUST3096,8
CUST6031,8
CUST4789,8
CUST9252,8
CUST4837,8
CUST1527,8
CUST7590,8
CUST3086,8
CUST8841,8
CUST7647,8
CUST4840,8
CUST4581,8
CUST1730,8
CUST4680,8
CUST2401,8
CUST9672,8
CUST8478,8
CUST3607,8
CUST5588,8
CUST2333,8
CUST9168,8
CUST5396,8
CUST4998,8
CUST4692,8
CUST7790,8
CUST8618,8
CUST3085,8
CUST5930,8
CUST3343,8
CUST2814,8
CUST7867,8
CUST5261,8
CUST1695,8
CUST7417,8
CUST5142,8
CUST9969,8
CUST5398,8
CUST7167,8
CUST1090,8
CUST4736,8
CUST8157,8
CUST3738,8
CUST6911,8
CUST2342,8
CUST2892,8
CUST5872,8
CUST8855,8
CUST7073,8
CUST6126,8
CUST2192,8
CUST6455,8
CUST8955,8
CUST1635,8
CUST5525,8
CUST5875,8
CUST9277,8
CUST2782,8
CUST4179,8
CUST1780,8
CUST2255,8
CUST5630,8
CUST6146,8
CUST2942,8
CUST4856,8
CUST5218,8
CUST5865,8
CUST5044,8
CUST1884,8
CUST4818,8
CUST6862,8
CUST7675,8
CUST1874,8
CUST5149,8
CUST1029,8
CUST3659,8
CUST3801,8
CUST2891,8
CUST6721,8
CUST6385,8
CUST5432,8
CUST1962,8
CUST5836,8
CUST2547,8
CUST2836,8
CUST6500,8
CUST1186,8
CUST1788,8
CUST8465,8
CUST7795,8
CUST9520,8
CUST6521,8
CUST7993,8
CUST4876,8
CUST4334,8
CUST3349,8
CUST9293,8
CUST3829,8
CUST7032,8
CUST8462,8
CUST7297,8
CUST7233,8
CUST3890,8
CUST6025,8
CUST6475,8
CUST3164,8
CUST1958,8
CUST5814,8
CUST2968,8
CUST8666,8
CUST9405,8
CUST5534,8
CUST2651,8
CUST6063,8
CUST9062,8
CUST8768,8
CUST1704,8
CUST9614,8
CUST9719,8
CUST2638,8
CUST9288,8
CUST3937,8
CUST4984,8
CUST2312,8
CUST8886,8
CUST5688,8
CUST5824,8
CUST5154,8
CUST3296,8
CUST5220,8
CUST8859,8
CUST8940,8
CUST6856,8
CUST8328,8
CUST7990,8
CUST9554,8
CUST3309,8
CUST9872,8
CUST7164,8
CUST2756,8
CUST7872,8
CUST6164,8
CUST9942,8
CUST3943,8
CUST6803,8
CUST8582,8
CUST1896,8
CUST5863,8
CUST2545,8
CUST6559,8
CUST4901,8
CUST9173,8
CUST8265,8
CUST6027,8
CUST4413,8
CUST7499,8
CUST7525,8
CUST9204,8
CUST7645,8
CUST9319,8
CUST1177,8
CUST4722,8
CUST1556,8
CUST2966,8
CUST4685,8
CUST8902,8
CUST8417,8
CUST4827,8
CUST7718,8
CUST6769,8
CUST9365,8
CUST7946,8
CUST2261,8
CUST4035,8
CUST7545,8
CUST2630,8
CUST2403,8
CUST5039,8
CUST3225,8
CUST9616,8
CUST7968,8
CUST3687,8
CUST6396,8
CUST1579,8
CUST5579,8
CUST3670,8
CUST8315,8
CUST1720,8
CUST1122,8
CUST5052,8
CUST2688,8
CUST1580,8
CUST9416,8
CUST9718,8
CUST5308,8
CUST8457,8
CUST4426,8
CUST9902,8
CUST6256,8
CUST4656,8
CUST4287,8
CUST8061,8
CUST9395,8
CUST4928,8
CUST5363,8
CUST8874,8
CUST5371,8
CUST4091,8
CUST9601,8
CUST1846,8
CUST8416,8
CUST3591,8
CUST5364,8
CUST2498,8
CUST8599,8
CUST5247,8
CUST9634,8
CUST2772,8
CUST2525,8
CUST6986,8
CUST7916,8
CUST4100,8
CUST5046,8
CUST5674,8
CUST6957,8
CUST3287,8
CUST2420,8
CUST3228,8
CUST5810,8
CUST1219,8
CUST4516,8
CUST1279,8
CUST2227,8
CUST5197,8
CUST9440,8
CUST3891,8
CUST2177,8
CUST6784,8
CUST1270,8
CUST4330,8
CUST3475,8
CUST7986,8
CUST8455,8
CUST2387,8
CUST2209,8
CUST9650,8
CUST5489,8
CUST1793,8
CUST1499,8
CUST9218,8
CUST1179,8
CUST4192,8
CUST3460,8
CUST6244,8
CUST2683,8
CUST7742,8
CUST1178,8
CUST9895,8
CUST1776,8
CUST1754,8
CUST4290,8
CUST8996,8
CUST7434,8
CUST5251,8
CUST6980,8
CUST4389,8
CUST2824,8
CUST8981,8
CUST2679,8
CUST4280,8
CUST8359,8
CUST4527,8
CUST3021,8
CUST5167,8
CUST4273,8
CUST6184,8
CUST2861,8
CUST7884,8
CUST7066,8
CUST7148,8
CUST9953,8
CUST7235,8
CUST8485,8
CUST5770,8
CUST7927,8
CUST7026,8
CUST8351,8
CUST4016,8
CUST2089,8
CUST8142,8
CUST9251,8
CUST9643,8
CUST1405,8
CUST7431,8
CUST4022,8
CUST8382,8
CUST1454,8
CUST3640,7
CUST4301,7
CUST4252,7
CUST1411,7
CUST7080,7
CUST8909,7
CUST7573,7
CUST6513,7
CUST6422,7
CUST7227,7
CUST6366,7
CUST9781,7
CUST1597,7
CUST4957,7
CUST4794,7
CUST8363,7
CUST2762,7
CUST5226,7
CUST5887,7
CUST1883,7
CUST2546,7
CUST5732,7
CUST9241,7
CUST6324,7
CUST9894,7
CUST1602,7
CUST9795,7
CUST6110,7
CUST9675,7
CUST6969,7
CUST3377,7
CUST2184,7
CUST3212,7
CUST8459,7
CUST3968,7
CUST6577,7
CUST4078,7
CUST9103,7
CUST5855,7
CUST5158,7
CUST7324,7
CUST8754,7
CUST1767,7
CUST7010,7
CUST3208,7
CUST6348,7
CUST1250,7
CUST4108,7
CUST9676,7
CUST9321,7
CUST6020,7
CUST7673,7
CUST7448,7
CUST7353,7
CUST8848,7
CUST3810,7
CUST2066,7
CUST9756,7
CUST3230,7
CUST8212,7
CUST6158,7
CUST2327,7
CUST4923,7
CUST6310,7
CUST2078,7
CUST9118,7
CUST9754,7
CUST6808,7
CUST3498,7
CUST5058,7
CUST1047,7
CUST2430,7
CUST8286,7
CUST2499,7
CUST1943,7
CUST6533,7
CUST3711,7
CUST6380,7
CUST7836,7
CUST5003,7
CUST2080,7
CUST9823,7
CUST9835,7
CUST3995,7
CUST7817,7
CUST5159,7
CUST4523,7
CUST8226,7
CUST2088,7
CUST3545,7
CUST5546,7
CUST3735,7
CUST3812,7
CUST2214,7
CUST5870,7
CUST5061,7
CUST4223,7
CUST5434,7
CUST3256,7
CUST3051,7
CUST5484,7
CUST1809,7
CUST3259,7
CUST6807,7
CUST3439,7
CUST2277,7
CUST1660,7
CUST5984,7
CUST1357,7
CUST5240,7
CUST5016,7
CUST5455,7
CUST4939,7
CUST1360,7
CUST4899,7
CUST8579,7
CUST7433,7
CUST9391,7
CUST3418,7
CUST6333,7
CUST4359,7
CUST9858,7
CUST4958,7
CUST1274,7
CUST2664,7
CUST4875,7
CUST7634,7
CUST3946,7
CUST4542,7
CUST4778,7
CUST6774,7
CUST7446,7
CUST1830,7
CUST7905,7
CUST2543,7
CUST9774,7
CUST2488,7
CUST9180,7
CUST8356,7
CUST7198,7
CUST4686,7
CUST5900,7
CUST6479,7
CUST1442,7
CUST5359,7
CUST6605,7
CUST5802,7
CUST7454,7
CUST7380,7
CUST3345,7
CUST7828,7
CUST2095,7
CUST4790,7
CUST1731,7
CUST6846,7
CUST7954,7
CUST6892,7
CUST1926,7
CUST2568,7
CUST5721,7
CUST2554,7
CUST6147,7
CUST2439,7
CUST6043,7
CUST4036,7
CUST2456,7
CUST4864,7
CUST4288,7
CUST6730,7
CUST1568,7
CUST3422,7
CUST2283,7
CUST3356,7
CUST6433,7
CUST4045,7
CUST3170,7
CUST6768,7
CUST6891,7
CUST1068,7
CUST1565,7
CUST1056,7
CUST5594,7
CUST5511,7
CUST6622,7
CUST8290,7
CUST4466,7
CUST3648,7
CUST2704,7
CUST7376,7
CUST6842,7
CUST3199,7
CUST3032,7
CUST3809,7
CUST5548,7
CUST2126,7
CUST8152,7
CUST2933,7
CUST5782,7
CUST8958,7
CUST9421,7
CUST6734,7
CUST7300,7
CUST5076,7
CUST8821,7
CUST4430,7
CUST5481,7
CUST5577,7
CUST9024,7
CUST8402,7
CUST6442,7
CUST6728,7
CUST5996,7
CUST7011,7
CUST8302,7
CUST2130,7
CUST3027,7
CUST3247,7
CUST9966,7
CUST5330,7
CUST2751,7
CUST1945,7
CUST5784,7
CUST2150,7
CUST1452,7
CUST5709,7
CUST1935,7
CUST3279,7
CUST9393,7
CUST5234,7
CUST5063,7
CUST2562,7
CUST1190,7
CUST4306,7
CUST3161,7
CUST7608,7
CUST1180,7
CUST5848,7
CUST8752,7
CUST7264,7
CUST7700,7
CUST3575,7
CUST4123,7
CUST9445,7
CUST2839,7
CUST1163,7
CUST6079,7
CUST4099,7
CUST9435,7
CUST8574,7
CUST1092,7
CUST8521,7
CUST8751,7
CUST8087,7
CUST5160,7
CUST1789,7
CUST3499,7
CUST3062,7
CUST2988,7
CUST3881,7
CUST3884,7
CUST3596,7
CUST1592,7
CUST5856,7
CUST8301,7
CUST6668,7
CUST2181,7
CUST3510,7
CUST5228,7
CUST7814,7
CUST9194,7
CUST4124,7
CUST5132,7
CUST9976,7
CUST9345,7
CUST4819,7
CUST6863,7
CUST4363,7
CUST9840,7
CUST8861,7
CUST5027,7
CUST9206,7
CUST4745,7
CUST2252,7
CUST2189,7
CUST1389,7
CUST7915,7
CUST6288,7
CUST9197,7
CUST4623,7
CUST3694,7
CUST4188,7
CUST1791,7
CUST1063,7
CUST1133,7
CUST3245,7
CUST6040,7
CUST5353,7
CUST7416,7
CUST5257,7
CUST7279,7
CUST5121,7
CUST2798,7
CUST9213,7
CUST6667,7
CUST8880,7
CUST7942,7
CUST2469,7
CUST3599,7
CUST9163,7
CUST4219,7
CUST9706,7
CUST4315,7
CUST7695,7
CUST8689,7
CUST8891,7
CUST8723,7
CUST1147,7
CUST6590,7
CUST9728,7
CUST2039,7
CUST3117,7
CUST9333,7
CUST7050,7
CUST7910,7
CUST4978,7
CUST3507,7
CUST9488,7
CUST3762,7
CUST8028,7
CUST5756,7
CUST7727,7
CUST5514,7
CUST5281,7
CUST6175,7
CUST5964,7
CUST6602,7
CUST8532,7
CUST4307,7
CUST6102,7
CUST7605,7
CUST8352,7
CUST7106,7
CUST8339,7
CUST3102,7
CUST1516,7
CUST5962,7
CUST4767,7
CUST6627,7
CUST7902,7
CUST4880,7
CUST7104,7
CUST8342,7
CUST9464,7
CUST7155,7
CUST1340,7
CUST4599,7
CUST1523,7
CUST8288,7
CUST8325,7
CUST2844,7
CUST8322,7
CUST4259,7
CUST3685,7
CUST3805,7
CUST1236,7
CUST6936,7
CUST7137,7
CUST3073,7
CUST5952,7
CUST1909,7
CUST4274,7
CUST4975,7
CUST5150,7
CUST3220,7
CUST3782,7
CUST4935,7
CUST9507,7
CUST4739,7
CUST9373,7
CUST5973,7
CUST9960,7
CUST8827,7
CUST8163,7
CUST3075,7
CUST6300,7
CUST3151,7
CUST5219,7
CUST7594,7
CUST2317,7
CUST4121,7
CUST2459,7
CUST7935,7
CUST7283,7
CUST1726,7
CUST8204,7
CUST3447,7
CUST5828,7
CUST6965,7
CUST2128,7
CUST1521,7
CUST6540,7
CUST2112,7
CUST3030,7
CUST3642,7
CUST6265,7
CUST9511,7
CUST4537,7
CUST8072,7
CUST1673,7
CUST2186,7
CUST8534,7
CUST7894,7
CUST9998,7
CUST2858,7
CUST2242,7
CUST4926,7
CUST7182,7
CUST6357,7
CUST7529,7
CUST7540,7
CUST9269,7
CUST7356,7
CUST1261,7
CUST3210,7
CUST1003,7
CUST5162,7
CUST7180,7
CUST6516,7
CUST6879,7
CUST5882,7
CUST3003,7
CUST1251,7
CUST9018,7
CUST4488,7
CUST8143,7
CUST2055,7
CUST7964,7
CUST4862,7
CUST1436,7
CUST6201,7
CUST5030,7
CUST6984,7
CUST9631,7
CUST5993,7
CUST1865,7
CUST4237,7
CUST3025,7
CUST5804,7
CUST7285,7
CUST5858,7
CUST3630,7
CUST6386,7
CUST8547,7
CUST5535,7
CUST8748,7
CUST9138,7
CUST1803,7
CUST1098,7
CUST8201,7
CUST1694,7
CUST6208,7
CUST2777,7
CUST1429,7
CUST4786,7
CUST2026,7
CUST9916,7
CUST3731,7
CUST3028,7
CUST5171,7
CUST3779,7
CUST9152,7
CUST2906,7
CUST7996,7
CUST1582,7
CUST3538,7
CUST5332,7
CUST4696,7
CUST7689,7
CUST6374,7
CUST2490,7
CUST5690,7
CUST8593,7
CUST1287,7
CUST2959,7
CUST9717,7
CUST9628,7
CUST1141,7
CUST6962,7
CUST1641,7
CUST9266,7
CUST2381,7
CUST2957,7
CUST4286,7
CUST5268,7
CUST4990,7
CUST9629,7
CUST5838,7
CUST7093,7
CUST9385,7
CUST2619,7
CUST8929,7
CUST6186,7
CUST8326,7
CUST2410,7
CUST6739,7
CUST6320,7
CUST5724,7
CUST7400,7
CUST1563,7
CUST1258,7
CUST8524,7
CUST8819,7
CUST5062,7
CUST2326,7
CUST4629,7
CUST1126,7
CUST2180,7
CUST8983,7
CUST1671,7
CUST1005,7
CUST5623,7
CUST2449,7
CUST5411,7
CUST3116,7
CUST8661,7
CUST8138,7
CUST9881,7
CUST3574,7
CUST8261,7
CUST6059,7
CUST1083,7
CUST7641,7
CUST4884,7
CUST2503,7
CUST3860,7
CUST6284,7
CUST3379,7
CUST9687,7
CUST3491,7
CUST4775,7
CUST8494,7
CUST2351,7
CUST5738,7
CUST9145,7
CUST5439,7
CUST7391,7
CUST2993,7
CUST6041,7
CUST7369,7
CUST4914,7
CUST8641,7
CUST3861,7
CUST7995,7
CUST7339,7
CUST1012,7
CUST9493,7
CUST2700,7
CUST6029,7
CUST7778,7
CUST8943,7
CUST3922,7
CUST9997,7
CUST2580,7
CUST2535,7
CUST4230,6
CUST1520,6
CUST6156,6
CUST8037,6
CUST5730,6
CUST9080,6
CUST7552,6
CUST3113,6
CUST2563,6
CUST9124,6
CUST5365,6
CUST2455,6
CUST2019,6
CUST2165,6
CUST5737,6
CUST8492,6
CUST5568,6
CUST7217,6
CUST4979,6
CUST7037,6
CUST6448,6
CUST2935,6
CUST8346,6
CUST6941,6
CUST6030,6
CUST1961,6
CUST5854,6
CUST2197,6
CUST9712,6
CUST1904,6
CUST6871,6
CUST1604,6
CUST1766,6
CUST2504,6
CUST9644,6
CUST9544,6
CUST6720,6
CUST6108,6
CUST7393,6
CUST2903,6
CUST1022,6
CUST9127,6
CUST3261,6
CUST9149,6
CUST7368,6
CUST9242,6
CUST4763,6
CUST3784,6
CUST8730,6
CUST5418,6
CUST7555,6
CUST5794,6
CUST6747,6
CUST7485,6
CUST7252,6
CUST4177,6
CUST2602,6
CUST2005,6
CUST4354,6
CUST8538,6
CUST9363,6
CUST8205,6
CUST3902,6
CUST3818,6
CUST4205,6
CUST6305,6
CUST8000,6
CUST8860,6
CUST6589,6
CUST2583,6
CUST4285,6
CUST6042,6
CUST5614,6
CUST3010,6
CUST6778,6
CUST4693,6
CUST6399,6
CUST9910,6
CUST6088,6
CUST9974,6
CUST1226,6
CUST1038,6
CUST4258,6
CUST6709,6
CUST6082,6
CUST4509,6
CUST9517,6
CUST2784,6
CUST4391,6
CUST4002,6
CUST3746,6
CUST9760,6
CUST8823,6
CUST5537,6
CUST2811,6
CUST5945,6
CUST7309,6
CUST8232,6
CUST3107,6
CUST3729,6
CUST2997,6
CUST5109,6
CUST5372,6
CUST4383,6
CUST8164,6
CUST5210,6
CUST4462,6
CUST5145,6
CUST1308,6
CUST9415,6
CUST7064,6
CUST8678,6
CUST4539,6
CUST3811,6
CUST9707,6
CUST2810,6
CUST7537,6
CUST6548,6
CUST2060,6
CUST6356,6
CUST9153,6
CUST4945,6
CUST2308,6
CUST6392,6
CUST9917,6
CUST6732,6
CUST2119,6
CUST6550,6
CUST5436,6
CUST1946,6
CUST4832,6
CUST5474,6
CUST9450,6
CUST4329,6
CUST2411,6
CUST4141,6
CUST5898,6
CUST9239,6
CUST1629,6
CUST2662,6
CUST6827,6
CUST3136,6
CUST3934,6
CUST6755,6
CUST6779,6
CUST8333,6
CUST5645,6
CUST6160,6
CUST2896,6
CUST3724,6
CUST5954,6
CUST1922,6
CUST1051,6
CUST7036,6
CUST9298,6
CUST9932,6
CUST6978,6
CUST5406,6
CUST8604,6
CUST3631,6
CUST8213,6
CUST1980,6
CUST1952,6
CUST4632,6
CUST4024,6
CUST9001,6
CUST6282,6
CUST1784,6
CUST6213,6
CUST5469,6
CUST1314,6
CUST4146,6
CUST6898,6
CUST7717,6
CUST5138,6
CUST5340,6
CUST9519,6
CUST4619,6
CUST7415,6
CUST3904,6
CUST1936,6
CUST3552,6
CUST5722,6
CUST6654,6
CUST8316,6
CUST5377,6
CUST4702,6
CUST1678,6
CUST9147,6
CUST3516,6
CUST6600,6
CUST8980,6
CUST4182,6
CUST1636,6
CUST9203,6
CUST3850,6
CUST1736,6
CUST4294,6
CUST5851,6
CUST2611,6
CUST2440,6
CUST9155,6
CUST6780,6
CUST1220,6
CUST6913,6
CUST6319,6
CUST5245,6
CUST4071,6
CUST9945,6
CUST5321,6
CUST8949,6
CUST4766,6
CUST9198,6
CUST3244,6
CUST4429,6
CUST7822,6
CUST9909,6
CUST5793,6
CUST9190,6
CUST2466,6
CUST3767,6
CUST2051,6
CUST9671,6
CUST2057,6
CUST7510,6
CUST1622,6
CUST7707,6
CUST3586,6
CUST5966,6
CUST3939,6
CUST5687,6
CUST4780,6
CUST9855,6
CUST8299,6
CUST6634,6
CUST1413,6
CUST7083,6
CUST3786,6
CUST3145,6
CUST2869,6
CUST4000,6
CUST3144,6
CUST5536,6
CUST8229,6
CUST2464,6
CUST5574,6
CUST4756,6
CUST5950,6
CUST7620,6
CUST7263,6
CUST4738,6
CUST6073,6
CUST7001,6
CUST5678,6
CUST1700,6
CUST7582,6
CUST7971,6
CUST4535,6
CUST4606,6
CUST3177,6
CUST4382,6
CUST1437,6
CUST8572,6
CUST1140,6
CUST3074,6
CUST8348,6
CUST3237,6
CUST9296,6
CUST8896,6
CUST5348,6
CUST4484,6
CUST4601,6
CUST9023,6
CUST9472,6
CUST6764,6
CUST2706,6
CUST9065,6
CUST3776,6
CUST6874,6
CUST7838,6
CUST5682,6
CUST6266,6
CUST1456,6
CUST3457,6
CUST7253,6
CUST2963,6
CUST3541,6
CUST8585,6
CUST4021,6
CUST1978,6
CUST2384,6
CUST5383,6
CUST6388,6
CUST8519,6
CUST2828,6
CUST8781,6
CUST3135,6
CUST9460,6
CUST5880,6
CUST3602,6
CUST7212,6
CUST7966,6
CUST5869,6
CUST5192,6
CUST2069,6
CUST8016,6
CUST6141,6
CUST1398,6
CUST9688,6
CUST8789,6
CUST4888,6
CUST1626,6
CUST9150,6
CUST4465,6
CUST8310,6
CUST1823,6
CUST7455,6
CUST9816,6
CUST1248,6
CUST1889,6
CUST3058,6
CUST1111,6
CUST3443,6
CUST8561,6
CUST3124,6
CUST7963,6
CUST9407,6
CUST3620,6
CUST2198,6
CUST4729,6
CUST4282,6
CUST8026,6
CUST2598,6
CUST5892,6
CUST5343,6
CUST2357,6
CUST9888,6
CUST5178,6
CUST6242,6
CUST8468,6
CUST9982,6
CUST4596,6
CUST9342,6
CUST2266,6
CUST4617,6
CUST2671,6
CUST6691,6
CUST5450,6
CUST9347,6
CUST4186,6
CUST6607,6
CUST1677,6
CUST9878,6
CUST2881,6
CUST9270,6
CUST9738,6
CUST9794,6
CUST4136,6
CUST6560,6
CUST2224,6
CUST3311,6
CUST1676,6
CUST4336,6
CUST2649,6
CUST7604,6
CUST3629,6
CUST9928,6
CUST5204,6
CUST4200,6
CUST9546,5
CUST9356,5
CUST1350,5
CUST5531,5
CUST9545,5
CUST5704,5
CUST5931,5
CUST4896,5
CUST5302,5
CUST7277,5
CUST1933,5
CUST4505,5
CUST6013,5
CUST5662,5
CUST6619,5
CUST7569,5
CUST9058,5
CUST7384,5
CUST4917,5
CUST4341,5
CUST4456,5
CUST4038,5
CUST1492,5
CUST4191,5
CUST6391,5
CUST8979,5
CUST4887,5
CUST2400,5
CUST5495,5
CUST7331,5
CUST9259,5
CUST4381,5
CUST8634,5
CUST1192,5
CUST4266,5
CUST9461,5
CUST6534,5
CUST1763,5
CUST1065,5
CUST6885,5
CUST8127,5
CUST7728,5
CUST2243,5
CUST8053,5
CUST8390,5
CUST9430,5
CUST5312,5
CUST4620,5
CUST7469,5
CUST6117,5
CUST7890,5
CUST4064,5
CUST8426,5
CUST5124,5
CUST9586,5
CUST1028,5
CUST4023,5
CUST3804,5
CUST4628,5
CUST4701,5
CUST9007,5
CUST1947,5
CUST4952,5
CUST3470,5
CUST9258,5
CUST6048,5
CUST8610,5
CUST5866,5
CUST1347,5
CUST8893,5
CUST9280,5
CUST3426,5
CUST1433,5
CUST3682,5
CUST4431,5
CUST6669,5
CUST1464,5
CUST9579,5
CUST1536,5
CUST5776,5
CUST8223,5
CUST9567,5
CUST8525,5
CUST1628,5
CUST8691,5
CUST4203,5
CUST1240,5
CUST3432,5
CUST7740,5
CUST7477,5
CUST8508,5
CUST6462,5
CUST4956,5
CUST7168,5
CUST4877,5
CUST4317,5
CUST5085,5
CUST3707,5
CUST8969,5
CUST1624,5
CUST4754,5
CUST5361,5
CUST4165,5
CUST6252,5
CUST9683,5
CUST8767,5
CUST3428,5
CUST9352,5
CUST5988,5
CUST7084,5
CUST2238,5
CUST5427,5
CUST4689,5
CUST6393,5
CUST6767,5
CUST6631,5
CUST8024,5
CUST5457,5
CUST2164,5
CUST3799,5
CUST2872,5
CUST8806,5
CUST4499,5
CUST2143,5
CUST5570,5
CUST7195,5
CUST2589,5
CUST3872,5
CUST8427,5
CUST2241,5
CUST7458,5
CUST8489,5
CUST3529,5
CUST6018,5
CUST5108,5
CUST8263,5
CUST8241,5
CUST4687,5
CUST6474,5
CUST5283,5
CUST4561,5
CUST8150,5
CUST4017,5
CUST7612,5
CUST6994,5
CUST9164,5
CUST4894,5
CUST8832,5
CUST4891,5
CUST4815,5
CUST1075,5
CUST8125,5
CUST5585,5
CUST3477,5
CUST5708,5
CUST9387,5
CUST2331,5
CUST9658,5
CUST3542,5
CUST2187,5
CUST6949,5
CUST6283,5
CUST8050,5
CUST8056,5
CUST5906,5
CUST4825,5
CUST8797,5
CUST7107,5
CUST9506,5
CUST4996,5
CUST4019,5
CUST9935,5
CUST6819,5
CUST5077,5
CUST3972,5
CUST5477,5
CUST5528,5
CUST8188,5
CUST1559,5
CUST6200,5
CUST2201,5
CUST6275,5
CUST8166,5
CUST9030,5
CUST5517,5
CUST2510,5
CUST5069,5
CUST6660,5
CUST1465,5
CUST6390,4
CUST7603,4
CUST2027,4
CUST8221,4
CUST6173,4
CUST8497,4
CUST2901,4
CUST4142,4
CUST5893,4
CUST3162,4
CUST2910,4
CUST9968,4
CUST4988,4
CUST6946,4
CUST9949,4
CUST9678,4
CUST8677,4
CUST2719,4
CUST6099,4
CUST6520,4
CUST3983,4
CUST6485,4
CUST9167,4
CUST2495,4
CUST4364,4
CUST1101,4
CUST5974,4
CUST9927,4
CUST6713,4
CUST6689,4
CUST4536,4
CUST5460,4
CUST1165,4
CUST3373,4
CUST8545,4
CUST5202,4
CUST9048,4
CUST8592,4
CUST9889,4
CUST6683,4
CUST9651,4
CUST8017,4
CUST4820,4
CUST3611,4
CUST1495,4
CUST6321,4
CUST8701,4
CUST3506,4
CUST6791,4
CUST4269,4
CUST1300,4
CUST4604,4
CUST4386,4
CUST7774,4
CUST6470,4
CUST2141,4
CUST6849,4
CUST4134,4
CUST8473,4
CUST3024,4
CUST5048,4
CUST8013,4
CUST8990,4
CUST1373,4
CUST2135,4
CUST2068,4
CUST9809,4
CUST4655,4
CUST5156,4
CUST6223,4
CUST5010,4
CUST8183,4
CUST1503,4
CUST2239,4
CUST3888,4
CUST8523,4
CUST5282,4
CUST1631,4
CUST8341,4
CUST1561,4
CUST5605,4
CUST5692,4
CUST6743,4
CUST1275,4
CUST8733,4
CUST6612,4
CUST5041,4
CUST7067,4
CUST4398,3
CUST2473,3
CUST5381,3
CUST7758,3
CUST1792,3
CUST3179,3
CUST2648,3
CUST3678,3
CUST4486,3
CUST2379,3
CUST8782,3
CUST3863,3
CUST6306,3
CUST9111,3
CUST1850,3
CUST6599,3
CUST1365,3
CUST7546,3
CUST5248,3
CUST4959,3
CUST9469,3
CUST3951,3
CUST4092,3
CUST9705,3
CUST7665,3
CUST1288,3
CUST4518,3
CUST9178,2
CUST7005,2
CUST1239,2
CUST3407,2
CUST2378,2
CUST7197,2
CUST5242,2
CUST1123,2
CUST8830,2
