Customer ID,Count,Avg Order Value,Average Rating,Average Delivery Time,Delivery Delay Mode,Refund Requested Mode,Platform Mode,Product Category Mode
CUST8779,26,568.5384615384615,3.0,28.846153846153847,0,0,Blinkit,Fruits & Vegetables
CUST1848,25,578.28,2.8,30.28,0,1,Swiggy Instamart,Grocery
CUST8289,24,543.75,3.0833333333333335,31.375,0,0,Blinkit,Dairy
CUST3532,23,531.7826086956521,3.0434782608695654,26.82608695652174,0,0,Blinkit,Personal Care
CUST3001,23,630.695652173913,3.739130434782609,27.82608695652174,0,0,Blinkit,Personal Care
CUST2633,23,565.2173913043479,3.6956521739130435,29.347826086956523,0,0,Blinkit,Beverages
CUST5902,23,617.5217391304348,3.3043478260869565,29.52173913043478,0,0,Swiggy Instamart,Beverages
CUST7557,22,579.4090909090909,3.0454545454545454,26.954545454545453,0,0,JioMart,Snacks
CUST1897,22,513.5909090909091,3.090909090909091,26.5,0,1,Swiggy Instamart,Snacks
CUST5476,22,623.2727272727273,2.9545454545454546,27.772727272727273,0,1,Blinkit,Personal Care
CUST4519,22,506.59090909090907,2.727272727272727,31.318181818181817,0,1,Blinkit,Grocery
CUST9185,22,462.3636363636364,3.9545454545454546,32.86363636363637,0,0,JioMart,Dairy
CUST5252,22,535.9545454545455,3.6818181818181817,29.272727272727273,0,0,Blinkit,Grocery
CUST5009,22,668.7272727272727,3.5,26.045454545454547,0,0,JioMart,Beverages
CUST3795,22,598.1818181818181,2.6818181818181817,26.545454545454547,0,1,Blinkit,Fruits & Vegetables
CUST6867,22,528.3636363636364,3.0454545454545454,31.136363636363637,0,1,JioMart,Grocery
CUST1244,21,529.8095238095239,2.9047619047619047,32.285714285714285,0,1,Swiggy Instamart,Grocery
CUST7697,21,649.3333333333334,2.4285714285714284,30.238095238095237,0,1,Blinkit,Personal Care
CUST3713,21,476.95238095238096,3.857142857142857,31.142857142857142,0,0,JioMart,Dairy
CUST2195,21,572.7619047619048,3.4761904761904763,28.428571428571427,0,0,JioMart,Beverages
CUST7974,21,619.6666666666666,3.380952380952381,27.952380952380953,0,0,JioMart,Snacks
CUST7401,21,618.1428571428571,3.5238095238095237,31.142857142857142,0,0,Swiggy Instamart,Grocery
CUST9201,21,458.6190476190476,3.4761904761904763,33.523809523809526,0,0,Blinkit,Fruits & Vegetables
CUST3525,21,484.42857142857144,2.857142857142857,31.38095238095238,0,1,Swiggy Instamart,Grocery
CUST6931,21,461.85714285714283,3.380952380952381,29.714285714285715,0,0,Blinkit,Beverages
CUST6269,21,516.0,3.8095238095238093,30.095238095238095,0,0,JioMart,Fruits & Vegetables
CUST4578,21,504.14285714285717,3.142857142857143,29.571428571428573,0,1,Swiggy Instamart,Snacks
CUST6250,21,542.7142857142857,2.619047619047619,26.714285714285715,0,1,Blinkit,Fruits & Vegetables
CUST7392,21,463.1904761904762,2.619047619047619,28.476190476190474,0,1,JioMart,Dairy
CUST2681,21,558.8571428571429,3.4285714285714284,27.047619047619047,0,0,Blinkit,Beverages
CUST2415,21,503.95238095238096,2.9523809523809526,27.19047619047619,0,1,JioMart,Dairy
CUST8010,21,588.8571428571429,3.0,26.333333333333332,0,1,JioMart,Fruits & Vegetables
CUST2393,21,685.7619047619048,3.238095238095238,31.19047619047619,0,0,Blinkit,Personal Care
CUST4666,21,646.1904761904761,3.5238095238095237,26.523809523809526,0,0,JioMart,Beverages
CUST7308,21,545.8095238095239,2.2857142857142856,30.428571428571427,0,1,Blinkit,Dairy
CUST4471,21,613.7142857142857,2.9047619047619047,33.714285714285715,0,0,JioMart,Personal Care
CUST9530,21,587.6190476190476,4.0,28.952380952380953,0,0,Swiggy Instamart,Personal Care
CUST5028,21,539.3809523809524,2.9523809523809526,30.047619047619047,0,1,Blinkit,Dairy
CUST1605,20,809.25,3.25,28.0,0,0,Blinkit,Personal Care
CUST8240,20,668.65,3.15,30.55,0,0,Swiggy Instamart,Grocery
CUST9751,20,661.0,2.85,28.6,0,1,Swiggy Instamart,Personal Care
CUST9248,20,511.7,3.4,32.35,0,0,JioMart,Beverages
CUST3761,20,541.1,3.1,34.35,0,1,Blinkit,Dairy
CUST6515,20,661.0,2.9,30.1,0,1,JioMart,Personal Care
CUST5173,20,552.2,3.55,30.15,0,0,Swiggy Instamart,Beverages
CUST2920,20,434.4,2.7,29.3,0,1,Blinkit,Fruits & Vegetables
CUST7305,20,549.0,3.2,29.6,0,0,Swiggy Instamart,Fruits & Vegetables
CUST7473,20,620.7,3.2,28.8,0,0,Swiggy Instamart,Dairy
CUST9084,20,777.35,3.45,27.1,0,0,Blinkit,Dairy
CUST3832,20,611.8,3.15,33.0,0,0,Swiggy Instamart,Fruits & Vegetables
CUST2274,20,506.35,3.15,32.4,0,1,JioMart,Grocery
CUST8877,20,683.65,3.2,28.4,0,0,Blinkit,Grocery
CUST1971,20,581.05,3.9,28.6,0,0,Swiggy Instamart,Dairy
CUST2875,20,641.7,3.45,31.6,0,0,JioMart,Grocery
CUST2369,20,667.65,3.25,30.25,0,0,JioMart,Personal Care
CUST6080,20,676.6,3.0,26.4,0,1,Blinkit,Grocery
CUST6963,20,581.9,2.85,28.25,0,0,Swiggy Instamart,Personal Care
CUST1981,20,453.7,3.45,32.9,0,0,JioMart,Dairy
CUST3621,20,667.2,3.7,29.1,0,0,Swiggy Instamart,Grocery
CUST6363,20,569.25,3.7,28.85,0,0,Swiggy Instamart,Dairy
CUST7131,20,480.45,3.35,30.6,0,0,Blinkit,Dairy
CUST8472,20,552.95,3.8,28.45,0,0,JioMart,Dairy
CUST6199,20,537.2,2.9,31.3,0,1,Blinkit,Dairy
CUST2006,20,587.9,3.45,26.0,0,0,JioMart,Grocery
CUST5699,20,620.5,3.55,28.45,0,0,Blinkit,Personal Care
CUST9501,20,591.65,3.15,27.35,0,0,Blinkit,Snacks
CUST2713,20,569.85,2.5,31.65,0,1,JioMart,Beverages
CUST5441,20,716.8,3.8,32.0,0,0,Blinkit,Personal Care
CUST9228,20,634.0,2.8,29.7,0,1,Swiggy Instamart,Beverages
CUST3292,20,625.45,3.85,31.95,0,0,Swiggy Instamart,Personal Care
CUST6152,20,530.9,3.6,29.25,0,0,Blinkit,Grocery
CUST2600,20,531.9,2.85,31.2,0,1,JioMart,Snacks
CUST8353,20,444.2,3.25,29.7,0,1,Swiggy Instamart,Dairy
CUST3440,20,606.9,3.3,29.45,0,0,Blinkit,Snacks
CUST3509,20,613.0,3.3,30.4,0,0,JioMart,Snacks
CUST3305,20,490.25,3.05,30.65,0,1,Swiggy Instamart,Dairy
CUST8025,20,641.35,3.55,30.2,0,0,Blinkit,Grocery
CUST8761,20,577.35,3.1,30.8,0,1,Swiggy Instamart,Personal Care
CUST8086,20,408.85,3.3,28.45,0,0,JioMart,Fruits & Vegetables
CUST3222,20,621.5,2.95,29.2,0,1,Blinkit,Grocery
CUST9034,20,691.25,3.25,28.1,0,0,Swiggy Instamart,Beverages
CUST5333,20,730.05,3.0,28.7,0,0,Swiggy Instamart,Grocery
CUST7951,20,541.25,3.15,29.25,0,0,Blinkit,Personal Care
CUST4621,19,596.578947368421,2.789473684210526,32.94736842105263,0,1,Blinkit,Personal Care
CUST6351,19,434.6842105263158,3.473684210526316,27.473684210526315,0,0,Blinkit,Dairy
CUST8586,19,595.2631578947369,2.736842105263158,32.36842105263158,0,1,Swiggy Instamart,Dairy
CUST2642,19,501.94736842105266,3.3684210526315788,32.31578947368421,0,0,JioMart,Dairy
CUST9971,19,626.9473684210526,3.3684210526315788,28.31578947368421,0,0,Swiggy Instamart,Dairy
CUST6549,19,645.1052631578947,3.3157894736842106,29.789473684210527,0,0,Swiggy Instamart,Grocery
CUST2049,19,680.3684210526316,3.6315789473684212,30.263157894736842,0,0,JioMart,Dairy
CUST9948,19,516.8421052631579,3.210526315789474,31.36842105263158,0,0,Swiggy Instamart,Snacks
CUST5478,19,625.3684210526316,2.5789473684210527,29.05263157894737,0,1,Swiggy Instamart,Snacks
CUST3947,19,497.7894736842105,2.6842105263157894,26.63157894736842,0,1,Swiggy Instamart,Dairy
CUST9861,19,559.7368421052631,2.9473684210526314,27.94736842105263,0,1,Blinkit,Fruits & Vegetables
CUST2160,19,496.4736842105263,3.6315789473684212,33.73684210526316,0,0,Blinkit,Snacks
CUST6131,19,481.42105263157896,3.0,30.05263157894737,0,0,JioMart,Personal Care
CUST8764,19,643.0,3.4210526315789473,29.789473684210527,0,0,Blinkit,Grocery
CUST4314,19,676.8947368421053,3.263157894736842,27.63157894736842,0,0,Blinkit,Beverages
CUST7370,19,636.3157894736842,3.736842105263158,29.157894736842106,0,0,Swiggy Instamart,Fruits & Vegetables
CUST8062,19,627.8947368421053,3.263157894736842,26.31578947368421,0,0,Blinkit,Dairy
CUST2527,19,621.0,3.4210526315789473,30.68421052631579,0,0,Blinkit,Dairy
CUST8101,19,634.421052631579,3.263157894736842,32.63157894736842,0,0,Blinkit,Fruits & Vegetables
CUST7735,19,525.1052631578947,3.263157894736842,25.526315789473685,0,0,Blinkit,Fruits & Vegetables
CUST1129,19,572.3684210526316,3.3684210526315788,32.31578947368421,0,0,JioMart,Beverages
CUST3321,19,516.8421052631579,2.9473684210526314,34.473684210526315,0,1,Swiggy Instamart,Fruits & Vegetables
CUST5230,19,617.8421052631579,3.3157894736842106,31.57894736842105,0,0,JioMart,Grocery
CUST3839,19,554.8947368421053,3.8421052631578947,29.157894736842106,0,0,Swiggy Instamart,Dairy
CUST8499,19,471.89473684210526,2.9473684210526314,27.68421052631579,0,1,Blinkit,Grocery
CUST2789,19,582.8421052631579,3.0,29.57894736842105,0,0,Blinkit,Fruits & Vegetables
CUST6245,19,681.1578947368421,2.8421052631578947,28.210526315789473,0,1,Swiggy Instamart,Snacks
CUST3421,19,522.3157894736842,3.3684210526315788,24.94736842105263,0,0,Swiggy Instamart,Grocery
CUST4350,19,578.7894736842105,3.0526315789473686,31.42105263157895,0,1,Blinkit,Dairy
CUST7223,19,594.2105263157895,3.736842105263158,30.57894736842105,0,0,Swiggy Instamart,Beverages
CUST6454,19,617.8421052631579,3.3157894736842106,26.789473684210527,0,0,JioMart,Grocery
CUST8871,19,565.0526315789474,2.6842105263157894,30.36842105263158,0,1,Swiggy Instamart,Snacks
CUST6286,19,455.8421052631579,3.473684210526316,29.94736842105263,0,0,Swiggy Instamart,Grocery
CUST7077,19,530.8421052631579,3.1578947368421053,28.63157894736842,0,0,Swiggy Instamart,Grocery
CUST2570,19,477.36842105263156,3.210526315789474,30.68421052631579,0,0,Blinkit,Beverages
CUST9115,19,594.578947368421,3.1578947368421053,31.63157894736842,0,1,JioMart,Dairy
CUST9753,19,512.9473684210526,3.4210526315789473,29.789473684210527,0,0,JioMart,Dairy
CUST9076,19,486.4736842105263,3.5789473684210527,30.05263157894737,0,0,JioMart,Beverages
CUST9892,19,582.0,3.210526315789474,27.210526315789473,0,1,Blinkit,Fruits & Vegetables
CUST9055,19,672.578947368421,3.473684210526316,30.842105263157894,0,0,Blinkit,Fruits & Vegetables
CUST1869,19,518.2631578947369,2.789473684210526,26.63157894736842,0,1,JioMart,Beverages
CUST1401,19,657.6315789473684,3.526315789473684,30.0,0,0,JioMart,Beverages
CUST6072,19,647.7894736842105,3.5789473684210527,30.526315789473685,0,0,Swiggy Instamart,Personal Care
CUST4970,19,677.2631578947369,4.105263157894737,28.94736842105263,0,0,Blinkit,Personal Care
CUST5172,19,640.3157894736842,3.473684210526316,31.263157894736842,0,0,Blinkit,Grocery
CUST2897,19,551.1578947368421,3.0526315789473686,27.157894736842106,0,1,JioMart,Dairy
CUST2522,19,475.2631578947368,3.210526315789474,29.526315789473685,0,0,Swiggy Instamart,Snacks
CUST6384,19,489.8421052631579,3.263157894736842,28.157894736842106,0,0,Blinkit,Fruits & Vegetables
CUST7232,19,608.0526315789474,3.0526315789473686,27.210526315789473,0,1,Blinkit,Fruits & Vegetables
CUST6473,19,452.89473684210526,3.473684210526316,30.789473684210527,0,0,JioMart,Fruits & Vegetables
CUST7997,19,552.1052631578947,3.789473684210526,29.526315789473685,0,0,Blinkit,Snacks
CUST9316,19,478.63157894736844,3.3157894736842106,27.42105263157895,0,0,JioMart,Fruits & Vegetables
CUST2040,19,619.1052631578947,2.9473684210526314,29.263157894736842,0,0,Blinkit,Fruits & Vegetables
CUST7874,19,555.4736842105264,3.6315789473684212,26.210526315789473,0,0,JioMart,Personal Care
CUST3187,19,607.9473684210526,3.1052631578947367,27.63157894736842,0,0,Swiggy Instamart,Snacks
CUST9470,19,622.9473684210526,2.6315789473684212,27.263157894736842,0,1,JioMart,Grocery
CUST3148,19,494.63157894736844,3.3157894736842106,28.94736842105263,0,0,JioMart,Beverages
CUST5413,19,566.421052631579,3.3684210526315788,27.473684210526315,0,0,JioMart,Snacks
CUST6092,19,734.1052631578947,3.4210526315789473,30.210526315789473,0,0,Swiggy Instamart,Beverages
CUST8765,19,740.8947368421053,3.210526315789474,34.8421052631579,0,0,Swiggy Instamart,Personal Care
CUST9810,19,634.6315789473684,3.736842105263158,30.105263157894736,0,0,Swiggy Instamart,Grocery
CUST2103,19,555.2631578947369,3.6315789473684212,26.736842105263158,0,0,Swiggy Instamart,Grocery
CUST8380,19,484.3157894736842,3.3684210526315788,28.526315789473685,0,0,JioMart,Fruits & Vegetables
CUST6613,19,438.7368421052632,2.9473684210526314,28.894736842105264,0,1,Blinkit,Personal Care
CUST4733,19,568.0526315789474,3.210526315789474,31.94736842105263,0,0,Blinkit,Dairy
CUST5289,19,551.4736842105264,3.5789473684210527,31.526315789473685,0,0,JioMart,Fruits & Vegetables
CUST6815,19,465.5263157894737,3.526315789473684,30.0,0,0,Blinkit,Dairy
CUST7877,19,472.10526315789474,2.736842105263158,31.210526315789473,0,1,JioMart,Fruits & Vegetables
CUST8259,19,600.8421052631579,4.0,26.94736842105263,0,0,Swiggy Instamart,Dairy
CUST9531,19,626.8421052631579,3.0526315789473686,32.21052631578947,0,1,Blinkit,Beverages
CUST9459,19,685.421052631579,3.3157894736842106,26.789473684210527,0,0,JioMart,Fruits & Vegetables
CUST3496,19,576.2631578947369,3.1578947368421053,26.736842105263158,0,0,Swiggy Instamart,Beverages
CUST8330,19,654.6842105263158,3.736842105263158,27.157894736842106,0,0,JioMart,Snacks
CUST4111,19,531.6842105263158,3.6315789473684212,31.05263157894737,0,0,JioMart,Beverages
CUST1807,19,682.1578947368421,3.210526315789474,30.894736842105264,0,0,Blinkit,Dairy
CUST8657,19,688.6842105263158,4.052631578947368,31.57894736842105,0,0,Blinkit,Personal Care
CUST2207,19,622.1578947368421,3.3684210526315788,29.263157894736842,0,0,Blinkit,Beverages
CUST1672,19,547.8947368421053,2.6315789473684212,33.10526315789474,0,1,Blinkit,Grocery
CUST1074,18,591.4444444444445,3.7222222222222223,28.5,0,0,Blinkit,Beverages
CUST7508,18,636.3888888888889,3.0555555555555554,29.166666666666668,0,0,Blinkit,Fruits & Vegetables
CUST8192,18,588.7222222222222,2.388888888888889,24.555555555555557,0,1,Blinkit,Grocery
CUST5661,18,547.8333333333334,3.6666666666666665,27.38888888888889,0,0,Blinkit,Dairy
CUST5224,18,542.4444444444445,3.3333333333333335,30.0,0,0,Blinkit,Dairy
CUST2684,18,450.44444444444446,3.2777777777777777,26.166666666666668,0,0,Blinkit,Beverages
CUST6960,18,737.1111111111111,3.388888888888889,27.77777777777778,0,0,Swiggy Instamart,Beverages
CUST7897,18,619.7222222222222,2.7222222222222223,32.833333333333336,0,1,Blinkit,Grocery
CUST1127,18,404.3333333333333,4.111111111111111,28.27777777777778,0,0,JioMart,Snacks
CUST5487,18,559.3888888888889,2.888888888888889,28.833333333333332,0,1,JioMart,Dairy
CUST9413,18,557.6666666666666,3.3333333333333335,27.944444444444443,0,0,JioMart,Dairy
CUST7577,18,484.22222222222223,4.055555555555555,28.166666666666668,0,0,Swiggy Instamart,Dairy
CUST3680,18,687.3888888888889,2.8333333333333335,31.944444444444443,0,1,Swiggy Instamart,Fruits & Vegetables
CUST8271,18,609.7222222222222,3.5,29.11111111111111,0,0,JioMart,Beverages
CUST9255,18,632.5,2.7222222222222223,29.11111111111111,0,1,JioMart,Grocery
CUST4115,18,449.8888888888889,3.7777777777777777,28.88888888888889,0,0,Blinkit,Dairy
CUST4312,18,442.0,3.611111111111111,29.61111111111111,0,0,Swiggy Instamart,Snacks
CUST5449,18,450.3333333333333,3.1666666666666665,27.5,0,0,JioMart,Dairy
CUST8906,18,671.2222222222222,3.388888888888889,33.666666666666664,0,0,JioMart,Grocery
CUST7912,18,579.0555555555555,2.888888888888889,30.944444444444443,0,1,Swiggy Instamart,Dairy
CUST4394,18,528.7777777777778,2.888888888888889,31.555555555555557,0,1,Blinkit,Grocery
CUST4432,18,501.72222222222223,3.0555555555555554,29.444444444444443,0,1,Swiggy Instamart,Grocery
CUST4811,18,766.8888888888889,2.8333333333333335,29.833333333333332,0,1,Blinkit,Beverages
CUST9863,18,599.7777777777778,3.2222222222222223,29.333333333333332,0,0,Blinkit,Beverages
CUST7493,18,551.1666666666666,3.2777777777777777,27.555555555555557,0,0,Swiggy Instamart,Fruits & Vegetables
CUST8255,18,572.6111111111111,3.1666666666666665,28.27777777777778,0,0,Blinkit,Snacks
CUST8812,18,517.6666666666666,2.611111111111111,32.388888888888886,0,1,Blinkit,Beverages
CUST9117,18,562.0,3.4444444444444446,26.666666666666668,0,0,Blinkit,Snacks
CUST4220,18,641.4444444444445,3.5,28.5,0,0,Blinkit,Personal Care
CUST8433,18,654.2777777777778,2.7222222222222223,26.444444444444443,0,1,Blinkit,Dairy
CUST2876,18,600.8333333333334,3.3333333333333335,28.11111111111111,0,0,Blinkit,Grocery
CUST4453,18,445.94444444444446,3.5,29.833333333333332,0,0,Blinkit,Dairy
CUST4197,18,666.8888888888889,3.0555555555555554,29.055555555555557,0,1,Blinkit,Dairy
CUST5382,18,684.4444444444445,3.0,28.333333333333332,0,0,Swiggy Instamart,Grocery
CUST7764,18,533.7222222222222,3.5555555555555554,29.88888888888889,0,0,Blinkit,Personal Care
CUST7622,18,467.3888888888889,3.5,25.38888888888889,0,0,Swiggy Instamart,Grocery
CUST4106,18,549.9444444444445,3.3333333333333335,29.055555555555557,0,0,Swiggy Instamart,Fruits & Vegetables
CUST9951,18,651.4444444444445,2.8333333333333335,33.27777777777778,0,1,Blinkit,Dairy
CUST4920,18,721.0,3.4444444444444446,33.0,0,0,JioMart,Dairy
CUST3765,18,555.5555555555555,3.888888888888889,30.833333333333332,0,0,JioMart,Fruits & Vegetables
CUST8303,18,638.9444444444445,3.7222222222222223,26.27777777777778,0,0,Swiggy Instamart,Fruits & Vegetables
CUST7985,18,538.0555555555555,3.111111111111111,28.38888888888889,0,1,JioMart,Fruits & Vegetables
CUST5490,18,568.6666666666666,3.5555555555555554,30.22222222222222,0,0,Blinkit,Snacks
CUST2680,18,600.3888888888889,3.2777777777777777,26.833333333333332,0,0,Blinkit,Beverages
CUST7187,18,535.3333333333334,3.5,30.27777777777778,0,0,JioMart,Beverages
CUST1890,18,481.3888888888889,3.611111111111111,28.666666666666668,0,0,Swiggy Instamart,Dairy
CUST3167,18,592.7777777777778,3.3333333333333335,30.055555555555557,0,0,Blinkit,Beverages
CUST4700,18,706.6111111111111,2.3333333333333335,25.27777777777778,0,1,Blinkit,Personal Care
CUST1104,18,605.1666666666666,3.0555555555555554,33.72222222222222,0,1,JioMart,Beverages
CUST7565,18,627.5555555555555,3.4444444444444446,32.55555555555556,0,0,Swiggy Instamart,Grocery
CUST4461,18,530.5555555555555,3.3333333333333335,29.444444444444443,0,0,JioMart,Snacks
CUST4977,18,493.77777777777777,3.111111111111111,29.444444444444443,0,1,Blinkit,Beverages
CUST4043,18,597.3333333333334,2.611111111111111,31.666666666666668,0,1,JioMart,Snacks
CUST8501,18,568.4444444444445,3.3333333333333335,29.61111111111111,0,0,Blinkit,Beverages
CUST4709,18,558.2777777777778,3.6666666666666665,26.38888888888889,0,0,Blinkit,Snacks
CUST4845,18,548.2777777777778,3.388888888888889,26.61111111111111,0,0,Blinkit,Dairy
CUST2645,18,542.9444444444445,3.6666666666666665,29.444444444444443,0,0,JioMart,Personal Care
CUST8074,18,656.1111111111111,4.055555555555555,31.166666666666668,0,0,Swiggy Instamart,Personal Care
CUST9837,18,615.3888888888889,2.5,29.666666666666668,0,1,Blinkit,Beverages
CUST4555,18,522.4444444444445,3.0,32.77777777777778,0,1,JioMart,Snacks
CUST5216,18,405.3333333333333,2.388888888888889,24.444444444444443,0,1,Blinkit,Grocery
CUST3587,18,501.44444444444446,3.6666666666666665,28.27777777777778,0,0,JioMart,Beverages
CUST1525,18,714.7777777777778,3.0,29.833333333333332,0,0,Swiggy Instamart,Grocery
CUST9119,18,553.3333333333334,2.7777777777777777,27.444444444444443,0,1,Blinkit,Fruits & Vegetables
CUST8925,18,618.3333333333334,3.0555555555555554,32.94444444444444,0,1,Blinkit,Snacks
CUST3608,18,586.3333333333334,3.888888888888889,28.833333333333332,0,0,JioMart,Grocery
CUST9964,18,630.7777777777778,2.8333333333333335,28.444444444444443,0,1,Blinkit,Dairy
CUST8077,18,698.0555555555555,3.0555555555555554,34.94444444444444,0,1,JioMart,Fruits & Vegetables
CUST9379,18,622.7777777777778,2.9444444444444446,28.833333333333332,0,0,Blinkit,Dairy
CUST3992,18,598.5,3.611111111111111,26.61111111111111,0,0,JioMart,Beverages
CUST6735,18,629.8888888888889,3.0555555555555554,31.22222222222222,0,0,Swiggy Instamart,Snacks
CUST9514,18,542.9444444444445,3.4444444444444446,28.833333333333332,0,0,JioMart,Beverages
CUST4054,18,645.5555555555555,3.2222222222222223,32.55555555555556,0,0,JioMart,Beverages
CUST8133,18,634.7777777777778,3.7777777777777777,26.61111111111111,0,0,Blinkit,Grocery
CUST7583,18,666.7777777777778,3.5555555555555554,29.72222222222222,0,0,Blinkit,Personal Care
CUST7921,18,402.77777777777777,3.5,32.333333333333336,0,0,Blinkit,Fruits & Vegetables
CUST1130,18,674.2777777777778,3.388888888888889,29.944444444444443,0,0,Swiggy Instamart,Fruits & Vegetables
CUST8705,18,703.0,3.7222222222222223,30.61111111111111,0,0,JioMart,Personal Care
CUST4541,18,640.8333333333334,3.2222222222222223,32.611111111111114,0,0,JioMart,Grocery
CUST2101,18,437.05555555555554,2.888888888888889,28.444444444444443,0,0,Blinkit,Snacks
CUST5813,18,511.55555555555554,2.3333333333333335,29.22222222222222,0,1,Blinkit,Beverages
CUST8736,18,707.1111111111111,3.111111111111111,27.944444444444443,0,0,Blinkit,Grocery
CUST9482,18,808.0555555555555,3.2222222222222223,29.72222222222222,0,0,JioMart,Beverages
CUST2245,18,671.0,3.111111111111111,29.61111111111111,0,1,Blinkit,Grocery
CUST1480,18,700.9444444444445,4.055555555555555,30.166666666666668,0,0,JioMart,Fruits & Vegetables
CUST8273,18,804.1666666666666,3.2777777777777777,32.111111111111114,0,0,Swiggy Instamart,Grocery
CUST5425,18,532.2777777777778,2.888888888888889,32.94444444444444,0,1,Blinkit,Fruits & Vegetables
CUST4304,18,528.5,2.888888888888889,29.88888888888889,0,1,JioMart,Beverages
CUST5807,18,470.5,3.111111111111111,30.61111111111111,0,1,Swiggy Instamart,Snacks
CUST9656,18,670.5,3.111111111111111,26.5,0,1,Swiggy Instamart,Beverages
CUST7704,18,564.1111111111111,2.888888888888889,30.27777777777778,0,1,Blinkit,Grocery
CUST7304,18,531.5,3.5555555555555554,31.666666666666668,0,0,JioMart,Beverages
CUST4042,18,667.7777777777778,3.6666666666666665,30.0,0,0,JioMart,Personal Care
CUST6402,18,493.94444444444446,3.1666666666666665,32.333333333333336,0,1,Blinkit,Dairy
CUST1266,18,520.5555555555555,3.388888888888889,33.5,0,0,Swiggy Instamart,Beverages
CUST3253,18,515.7222222222222,3.2777777777777777,21.77777777777778,0,0,Blinkit,Dairy
CUST5670,18,525.1666666666666,2.7777777777777777,30.22222222222222,0,1,JioMart,Snacks
CUST7089,18,573.0,3.0555555555555554,28.444444444444443,0,1,Blinkit,Snacks
CUST5237,18,641.5,3.611111111111111,29.88888888888889,0,0,Swiggy Instamart,Grocery
CUST8838,18,506.55555555555554,3.1666666666666665,30.27777777777778,0,0,Blinkit,Beverages
CUST4784,18,533.3333333333334,3.111111111111111,26.0,0,0,Swiggy Instamart,Personal Care
CUST3180,18,664.1666666666666,3.4444444444444446,27.38888888888889,0,0,Blinkit,Snacks
CUST9156,18,581.3888888888889,2.8333333333333335,33.388888888888886,0,1,Blinkit,Beverages
CUST3029,18,591.3333333333334,3.5555555555555554,28.22222222222222,0,0,Blinkit,Snacks
CUST1494,18,572.2222222222222,3.1666666666666665,29.88888888888889,0,0,Swiggy Instamart,Fruits & Vegetables
CUST4345,18,528.2222222222222,4.0,23.61111111111111,0,0,Blinkit,Dairy
CUST7251,18,469.6666666666667,3.2777777777777777,29.22222222222222,0,0,JioMart,Beverages
CUST2850,18,640.8333333333334,2.7777777777777777,30.166666666666668,0,1,Blinkit,Beverages
CUST8488,18,538.6111111111111,3.611111111111111,26.666666666666668,0,0,Blinkit,Beverages
CUST9762,18,551.4444444444445,3.1666666666666665,29.5,0,0,Swiggy Instamart,Grocery
CUST4587,18,554.6666666666666,3.2777777777777777,26.77777777777778,0,0,Blinkit,Fruits & Vegetables
CUST1206,18,529.8333333333334,3.2222222222222223,31.166666666666668,0,0,JioMart,Personal Care
CUST1118,18,677.1666666666666,3.111111111111111,29.38888888888889,0,0,Swiggy Instamart,Grocery
CUST1881,18,670.7222222222222,3.4444444444444446,27.5,0,0,Swiggy Instamart,Personal Care
CUST9029,18,483.3333333333333,2.9444444444444446,32.833333333333336,0,0,Swiggy Instamart,Snacks
CUST8997,18,576.1666666666666,4.0,29.333333333333332,0,0,Blinkit,Snacks
CUST3539,18,706.1111111111111,3.5,29.055555555555557,0,0,Blinkit,Beverages
CUST1052,18,629.8888888888889,4.388888888888889,31.22222222222222,0,0,Swiggy Instamart,Personal Care
CUST4997,18,692.1666666666666,3.611111111111111,31.61111111111111,0,0,Blinkit,Dairy
CUST4614,18,645.6666666666666,3.2222222222222223,31.555555555555557,0,0,Blinkit,Beverages
CUST7387,18,491.55555555555554,2.611111111111111,28.444444444444443,0,1,JioMart,Snacks
CUST2168,18,583.6666666666666,3.611111111111111,26.944444444444443,0,0,Swiggy Instamart,Grocery
CUST3859,18,664.2777777777778,3.3333333333333335,28.333333333333332,0,0,Blinkit,Beverages
CUST4652,18,490.27777777777777,2.6666666666666665,29.72222222222222,0,1,Blinkit,Fruits & Vegetables
CUST5600,18,528.6666666666666,3.1666666666666665,26.833333333333332,0,0,Swiggy Instamart,Personal Care
CUST5011,18,511.05555555555554,3.7222222222222223,28.333333333333332,0,0,Blinkit,Fruits & Vegetables
CUST6985,18,483.0,3.3333333333333335,24.166666666666668,0,0,Swiggy Instamart,Snacks
CUST6518,18,522.2777777777778,3.1666666666666665,30.833333333333332,0,0,Blinkit,Dairy
CUST4278,18,592.2777777777778,3.4444444444444446,31.27777777777778,0,0,JioMart,Fruits & Vegetables
CUST2734,18,459.1666666666667,2.611111111111111,33.0,0,1,Swiggy Instamart,Snacks
CUST1996,18,551.0,2.4444444444444446,28.555555555555557,0,1,Blinkit,Beverages
CUST2816,18,522.0555555555555,3.6666666666666665,30.61111111111111,0,0,JioMart,Fruits & Vegetables
CUST5761,18,461.6111111111111,3.0,31.88888888888889,0,0,Blinkit,Dairy
CUST1078,18,765.6666666666666,3.2222222222222223,31.0,0,0,Blinkit,Personal Care
CUST5868,18,565.0555555555555,3.5,31.0,0,0,Swiggy Instamart,Fruits & Vegetables
CUST6526,18,582.6666666666666,3.3333333333333335,28.72222222222222,0,0,Swiggy Instamart,Beverages
CUST9399,18,681.5555555555555,3.888888888888889,30.055555555555557,0,0,JioMart,Grocery
CUST5734,18,450.8333333333333,3.3333333333333335,25.27777777777778,0,0,Swiggy Instamart,Snacks
CUST1855,18,587.3333333333334,3.2777777777777777,33.44444444444444,0,0,Blinkit,Grocery
CUST7108,18,622.5,2.888888888888889,30.5,0,1,JioMart,Fruits & Vegetables
CUST2636,18,650.9444444444445,3.2222222222222223,30.38888888888889,0,0,Swiggy Instamart,Dairy
CUST1137,18,521.1666666666666,3.5,26.88888888888889,0,0,Blinkit,Beverages
CUST5306,18,624.2222222222222,2.9444444444444446,32.0,0,0,Swiggy Instamart,Grocery
CUST3288,18,564.3333333333334,4.0,27.0,0,0,Swiggy Instamart,Beverages
CUST4530,18,643.8333333333334,3.2222222222222223,31.22222222222222,0,0,Swiggy Instamart,Beverages
CUST8285,18,586.5,3.0,29.055555555555557,0,0,Swiggy Instamart,Grocery
CUST7038,18,679.5,3.2222222222222223,31.22222222222222,0,0,JioMart,Grocery
CUST5386,18,859.2777777777778,3.388888888888889,26.166666666666668,0,0,Blinkit,Beverages
CUST1376,18,524.2222222222222,4.222222222222222,32.5,0,0,Swiggy Instamart,Dairy
CUST2533,18,743.0555555555555,2.7777777777777777,28.666666666666668,0,1,JioMart,Personal Care
CUST9253,18,617.6666666666666,3.0555555555555554,30.944444444444443,0,0,Blinkit,Beverages
CUST4150,17,604.4117647058823,2.9411764705882355,27.764705882352942,0,1,Blinkit,Beverages
CUST9074,17,581.2941176470588,3.411764705882353,32.35294117647059,0,0,Swiggy Instamart,Grocery
CUST9077,17,704.9411764705883,4.411764705882353,30.294117647058822,0,0,JioMart,Personal Care
CUST9471,17,597.5882352941177,2.8823529411764706,29.176470588235293,0,1,Blinkit,Grocery
CUST1050,17,408.94117647058823,2.823529411764706,32.705882352941174,0,0,Blinkit,Beverages
CUST8267,17,597.6470588235294,3.4705882352941178,29.470588235294116,0,0,JioMart,Dairy
CUST8802,17,656.4117647058823,3.411764705882353,29.235294117647058,0,0,JioMart,Dairy
CUST9294,17,692.7058823529412,3.176470588235294,28.235294117647058,0,0,JioMart,Personal Care
CUST3285,17,653.5882352941177,3.588235294117647,29.176470588235293,0,0,JioMart,Grocery
CUST2886,17,634.7647058823529,2.2941176470588234,25.470588235294116,0,1,JioMart,Beverages
CUST8012,17,629.5294117647059,3.8823529411764706,32.94117647058823,0,0,JioMart,Beverages
CUST1510,17,538.3529411764706,4.0588235294117645,31.0,0,0,Blinkit,Dairy
CUST1680,17,583.7647058823529,3.235294117647059,31.470588235294116,0,0,Swiggy Instamart,Beverages
CUST5188,17,681.9411764705883,3.176470588235294,30.823529411764707,0,0,Swiggy Instamart,Fruits & Vegetables
CUST3535,17,592.9411764705883,3.3529411764705883,25.352941176470587,0,0,Blinkit,Fruits & Vegetables
CUST7815,17,609.9411764705883,3.7058823529411766,35.0,0,0,Blinkit,Dairy
CUST1474,17,382.1764705882353,2.9411764705882355,31.823529411764707,0,1,Swiggy Instamart,Beverages
CUST1753,17,651.9411764705883,3.176470588235294,28.11764705882353,0,0,JioMart,Fruits & Vegetables
CUST6314,17,619.0588235294117,3.3529411764705883,33.64705882352941,0,0,Swiggy Instamart,Fruits & Vegetables
CUST1430,17,583.2941176470588,3.5294117647058822,26.294117647058822,0,0,JioMart,Grocery
CUST6105,17,550.4705882352941,2.8823529411764706,26.41176470588235,0,1,Swiggy Instamart,Beverages
CUST1348,17,570.4117647058823,3.3529411764705883,25.235294117647058,0,0,JioMart,Dairy
CUST5254,17,513.0588235294117,4.0,29.58823529411765,0,0,Blinkit,Beverages
CUST9466,17,749.4117647058823,3.1176470588235294,26.58823529411765,0,0,JioMart,Beverages
CUST3494,17,547.4705882352941,3.6470588235294117,31.176470588235293,0,0,Swiggy Instamart,Dairy
CUST9338,17,662.2352941176471,2.9411764705882355,30.647058823529413,0,1,JioMart,Dairy
CUST5458,17,491.3529411764706,3.235294117647059,29.470588235294116,0,1,Blinkit,Fruits & Vegetables
CUST9394,17,551.7647058823529,2.9411764705882355,30.11764705882353,0,1,Blinkit,Dairy
CUST8110,17,499.11764705882354,3.588235294117647,27.529411764705884,0,0,Blinkit,Snacks
CUST8250,17,671.0,3.0,29.352941176470587,0,1,Blinkit,Personal Care
CUST8021,17,788.2941176470588,3.2941176470588234,26.88235294117647,0,0,JioMart,Beverages
CUST2098,17,356.70588235294116,3.764705882352941,34.1764705882353,0,0,Swiggy Instamart,Snacks
CUST3803,17,750.8823529411765,3.6470588235294117,29.058823529411764,0,0,JioMart,Personal Care
CUST6752,17,545.3529411764706,2.588235294117647,28.705882352941178,0,1,Swiggy Instamart,Grocery
CUST1854,17,606.4117647058823,3.5294117647058822,33.1764705882353,0,0,Blinkit,Fruits & Vegetables
CUST9327,17,614.7058823529412,2.8823529411764706,34.35294117647059,0,1,Swiggy Instamart,Fruits & Vegetables
CUST3935,17,590.2352941176471,2.764705882352941,27.058823529411764,0,1,Blinkit,Snacks
CUST3544,17,573.6470588235294,3.3529411764705883,30.823529411764707,0,0,JioMart,Fruits & Vegetables
CUST1001,17,551.6470588235294,3.7058823529411766,27.705882352941178,0,0,Swiggy Instamart,Beverages
CUST1431,17,557.3529411764706,2.411764705882353,30.58823529411765,0,1,Blinkit,Dairy
CUST7183,17,730.2941176470588,2.9411764705882355,26.764705882352942,0,1,JioMart,Personal Care
CUST9903,17,713.9411764705883,2.9411764705882355,28.58823529411765,0,0,JioMart,Dairy
CUST8134,17,455.0,2.9411764705882355,28.352941176470587,0,1,JioMart,Snacks
CUST6910,17,578.2352941176471,2.588235294117647,30.176470588235293,0,1,Blinkit,Dairy
CUST6036,17,596.7647058823529,3.411764705882353,27.176470588235293,0,0,JioMart,Dairy
CUST2287,17,523.8235294117648,3.0588235294117645,24.529411764705884,0,1,JioMart,Grocery
CUST2581,17,555.7647058823529,2.8823529411764706,30.941176470588236,0,1,Blinkit,Personal Care
CUST1229,17,649.1764705882352,3.588235294117647,27.705882352941178,0,0,JioMart,Beverages
CUST5934,17,579.8823529411765,3.4705882352941178,27.764705882352942,0,0,Blinkit,Dairy
CUST5642,17,576.3529411764706,3.7058823529411766,31.0,0,0,Blinkit,Fruits & Vegetables
CUST8756,17,471.47058823529414,3.411764705882353,31.11764705882353,0,0,JioMart,Snacks
CUST3185,17,585.8823529411765,3.3529411764705883,30.0,0,0,Swiggy Instamart,Fruits & Vegetables
CUST7807,17,442.70588235294116,3.2941176470588234,30.352941176470587,0,0,Blinkit,Snacks
CUST8483,17,656.1176470588235,2.4705882352941178,30.705882352941178,0,1,JioMart,Personal Care
CUST9129,17,442.94117647058823,3.764705882352941,28.529411764705884,0,0,Blinkit,Dairy
CUST9151,17,694.6470588235294,3.0,27.647058823529413,0,1,Blinkit,Beverages
CUST9529,17,525.9411764705883,3.764705882352941,31.235294117647058,0,0,JioMart,Dairy
CUST5920,17,628.1176470588235,3.588235294117647,30.0,0,0,Blinkit,Snacks
CUST6067,17,450.6470588235294,3.176470588235294,27.058823529411764,0,0,Blinkit,Fruits & Vegetables
CUST3234,17,531.2941176470588,4.0588235294117645,26.764705882352942,0,0,Swiggy Instamart,Grocery
CUST5832,17,820.1176470588235,2.7058823529411766,33.411764705882355,0,1,JioMart,Personal Care
CUST6107,17,563.8235294117648,3.235294117647059,32.76470588235294,0,0,Blinkit,Beverages
CUST9040,17,466.0,3.4705882352941178,29.647058823529413,0,0,Blinkit,Dairy
CUST5889,17,592.7647058823529,3.235294117647059,30.647058823529413,0,0,Blinkit,Fruits & Vegetables
CUST6922,17,506.52941176470586,3.5294117647058822,31.705882352941178,0,0,Blinkit,Snacks
CUST9335,17,577.1176470588235,3.2941176470588234,27.941176470588236,0,0,Blinkit,Dairy
CUST6658,17,785.7058823529412,3.0,24.352941176470587,0,1,Swiggy Instamart,Grocery
CUST5745,17,626.1764705882352,3.235294117647059,30.470588235294116,0,0,JioMart,Beverages
CUST8202,17,677.5882352941177,3.2941176470588234,24.235294117647058,0,0,JioMart,Beverages
CUST8366,17,458.47058823529414,2.6470588235294117,29.235294117647058,0,1,Blinkit,Beverages
CUST9108,17,612.0588235294117,3.411764705882353,26.647058823529413,0,0,Swiggy Instamart,Dairy
CUST9284,17,661.2941176470588,3.411764705882353,28.352941176470587,0,0,Swiggy Instamart,Dairy
CUST4046,17,439.52941176470586,3.3529411764705883,31.705882352941178,0,0,Swiggy Instamart,Snacks
CUST9195,17,701.7058823529412,2.8823529411764706,32.588235294117645,0,1,JioMart,Fruits & Vegetables
CUST2663,17,574.3529411764706,2.411764705882353,26.11764705882353,0,1,JioMart,Beverages
CUST5032,17,516.0,3.2941176470588234,27.11764705882353,0,1,Blinkit,Personal Care
CUST9670,17,379.5882352941176,3.3529411764705883,35.588235294117645,0,0,JioMart,Dairy
CUST1549,17,482.52941176470586,3.0,25.941176470588236,0,1,Blinkit,Personal Care
CUST3322,17,526.2352941176471,3.235294117647059,28.470588235294116,0,0,Blinkit,Snacks
CUST2860,17,517.0,3.7058823529411766,30.235294117647058,0,0,Blinkit,Dairy
CUST4085,17,581.7058823529412,3.235294117647059,29.11764705882353,0,0,Swiggy Instamart,Beverages
CUST1351,17,647.7647058823529,3.588235294117647,32.470588235294116,0,0,Blinkit,Beverages
CUST7824,17,577.5294117647059,3.6470588235294117,31.941176470588236,0,0,Swiggy Instamart,Beverages
CUST8780,17,554.7647058823529,3.411764705882353,28.823529411764707,0,0,Blinkit,Dairy
CUST8775,17,724.0588235294117,3.7058823529411766,26.941176470588236,0,0,JioMart,Personal Care
CUST4968,17,434.4117647058824,3.235294117647059,31.88235294117647,0,1,JioMart,Dairy
CUST1339,17,676.5882352941177,3.411764705882353,32.05882352941177,0,0,Swiggy Instamart,Snacks
CUST2448,17,623.7647058823529,3.0588235294117645,30.176470588235293,0,0,JioMart,Beverages
CUST6176,17,549.8823529411765,3.2941176470588234,31.352941176470587,0,0,Swiggy Instamart,Snacks
CUST4850,17,649.5882352941177,3.9411764705882355,30.88235294117647,0,0,Blinkit,Dairy
CUST6178,17,656.1176470588235,3.0588235294117645,30.823529411764707,0,0,Blinkit,Grocery
CUST5166,17,482.6470588235294,2.9411764705882355,34.05882352941177,0,1,JioMart,Snacks
CUST4973,17,635.7058823529412,3.9411764705882355,32.05882352941177,0,0,Blinkit,Dairy
CUST4532,17,480.3529411764706,3.411764705882353,30.941176470588236,0,0,JioMart,Fruits & Vegetables
CUST7518,17,702.2941176470588,3.0588235294117645,28.647058823529413,0,1,Blinkit,Personal Care
CUST2744,17,553.3529411764706,3.4705882352941178,33.470588235294116,0,0,JioMart,Personal Care
CUST4098,17,573.6470588235294,3.5294117647058822,27.352941176470587,0,0,JioMart,Fruits & Vegetables
CUST6368,17,400.2352941176471,3.7058823529411766,32.76470588235294,0,0,Swiggy Instamart,Dairy
CUST6415,17,490.11764705882354,3.4705882352941178,29.705882352941178,0,0,JioMart,Fruits & Vegetables
CUST3037,17,588.4117647058823,3.0588235294117645,27.705882352941178,0,0,JioMart,Grocery
CUST2977,17,576.8235294117648,3.411764705882353,30.88235294117647,0,0,JioMart,Snacks
CUST9122,17,635.5882352941177,2.9411764705882355,30.294117647058822,0,0,Swiggy Instamart,Dairy
CUST6243,17,597.8235294117648,3.176470588235294,26.294117647058822,0,0,Blinkit,Fruits & Vegetables
CUST8439,17,652.7058823529412,2.9411764705882355,31.294117647058822,0,1,JioMart,Beverages
CUST1819,17,559.0,3.8823529411764706,28.941176470588236,0,0,Blinkit,Grocery
CUST2310,17,688.2941176470588,3.3529411764705883,29.11764705882353,0,0,Swiggy Instamart,Personal Care
CUST5453,17,647.4705882352941,3.2941176470588234,27.235294117647058,0,0,Blinkit,Personal Care
CUST7607,17,411.1764705882353,3.235294117647059,29.88235294117647,0,0,Blinkit,Dairy
CUST1613,17,635.4705882352941,3.0588235294117645,27.41176470588235,0,1,JioMart,Snacks
CUST5888,17,699.2352941176471,3.4705882352941178,30.88235294117647,0,0,Blinkit,Personal Care
CUST2017,17,724.1764705882352,3.0,33.1764705882353,0,1,Swiggy Instamart,Beverages
CUST7643,17,488.1764705882353,3.0588235294117645,31.11764705882353,0,1,Swiggy Instamart,Fruits & Vegetables
CUST5947,17,598.2352941176471,3.1176470588235294,32.411764705882355,0,0,Swiggy Instamart,Beverages
CUST3792,17,532.4705882352941,2.764705882352941,31.941176470588236,0,1,Blinkit,Snacks
CUST2011,17,641.2941176470588,2.588235294117647,30.0,0,1,Swiggy Instamart,Dairy
CUST2356,17,586.5882352941177,2.9411764705882355,27.705882352941178,0,1,JioMart,Dairy
CUST1550,17,497.2352941176471,3.2941176470588234,29.58823529411765,0,0,Blinkit,Grocery
CUST3897,17,586.6470588235294,2.7058823529411766,30.176470588235293,0,1,Blinkit,Grocery
CUST6112,17,495.11764705882354,3.2941176470588234,27.0,0,0,Blinkit,Dairy
CUST1428,17,814.1176470588235,2.588235294117647,31.352941176470587,0,1,Blinkit,Fruits & Vegetables
CUST2718,17,692.3529411764706,3.5294117647058822,30.11764705882353,0,0,Swiggy Instamart,Beverages
CUST2399,17,523.5882352941177,2.411764705882353,25.88235294117647,0,1,Swiggy Instamart,Beverages
CUST9154,17,676.4117647058823,2.823529411764706,29.58823529411765,0,1,JioMart,Grocery
CUST2303,17,482.8235294117647,3.411764705882353,28.41176470588235,0,0,Blinkit,Snacks
CUST1054,17,553.8823529411765,3.235294117647059,28.470588235294116,0,0,Swiggy Instamart,Snacks
CUST6880,17,442.5882352941176,3.176470588235294,31.529411764705884,0,1,Blinkit,Fruits & Vegetables
CUST2032,17,632.7647058823529,3.235294117647059,30.41176470588235,0,0,JioMart,Grocery
CUST4173,17,680.1176470588235,3.0588235294117645,27.705882352941178,0,0,Blinkit,Grocery
CUST3013,17,675.5294117647059,2.7058823529411766,24.941176470588236,0,1,JioMart,Beverages
CUST5963,17,584.8235294117648,3.5294117647058822,26.352941176470587,0,0,Swiggy Instamart,Beverages
CUST9423,17,775.2941176470588,2.9411764705882355,30.0,0,1,Swiggy Instamart,Beverages
CUST7258,17,568.8235294117648,3.3529411764705883,30.647058823529413,0,0,Blinkit,Dairy
CUST2086,17,648.3529411764706,2.411764705882353,33.05882352941177,0,1,JioMart,Dairy
CUST1638,17,576.0,3.1176470588235294,29.352941176470587,0,0,JioMart,Fruits & Vegetables
CUST2982,17,502.6470588235294,3.235294117647059,32.05882352941177,0,0,JioMart,Snacks
CUST2070,17,562.7058823529412,3.235294117647059,33.0,0,0,JioMart,Beverages
CUST5451,17,793.3529411764706,2.9411764705882355,28.58823529411765,0,0,Swiggy Instamart,Grocery
CUST8999,17,631.8823529411765,3.1176470588235294,27.235294117647058,0,0,Swiggy Instamart,Dairy
CUST7484,17,627.7058823529412,3.176470588235294,28.470588235294116,0,0,JioMart,Dairy
CUST7313,17,589.2941176470588,3.3529411764705883,33.411764705882355,0,0,Swiggy Instamart,Grocery
CUST9621,17,496.7647058823529,3.8823529411764706,28.352941176470587,0,0,JioMart,Snacks
CUST8913,17,668.9411764705883,2.7058823529411766,29.41176470588235,0,1,Blinkit,Grocery
CUST9000,17,529.4705882352941,2.8823529411764706,28.0,0,1,Blinkit,Fruits & Vegetables
CUST1990,17,654.8823529411765,3.3529411764705883,30.0,0,0,Blinkit,Dairy
CUST2218,17,547.0,3.1176470588235294,30.58823529411765,0,0,Swiggy Instamart,Dairy
CUST7502,17,752.9411764705883,3.2941176470588234,29.294117647058822,0,0,Blinkit,Beverages
CUST5401,17,703.2352941176471,2.8823529411764706,27.41176470588235,0,1,Swiggy Instamart,Grocery
CUST6896,17,709.1764705882352,3.235294117647059,27.941176470588236,0,0,Blinkit,Grocery
CUST6508,17,601.2352941176471,3.6470588235294117,29.823529411764707,0,0,Blinkit,Beverages
CUST5387,17,642.8235294117648,2.823529411764706,27.41176470588235,0,1,Blinkit,Beverages
CUST6535,17,586.9411764705883,3.176470588235294,29.529411764705884,0,0,Blinkit,Snacks
CUST8422,17,649.9411764705883,3.0588235294117645,26.058823529411764,0,1,JioMart,Dairy
CUST7628,17,576.6470588235294,2.7058823529411766,29.705882352941178,0,1,Blinkit,Snacks
CUST1380,17,590.7058823529412,3.411764705882353,30.823529411764707,0,0,Blinkit,Fruits & Vegetables
CUST5563,17,716.7647058823529,2.764705882352941,32.1764705882353,0,1,Blinkit,Grocery
CUST1176,17,642.1764705882352,3.176470588235294,26.352941176470587,0,0,Blinkit,Personal Care
CUST5578,17,743.5882352941177,3.0588235294117645,29.823529411764707,0,0,JioMart,Beverages
CUST3376,17,594.1176470588235,3.235294117647059,29.235294117647058,0,0,Swiggy Instamart,Fruits & Vegetables
CUST4215,17,513.4705882352941,2.8823529411764706,32.529411764705884,0,1,JioMart,Fruits & Vegetables
CUST7176,17,491.47058823529414,3.6470588235294117,34.94117647058823,0,0,JioMart,Fruits & Vegetables
CUST1543,17,537.4117647058823,3.588235294117647,29.0,0,0,Swiggy Instamart,Beverages
CUST4379,17,634.9411764705883,3.4705882352941178,31.41176470588235,0,0,Blinkit,Personal Care
CUST6134,17,481.1764705882353,3.7058823529411766,29.58823529411765,0,0,Swiggy Instamart,Snacks
CUST2931,17,563.5294117647059,3.0588235294117645,30.235294117647058,0,0,Blinkit,Beverages
CUST3316,17,576.6470588235294,3.411764705882353,29.0,0,0,Blinkit,Beverages
CUST8617,17,511.6470588235294,2.8823529411764706,30.294117647058822,0,1,Swiggy Instamart,Snacks
CUST5271,17,710.4117647058823,3.588235294117647,39.23529411764706,0,0,Blinkit,Grocery
CUST2888,17,745.7058823529412,2.823529411764706,27.764705882352942,0,1,Swiggy Instamart,Personal Care
CUST3603,17,514.3529411764706,3.3529411764705883,32.23529411764706,0,0,JioMart,Dairy
CUST3502,17,574.1176470588235,3.764705882352941,29.823529411764707,0,0,Swiggy Instamart,Grocery
CUST4937,17,724.4117647058823,2.7058823529411766,32.35294117647059,0,1,JioMart,Personal Care
CUST8396,17,641.2352941176471,3.9411764705882355,27.11764705882353,0,0,Blinkit,Grocery
CUST7122,17,594.8823529411765,3.823529411764706,28.764705882352942,0,0,Swiggy Instamart,Beverages
CUST8443,17,565.8823529411765,3.4705882352941178,30.176470588235293,0,0,Blinkit,Snacks
CUST1121,17,580.7647058823529,2.7058823529411766,27.529411764705884,0,1,Swiggy Instamart,Fruits & Vegetables
CUST5182,17,518.7647058823529,2.6470588235294117,32.64705882352941,0,1,Swiggy Instamart,Fruits & Vegetables
CUST6302,17,590.0,2.823529411764706,25.88235294117647,0,1,JioMart,Beverages
CUST8231,17,554.2352941176471,3.3529411764705883,32.705882352941174,0,0,Blinkit,Dairy
CUST8613,17,866.4117647058823,3.6470588235294117,26.529411764705884,0,0,Blinkit,Personal Care
CUST5581,17,503.47058823529414,3.3529411764705883,32.11764705882353,0,0,Blinkit,Beverages
CUST9447,17,444.94117647058823,3.1176470588235294,36.1764705882353,0,0,JioMart,Dairy
CUST4568,17,367.3529411764706,3.588235294117647,34.1764705882353,0,0,JioMart,Dairy
CUST2770,17,560.4705882352941,2.4705882352941178,29.11764705882353,0,1,JioMart,Beverages
CUST7783,17,496.47058823529414,3.176470588235294,27.058823529411764,0,1,JioMart,Fruits & Vegetables
CUST9078,17,526.1764705882352,3.176470588235294,26.470588235294116,0,1,Blinkit,Dairy
CUST9946,17,537.7647058823529,3.176470588235294,29.941176470588236,0,1,Blinkit,Beverages
CUST2659,17,688.9411764705883,3.235294117647059,28.647058823529413,0,0,JioMart,Dairy
CUST9871,17,629.0,3.411764705882353,29.941176470588236,0,0,Swiggy Instamart,Personal Care
CUST6414,17,624.0,2.4705882352941178,29.294117647058822,0,1,JioMart,Grocery
CUST2571,17,566.5294117647059,3.1176470588235294,29.0,0,1,Blinkit,Beverages
CUST8869,17,526.4705882352941,3.4705882352941178,29.470588235294116,0,0,JioMart,Snacks
CUST2493,17,408.0,2.4705882352941178,31.705882352941178,0,1,JioMart,Grocery
CUST2350,17,655.7058823529412,3.6470588235294117,28.58823529411765,0,0,Blinkit,Grocery
CUST7250,17,455.88235294117646,3.411764705882353,32.11764705882353,0,0,Blinkit,Dairy
CUST7658,17,516.0588235294117,2.6470588235294117,29.470588235294116,0,1,Swiggy Instamart,Personal Care
CUST6468,17,439.2352941176471,2.764705882352941,29.823529411764707,0,1,JioMart,Dairy
CUST1917,17,767.5882352941177,3.235294117647059,29.0,0,0,JioMart,Grocery
CUST8809,17,631.7058823529412,3.2941176470588234,30.470588235294116,0,0,Blinkit,Fruits & Vegetables
CUST4810,17,628.5294117647059,3.4705882352941178,31.176470588235293,0,0,Swiggy Instamart,Beverages
CUST2042,17,402.47058823529414,3.6470588235294117,29.294117647058822,0,0,JioMart,Fruits & Vegetables
CUST4311,17,565.9411764705883,3.2941176470588234,32.23529411764706,0,0,Swiggy Instamart,Beverages
CUST4517,17,663.4705882352941,3.2941176470588234,31.176470588235293,0,0,Swiggy Instamart,Fruits & Vegetables
CUST8552,17,553.8235294117648,4.0588235294117645,27.529411764705884,0,0,Swiggy Instamart,Beverages
CUST3137,17,524.0,3.411764705882353,26.58823529411765,0,0,Blinkit,Beverages
CUST6359,17,630.0588235294117,2.8823529411764706,32.1764705882353,0,1,Blinkit,Fruits & Vegetables
CUST2341,17,834.8823529411765,3.764705882352941,28.0,0,0,Blinkit,Personal Care
CUST3068,17,619.9411764705883,2.8823529411764706,28.352941176470587,0,1,Swiggy Instamart,Personal Care
CUST9593,17,698.8823529411765,3.1176470588235294,32.705882352941174,0,1,JioMart,Personal Care
CUST1225,17,852.4117647058823,3.5294117647058822,25.941176470588236,0,0,JioMart,Beverages
CUST1928,17,683.0588235294117,3.8823529411764706,27.058823529411764,0,0,Swiggy Instamart,Personal Care
CUST3912,17,524.3529411764706,3.7058823529411766,28.823529411764707,0,0,Swiggy Instamart,Dairy
CUST1238,17,546.6470588235294,3.3529411764705883,29.88235294117647,0,0,Swiggy Instamart,Beverages
CUST6214,17,547.2352941176471,2.4705882352941178,29.176470588235293,0,1,JioMart,Snacks
CUST8763,17,558.5294117647059,2.411764705882353,27.823529411764707,0,1,Blinkit,Personal Care
CUST3543,17,671.1764705882352,2.823529411764706,28.58823529411765,0,1,JioMart,Dairy
CUST3224,17,405.29411764705884,3.0,29.294117647058822,0,1,Blinkit,Dairy
CUST2874,17,412.52941176470586,3.5294117647058822,29.235294117647058,0,0,JioMart,Beverages
CUST7444,17,619.6470588235294,3.176470588235294,27.764705882352942,0,0,JioMart,Fruits & Vegetables
CUST2328,17,783.7647058823529,2.9411764705882355,25.941176470588236,0,1,Blinkit,Grocery
CUST6925,17,636.4705882352941,3.4705882352941178,34.11764705882353,0,0,JioMart,Personal Care
CUST1349,17,518.1176470588235,3.2941176470588234,29.294117647058822,0,0,JioMart,Dairy
CUST7078,17,509.52941176470586,3.0588235294117645,27.647058823529413,0,1,Blinkit,Snacks
CUST4559,17,560.0,3.3529411764705883,25.705882352941178,0,0,Swiggy Instamart,Fruits & Vegetables
CUST9697,17,722.4117647058823,3.8823529411764706,29.705882352941178,0,0,Swiggy Instamart,Grocery
CUST5465,17,556.1176470588235,3.4705882352941178,30.0,0,0,JioMart,Fruits & Vegetables
CUST3548,17,649.5882352941177,3.5294117647058822,29.352941176470587,0,0,Blinkit,Grocery
CUST2479,17,608.6470588235294,3.3529411764705883,29.764705882352942,0,0,Swiggy Instamart,Beverages
CUST4476,17,754.1764705882352,3.2941176470588234,28.705882352941178,0,0,JioMart,Beverages
CUST6453,17,605.9411764705883,2.6470588235294117,28.823529411764707,0,1,Swiggy Instamart,Beverages
CUST3286,16,615.8125,3.0625,28.8125,0,0,Blinkit,Beverages
CUST6544,16,644.5625,3.4375,29.125,0,0,JioMart,Grocery
CUST4644,16,534.125,3.625,31.75,0,0,Blinkit,Beverages
CUST2137,16,543.8125,3.625,29.0,0,0,Swiggy Instamart,Dairy
CUST7564,16,586.0,3.6875,36.875,0,0,Blinkit,Personal Care
CUST9364,16,563.9375,3.1875,37.0625,0,0,JioMart,Grocery
CUST2219,16,487.6875,3.0,32.0,0,0,JioMart,Personal Care
CUST4838,16,561.1875,4.0625,25.0,0,0,Swiggy Instamart,Personal Care
CUST9243,16,753.1875,3.0625,30.5625,0,1,Blinkit,Dairy
CUST6833,16,579.75,3.125,30.0625,0,0,Blinkit,Beverages
CUST1159,16,528.9375,3.0625,29.1875,0,0,JioMart,Fruits & Vegetables
CUST4878,16,523.3125,3.4375,32.1875,0,0,Blinkit,Beverages
CUST4263,16,613.625,3.4375,36.25,0,0,JioMart,Personal Care
CUST7566,16,510.625,3.75,27.0625,0,0,Swiggy Instamart,Snacks
CUST7226,16,489.625,2.9375,30.0,0,1,Swiggy Instamart,Dairy
CUST1113,16,883.375,3.25,27.375,0,0,Blinkit,Personal Care
CUST6567,16,468.0,4.0625,30.8125,0,0,JioMart,Dairy
CUST6051,16,564.3125,3.0,25.5625,0,1,Swiggy Instamart,Beverages
CUST5584,16,542.4375,3.3125,28.6875,0,0,JioMart,Dairy
CUST2978,16,657.375,3.0,28.8125,0,0,Blinkit,Beverages
CUST2481,16,558.5625,3.9375,26.8125,0,0,Blinkit,Dairy
CUST4566,16,607.0625,3.25,29.75,0,0,JioMart,Dairy
CUST3307,16,624.125,3.125,28.25,0,0,Swiggy Instamart,Grocery
CUST7737,16,546.4375,3.375,30.8125,0,0,Swiggy Instamart,Fruits & Vegetables
CUST4783,16,523.5,2.875,30.6875,0,1,JioMart,Dairy
CUST8998,16,576.1875,3.9375,30.875,0,0,Swiggy Instamart,Dairy
CUST8808,16,591.6875,2.875,29.875,0,1,Blinkit,Snacks
CUST3125,16,507.375,3.3125,29.8125,0,0,Swiggy Instamart,Fruits & Vegetables
CUST2436,16,389.5625,3.6875,25.5,0,0,Blinkit,Snacks
CUST7488,16,426.75,2.9375,28.4375,0,1,Swiggy Instamart,Dairy
CUST5506,16,625.8125,3.75,25.8125,0,0,Swiggy Instamart,Beverages
CUST1546,16,599.4375,3.25,28.6875,0,0,Blinkit,Beverages
CUST1645,16,593.0625,3.6875,30.8125,0,0,Swiggy Instamart,Fruits & Vegetables
CUST2376,16,565.375,2.6875,32.6875,0,1,Blinkit,Dairy
CUST2640,16,401.3125,3.375,29.375,0,0,Blinkit,Beverages
CUST3412,16,560.8125,3.125,28.125,0,0,Swiggy Instamart,Grocery
CUST4584,16,494.25,2.75,25.5,0,1,Blinkit,Beverages
CUST8758,16,533.25,3.0,26.875,0,1,JioMart,Beverages
CUST5825,16,562.0625,3.4375,31.0,0,0,Blinkit,Dairy
CUST7276,16,649.8125,3.4375,27.125,0,0,JioMart,Beverages
CUST3246,16,403.625,3.25,29.875,0,0,JioMart,Dairy
CUST1197,16,373.9375,2.875,28.25,0,1,Swiggy Instamart,Snacks
CUST4909,16,449.25,2.9375,28.625,0,0,Blinkit,Snacks
CUST4955,16,600.25,3.6875,27.3125,0,0,Swiggy Instamart,Dairy
CUST9297,16,424.0625,3.9375,29.6875,0,0,Blinkit,Beverages
CUST9829,16,318.875,3.4375,31.8125,0,0,Blinkit,Dairy
CUST6488,16,493.0625,3.0625,34.125,0,0,JioMart,Fruits & Vegetables
CUST3458,16,565.0,2.5,27.5,0,1,JioMart,Snacks
CUST2081,16,511.4375,2.875,27.9375,0,1,Blinkit,Dairy
CUST8317,16,524.4375,4.0,28.1875,0,0,JioMart,Beverages
CUST3337,16,756.125,2.875,30.75,0,1,JioMart,Personal Care
CUST2970,16,491.3125,2.9375,31.5,0,0,Swiggy Instamart,Dairy
CUST7249,16,505.625,3.8125,28.8125,0,0,JioMart,Dairy
CUST9773,16,668.5625,3.5,29.75,0,0,Swiggy Instamart,Snacks
CUST4860,16,564.4375,2.3125,28.75,0,1,Blinkit,Fruits & Vegetables
CUST5079,16,636.1875,2.875,23.4375,0,1,Swiggy Instamart,Fruits & Vegetables
CUST3083,16,540.8125,3.4375,27.3125,0,0,JioMart,Dairy
CUST8454,16,876.4375,3.25,31.5625,0,0,JioMart,Personal Care
CUST7868,16,686.9375,3.375,29.625,0,0,Swiggy Instamart,Fruits & Vegetables
CUST3569,16,484.875,3.3125,28.375,0,0,Blinkit,Dairy
CUST5045,16,700.8125,2.75,30.9375,0,1,Blinkit,Dairy
CUST5862,16,586.125,3.6875,26.375,0,0,Swiggy Instamart,Beverages
CUST1420,16,713.75,3.75,29.0,0,0,Blinkit,Fruits & Vegetables
CUST6370,16,597.3125,3.375,28.125,0,0,Swiggy Instamart,Grocery
CUST3435,16,545.0625,3.1875,26.5,0,0,Blinkit,Snacks
CUST2511,16,629.375,2.625,28.8125,0,1,Swiggy Instamart,Grocery
CUST3130,16,470.5,3.3125,29.875,0,0,Blinkit,Personal Care
CUST3835,16,590.75,2.9375,30.25,0,1,JioMart,Snacks
CUST8122,16,491.875,3.5,30.6875,0,0,Swiggy Instamart,Dairy
CUST2520,16,408.8125,3.1875,29.375,0,0,Blinkit,Fruits & Vegetables
CUST7191,16,454.0625,2.6875,30.6875,0,1,Swiggy Instamart,Beverages
CUST9804,16,522.875,2.75,29.625,0,1,Blinkit,Beverages
CUST3733,16,493.875,3.4375,25.625,0,0,Blinkit,Grocery
CUST3298,16,637.6875,3.1875,29.125,0,0,Blinkit,Fruits & Vegetables
CUST3748,16,572.4375,2.9375,28.9375,0,1,JioMart,Fruits & Vegetables
CUST3553,16,643.75,3.75,28.125,0,0,Swiggy Instamart,Beverages
CUST6011,16,589.5625,3.75,28.6875,0,0,Swiggy Instamart,Snacks
CUST5118,16,808.8125,2.8125,29.0,0,1,Swiggy Instamart,Personal Care
CUST3174,16,582.1875,3.75,29.25,0,0,JioMart,Dairy
CUST4202,16,629.25,3.375,29.3125,0,0,Blinkit,Personal Care
CUST9510,16,663.8125,3.25,27.625,0,0,Blinkit,Personal Care
CUST3999,16,363.5625,3.0625,29.75,0,0,Blinkit,Dairy
CUST7358,16,588.875,3.6875,26.5625,0,0,JioMart,Beverages
CUST3264,16,742.5,3.0625,33.125,0,1,Blinkit,Snacks
CUST2753,16,513.0,2.6875,28.5,0,1,JioMart,Fruits & Vegetables
CUST6054,16,614.875,3.0,30.25,0,0,Swiggy Instamart,Beverages
CUST2386,16,552.0625,3.25,24.6875,0,0,Blinkit,Snacks
CUST3215,16,668.1875,3.75,26.875,0,0,Swiggy Instamart,Fruits & Vegetables
CUST3378,16,637.75,3.25,27.5,0,0,Swiggy Instamart,Snacks
CUST5953,16,622.1875,2.625,31.875,0,1,JioMart,Beverages
CUST6395,16,686.75,3.25,25.3125,0,0,JioMart,Dairy
CUST5861,16,496.1875,3.125,25.8125,0,0,Swiggy Instamart,Dairy
CUST9818,16,704.9375,2.5625,27.375,0,1,JioMart,Dairy
CUST4094,16,617.5,3.625,28.9375,0,0,JioMart,Fruits & Vegetables
CUST2689,16,485.4375,3.125,32.5,0,0,Swiggy Instamart,Grocery
CUST2927,16,451.0,2.8125,33.875,0,1,Blinkit,Dairy
CUST3914,16,602.1875,3.75,26.125,0,0,Swiggy Instamart,Beverages
CUST2175,16,950.5625,3.25,28.375,0,0,JioMart,Grocery
CUST5509,16,443.75,2.5625,29.9375,0,1,Swiggy Instamart,Fruits & Vegetables
CUST1232,16,592.0,3.0625,32.625,0,0,Swiggy Instamart,Personal Care
CUST5845,16,523.25,3.75,30.3125,0,0,Blinkit,Fruits & Vegetables
CUST7869,16,574.0,3.375,32.875,0,0,Blinkit,Fruits & Vegetables
CUST2392,16,737.25,3.8125,29.8125,0,0,JioMart,Personal Care
CUST2722,16,436.375,3.1875,25.5,0,0,Blinkit,Dairy
CUST6016,16,566.8125,2.5,27.1875,0,1,Swiggy Instamart,Dairy
CUST8753,16,588.1875,2.625,27.125,0,1,Swiggy Instamart,Dairy
CUST8412,16,415.1875,2.75,29.5,0,1,JioMart,Dairy
CUST2100,16,585.0,3.4375,30.75,0,0,Blinkit,Beverages
CUST1478,16,548.9375,3.375,29.0,0,0,JioMart,Snacks
CUST2667,16,672.8125,2.6875,29.1875,0,1,Blinkit,Fruits & Vegetables
CUST5298,16,549.0625,3.9375,30.0625,0,0,JioMart,Fruits & Vegetables
CUST1535,16,610.1875,2.9375,26.9375,0,1,JioMart,Dairy
CUST2854,16,571.625,3.5,27.375,0,0,Swiggy Instamart,Grocery
CUST9537,16,599.5625,3.6875,29.4375,0,0,Swiggy Instamart,Dairy
CUST4971,16,487.0,3.0625,33.5,0,0,Blinkit,Fruits & Vegetables
CUST5428,16,452.1875,3.5,31.0625,0,0,Blinkit,Grocery
CUST5512,16,687.25,3.5625,29.0625,0,0,JioMart,Fruits & Vegetables
CUST6431,16,518.875,3.5,26.3125,0,0,JioMart,Beverages
CUST9275,16,545.125,3.5,25.3125,0,0,Blinkit,Beverages
CUST8308,16,514.25,3.3125,29.3125,0,0,Blinkit,Dairy
CUST3452,16,648.5,3.75,29.4375,0,0,Blinkit,Personal Care
CUST4688,16,464.625,3.1875,27.375,0,0,JioMart,Dairy
CUST5529,16,505.125,2.875,27.625,0,0,Swiggy Instamart,Fruits & Vegetables
CUST5769,16,501.4375,3.0625,29.0625,0,0,Blinkit,Snacks
CUST6810,16,716.8125,2.8125,27.5,0,1,Swiggy Instamart,Fruits & Vegetables
CUST8843,16,749.0625,3.5,31.6875,0,0,Swiggy Instamart,Personal Care
CUST5530,16,593.875,3.125,29.5625,0,1,Blinkit,Dairy
CUST2790,16,448.9375,3.0,28.0625,0,1,Blinkit,Beverages
CUST5673,16,767.125,3.5625,28.1875,0,0,Blinkit,Personal Care
CUST1355,16,461.0,3.5,27.4375,0,0,Blinkit,Beverages
CUST9682,16,1015.9375,3.625,32.3125,0,0,Swiggy Instamart,Personal Care
CUST7124,16,692.625,3.375,29.625,0,0,JioMart,Snacks
CUST7371,16,546.125,2.875,26.5625,0,1,Swiggy Instamart,Dairy
CUST2052,16,515.6875,2.9375,28.9375,0,0,Blinkit,Dairy
CUST7678,16,572.0,3.125,30.4375,0,1,Swiggy Instamart,Fruits & Vegetables
CUST8778,16,488.3125,3.125,26.0625,0,0,JioMart,Dairy
CUST4281,16,497.375,3.125,25.5,0,0,Blinkit,Snacks
CUST3807,16,646.875,3.0625,28.8125,0,0,JioMart,Fruits & Vegetables
CUST2404,16,434.875,3.25,29.0625,0,0,Swiggy Instamart,Dairy
CUST6435,16,568.125,3.25,28.5625,0,0,JioMart,Fruits & Vegetables
CUST1745,16,707.0,4.0,28.6875,0,0,JioMart,Fruits & Vegetables
CUST1893,16,558.1875,3.125,29.625,0,0,JioMart,Fruits & Vegetables
CUST4835,16,571.25,3.6875,26.125,0,0,Blinkit,Snacks
CUST1110,16,793.8125,3.125,25.5,0,1,Swiggy Instamart,Grocery
CUST6798,16,678.5625,3.1875,32.5625,0,0,JioMart,Personal Care
CUST4769,16,642.3125,2.75,35.4375,0,1,Swiggy Instamart,Beverages
CUST1043,16,754.75,3.3125,26.5,0,0,JioMart,Personal Care
CUST8699,16,608.5,3.625,28.5,0,0,Blinkit,Snacks
CUST6246,16,439.6875,3.375,30.3125,0,0,Swiggy Instamart,Snacks
CUST4082,16,634.0,3.0,29.0625,0,1,JioMart,Fruits & Vegetables
CUST8846,16,444.5,3.4375,31.4375,0,0,Swiggy Instamart,Dairy
CUST3474,16,844.125,3.75,29.625,0,0,Swiggy Instamart,Beverages
CUST2536,16,602.8125,2.8125,30.8125,0,1,Swiggy Instamart,Grocery
CUST7159,16,502.125,2.8125,25.6875,0,0,Swiggy Instamart,Fruits & Vegetables
CUST5826,16,644.625,3.0625,29.0,0,1,JioMart,Beverages
CUST9690,16,525.6875,3.5,31.0625,0,0,Blinkit,Dairy
CUST2595,16,558.875,3.3125,31.625,0,0,Swiggy Instamart,Beverages
CUST5466,16,680.875,2.9375,30.5625,0,1,JioMart,Fruits & Vegetables
CUST4961,16,406.125,3.125,29.125,0,0,Swiggy Instamart,Beverages
CUST3267,16,661.5625,3.375,26.3125,0,0,Swiggy Instamart,Beverages
CUST9876,16,473.0625,3.125,26.875,0,0,Swiggy Instamart,Beverages
CUST7179,16,499.0,4.1875,27.4375,0,0,Swiggy Instamart,Beverages
CUST9246,16,670.9375,3.6875,28.4375,0,0,JioMart,Dairy
CUST3736,16,729.4375,3.125,28.375,0,1,Blinkit,Grocery
CUST7973,16,692.125,3.125,30.5625,0,1,Blinkit,Beverages
CUST1069,16,742.125,3.1875,29.0,0,0,JioMart,Dairy
CUST8939,16,478.875,3.625,32.25,0,0,Blinkit,Personal Care
CUST6028,16,765.0625,3.625,31.75,0,0,Blinkit,Fruits & Vegetables
CUST5959,16,574.875,3.75,30.0625,0,0,Blinkit,Dairy
CUST2299,16,604.375,2.6875,29.375,0,1,Blinkit,Beverages
CUST5867,16,465.625,2.8125,28.0625,0,1,Swiggy Instamart,Grocery
CUST9592,16,490.9375,3.5625,25.375,0,0,JioMart,Beverages
CUST8679,16,846.9375,3.75,30.625,0,0,Swiggy Instamart,Grocery
CUST5073,16,656.5625,3.25,30.875,0,0,Blinkit,Personal Care
CUST2047,16,666.375,3.875,31.0,0,0,JioMart,Dairy
CUST8424,16,517.25,2.625,33.125,0,1,Blinkit,Fruits & Vegetables
CUST9436,16,516.0,3.4375,32.25,0,0,Swiggy Instamart,Beverages
CUST9099,16,650.0,3.0625,28.4375,0,0,JioMart,Grocery
CUST6050,16,547.125,3.4375,31.0625,0,0,JioMart,Dairy
CUST9004,16,589.0,4.0,25.5,0,0,Swiggy Instamart,Snacks
CUST8100,16,505.8125,4.1875,30.9375,0,0,Swiggy Instamart,Snacks
CUST5916,16,747.625,3.0625,27.875,0,0,Blinkit,Grocery
CUST6311,16,714.5625,2.8125,26.4375,0,1,Blinkit,Dairy
CUST4812,16,644.1875,3.3125,25.625,0,0,Blinkit,Grocery
CUST9615,16,762.375,2.625,31.3125,0,1,Blinkit,Grocery
CUST8835,16,418.4375,2.9375,29.625,0,0,JioMart,Fruits & Vegetables
CUST6679,16,635.6875,3.25,27.4375,0,0,Blinkit,Snacks
CUST2465,16,494.1875,2.6875,26.0625,0,1,JioMart,Fruits & Vegetables
CUST5215,16,500.5,2.5625,31.25,0,1,Blinkit,Grocery
CUST8319,16,601.875,3.0625,32.9375,0,0,JioMart,Personal Care
CUST4570,16,570.75,3.75,28.4375,0,0,Swiggy Instamart,Dairy
CUST1937,16,621.1875,3.1875,29.875,0,0,JioMart,Beverages
CUST8546,16,408.25,3.4375,27.375,0,0,JioMart,Beverages
CUST2765,16,505.8125,2.8125,28.375,0,1,Blinkit,Snacks
CUST9172,16,731.5625,2.9375,31.5625,0,1,Swiggy Instamart,Personal Care
CUST8918,16,678.4375,4.125,28.6875,0,0,Swiggy Instamart,Dairy
CUST8195,16,891.375,2.8125,24.8125,0,1,Blinkit,Beverages
CUST9199,16,752.25,2.8125,30.8125,0,1,Blinkit,Beverages
CUST2163,16,827.1875,2.375,29.1875,0,1,JioMart,Personal Care
CUST3562,16,597.125,2.6875,26.75,0,1,Blinkit,Grocery
CUST8936,16,487.0625,3.3125,32.4375,0,0,Swiggy Instamart,Snacks
CUST3568,16,666.0625,3.3125,29.375,0,0,JioMart,Grocery
CUST8624,16,529.6875,3.125,30.0625,0,0,JioMart,Personal Care
CUST2366,16,888.625,3.0,28.0,0,1,JioMart,Personal Care
CUST9114,16,560.5,3.3125,27.9375,0,0,Swiggy Instamart,Snacks
CUST7395,16,592.0625,3.625,31.1875,0,0,Swiggy Instamart,Dairy
CUST6398,16,808.3125,3.875,30.6875,0,0,Swiggy Instamart,Grocery
CUST9090,16,659.375,3.0,27.8125,0,1,Blinkit,Beverages
CUST5676,16,551.25,3.125,34.4375,0,0,Blinkit,Dairy
CUST4189,16,404.0625,3.25,29.9375,0,0,Swiggy Instamart,Grocery
CUST1272,16,474.375,3.9375,32.5,0,0,Blinkit,Fruits & Vegetables
CUST7035,16,620.75,3.1875,30.8125,0,0,Blinkit,Dairy
CUST9311,16,551.5,2.9375,32.5,0,0,JioMart,Beverages
CUST5350,16,545.9375,3.125,33.75,0,0,JioMart,Personal Care
CUST1170,16,568.3125,3.375,33.3125,0,0,Swiggy Instamart,Fruits & Vegetables
CUST7864,16,603.5,2.375,27.625,0,1,Blinkit,Grocery
CUST9950,16,720.125,3.25,21.6875,0,0,Swiggy Instamart,Beverages
CUST7771,16,497.3125,3.0,26.0,0,0,JioMart,Beverages
CUST7601,16,604.1875,2.8125,30.0625,0,1,JioMart,Snacks
CUST4800,16,570.0,3.75,28.9375,0,0,JioMart,Fruits & Vegetables
CUST8247,16,426.75,3.25,30.0625,0,1,Blinkit,Personal Care
CUST6039,16,430.1875,2.875,31.3125,0,1,JioMart,Beverages
CUST1264,16,632.875,3.375,28.25,0,0,JioMart,Grocery
CUST3689,16,640.125,4.25,31.1875,0,0,Swiggy Instamart,Grocery
CUST6014,16,434.25,3.8125,28.125,0,0,JioMart,Dairy
CUST6596,16,390.375,3.1875,28.625,0,0,Blinkit,Beverages
CUST1985,16,528.6875,2.8125,29.125,0,1,Blinkit,Personal Care
CUST1918,16,778.4375,3.125,31.25,0,1,JioMart,Grocery
CUST3583,16,575.375,3.1875,30.6875,0,1,Blinkit,Personal Care
CUST2497,16,619.75,2.6875,27.9375,0,1,Blinkit,Beverages
CUST4148,16,434.75,3.4375,29.125,0,0,JioMart,Beverages
CUST3088,16,556.1875,3.0625,27.1875,0,0,Blinkit,Dairy
CUST7653,16,567.6875,2.375,30.625,0,1,Swiggy Instamart,Dairy
CUST7820,16,350.4375,3.5625,29.4375,0,0,JioMart,Fruits & Vegetables
CUST8158,16,659.75,3.8125,31.0625,0,0,Blinkit,Dairy
CUST8141,16,612.3125,3.125,31.625,0,0,Blinkit,Fruits & Vegetables
CUST6460,16,611.3125,3.1875,33.375,0,0,JioMart,Beverages
CUST1834,16,713.625,3.75,31.0,0,0,JioMart,Grocery
CUST8347,16,603.625,2.8125,29.375,0,1,Swiggy Instamart,Grocery
CUST9845,16,484.625,3.8125,28.625,0,0,JioMart,Dairy
CUST1070,16,466.4375,3.25,30.1875,0,0,Blinkit,Beverages
CUST7791,16,624.8125,3.0,26.375,0,1,JioMart,Personal Care
CUST4567,16,471.5625,2.4375,29.0625,0,1,Swiggy Instamart,Grocery
CUST9677,16,470.8125,3.9375,25.0625,0,0,JioMart,Beverages
CUST2743,16,651.0,3.5625,28.5,0,0,Swiggy Instamart,Grocery
CUST1845,16,551.3125,3.8125,32.875,0,0,JioMart,Beverages
CUST5375,16,587.5,3.5,30.5,0,0,Blinkit,Beverages
CUST1255,16,604.9375,3.5625,28.4375,0,0,Swiggy Instamart,Grocery
CUST4216,16,508.5,3.625,30.875,0,0,Blinkit,Snacks
CUST7770,16,591.6875,3.625,31.5625,0,0,JioMart,Beverages
CUST3526,16,541.625,2.5625,27.375,0,1,Swiggy Instamart,Dairy
CUST6531,16,440.6875,2.6875,32.5,0,1,JioMart,Dairy
CUST1496,16,605.75,4.3125,30.0625,0,0,Swiggy Instamart,Snacks
CUST7809,16,588.75,3.1875,34.3125,0,0,Swiggy Instamart,Beverages
CUST5754,16,537.25,3.125,31.5625,0,0,Swiggy Instamart,Personal Care
CUST1379,16,642.3125,3.375,31.375,0,0,Blinkit,Fruits & Vegetables
CUST9370,16,853.6875,2.9375,29.0625,0,1,Blinkit,Personal Care
CUST2349,16,515.125,3.3125,30.25,0,0,Blinkit,Beverages
CUST3742,16,742.3125,3.1875,26.5625,0,0,Swiggy Instamart,Grocery
CUST3916,16,527.9375,3.125,32.25,0,0,Blinkit,Grocery
CUST1276,16,728.625,3.6875,31.8125,0,0,JioMart,Personal Care
CUST4014,16,514.1875,2.9375,30.3125,0,0,JioMart,Dairy
CUST1182,16,564.1875,3.0625,30.6875,0,1,JioMart,Personal Care
CUST9970,16,381.625,3.375,27.75,0,0,Blinkit,Dairy
CUST8960,16,592.8125,3.3125,29.125,0,0,JioMart,Beverages
CUST6971,16,567.3125,3.4375,23.3125,0,0,JioMart,Beverages
CUST3852,16,579.25,3.5,29.0,0,0,JioMart,Snacks
CUST8242,16,630.375,2.5625,32.0625,0,1,Swiggy Instamart,Personal Care
CUST4295,16,498.375,3.25,29.4375,0,0,Swiggy Instamart,Grocery
CUST3646,16,604.0,3.3125,26.25,0,0,Blinkit,Beverages
CUST2061,16,511.0,3.625,27.4375,0,0,JioMart,Dairy
CUST1112,16,513.625,3.375,31.4375,0,0,Blinkit,Beverages
CUST4264,16,543.125,4.0625,27.625,0,0,JioMart,Fruits & Vegetables
CUST1284,16,460.5,3.125,30.3125,0,0,JioMart,Snacks
CUST4400,16,531.5,2.75,27.5,0,1,Swiggy Instamart,Beverages
CUST7048,16,550.375,3.125,30.25,0,0,Swiggy Instamart,Grocery
CUST5617,16,568.125,3.0625,29.75,0,0,Blinkit,Beverages
CUST7672,16,609.4375,3.0,30.3125,0,0,Blinkit,Dairy
CUST1299,16,530.0625,2.8125,32.0,0,1,Blinkit,Fruits & Vegetables
CUST7934,16,718.25,3.1875,31.125,0,0,Blinkit,Fruits & Vegetables
CUST2106,16,666.75,2.9375,27.625,0,0,Blinkit,Grocery
CUST7524,16,438.375,3.3125,30.25,0,0,JioMart,Beverages
CUST4081,16,562.875,3.25,28.6875,0,0,Blinkit,Dairy
CUST8566,16,733.125,3.375,27.25,0,0,JioMart,Personal Care
CUST2353,16,658.3125,2.9375,32.0,0,1,Swiggy Instamart,Beverages
CUST8406,16,500.3125,3.1875,24.5,0,0,Swiggy Instamart,Beverages
CUST5757,16,811.625,3.4375,24.4375,0,0,Swiggy Instamart,Personal Care
CUST2702,16,694.5625,3.1875,25.25,0,0,Blinkit,Beverages
CUST4994,16,594.25,2.875,28.4375,0,1,JioMart,Snacks
CUST2156,16,640.5625,2.875,31.375,0,1,JioMart,Dairy
CUST1782,16,614.25,3.0625,24.375,0,0,JioMart,Dairy
CUST7355,16,419.25,3.25,25.625,0,0,JioMart,Snacks
CUST1173,16,545.8125,3.0,32.375,0,1,JioMart,Beverages
CUST8887,16,663.6875,2.9375,34.0,0,1,JioMart,Personal Care
CUST6527,16,540.75,2.9375,27.125,0,1,JioMart,Personal Care
CUST3964,16,567.125,2.9375,27.75,0,1,Blinkit,Dairy
CUST4757,16,620.9375,3.1875,32.3125,0,0,Blinkit,Fruits & Vegetables
CUST9841,16,707.5,3.75,27.25,0,0,Swiggy Instamart,Personal Care
CUST9375,16,630.4375,3.125,29.6875,0,0,JioMart,Beverages
CUST3780,16,598.125,3.25,29.5,0,1,Swiggy Instamart,Snacks
CUST4776,16,486.375,3.0,28.3125,0,0,JioMart,Snacks
CUST7165,16,460.0625,3.5,28.9375,0,0,JioMart,Fruits & Vegetables
CUST5891,16,515.9375,4.125,28.75,0,0,Swiggy Instamart,Dairy
CUST8486,16,481.9375,3.125,28.6875,0,0,JioMart,Beverages
CUST8539,16,506.75,2.75,32.875,0,1,Blinkit,Beverages
CUST9411,16,789.8125,3.3125,29.625,0,0,Blinkit,Dairy
CUST9237,16,465.875,3.3125,26.9375,0,0,JioMart,Beverages
CUST4507,16,546.875,3.375,30.3125,0,0,Swiggy Instamart,Dairy
CUST1906,16,470.25,3.0,29.75,0,0,Swiggy Instamart,Beverages
CUST3725,16,726.125,2.75,27.125,0,1,JioMart,Beverages
CUST3433,16,648.25,3.25,26.125,0,0,Swiggy Instamart,Snacks
CUST6334,16,519.8125,4.125,29.4375,0,0,Swiggy Instamart,Snacks
CUST9095,16,512.5,3.5625,24.75,0,0,Blinkit,Dairy
CUST9334,16,876.1875,3.5625,26.6875,0,0,Blinkit,Personal Care
CUST7299,16,481.875,3.0,30.375,0,0,Blinkit,Fruits & Vegetables
CUST7597,16,662.1875,3.875,31.8125,0,0,Blinkit,Fruits & Vegetables
CUST6517,16,534.0625,2.875,27.125,0,1,Swiggy Instamart,Dairy
CUST7730,16,859.375,3.0625,28.9375,0,1,Swiggy Instamart,Beverages
CUST8170,16,828.1875,3.75,26.8125,0,0,Swiggy Instamart,Grocery
CUST7731,16,492.875,3.125,29.4375,0,0,JioMart,Dairy
CUST5096,16,508.0,3.375,31.0625,0,0,Blinkit,Beverages
CUST7115,16,652.25,3.5625,28.3125,0,0,Swiggy Instamart,Snacks
CUST3406,16,516.75,3.0,29.125,0,0,JioMart,Dairy
CUST4548,16,300.1875,2.8125,31.3125,0,1,JioMart,Dairy
CUST9374,16,516.125,3.5,28.125,0,0,Blinkit,Beverages
CUST7840,16,617.1875,3.3125,29.0,0,0,Swiggy Instamart,Personal Care
CUST4353,16,678.6875,3.4375,27.4375,0,0,Blinkit,Beverages
CUST5613,16,586.0625,2.3125,27.5625,0,1,Swiggy Instamart,Dairy
CUST3893,16,398.0625,3.4375,29.8125,0,0,Blinkit,Snacks
CUST3676,16,664.8125,3.6875,26.25,0,0,JioMart,Fruits & Vegetables
CUST2822,16,572.4375,3.0,32.4375,0,1,Swiggy Instamart,Beverages
CUST8069,16,521.25,3.0,28.5625,0,0,JioMart,Snacks
CUST2373,16,641.4375,3.125,28.8125,0,0,Swiggy Instamart,Beverages
CUST9908,16,522.375,3.5625,31.5625,0,0,JioMart,Beverages
CUST2829,16,676.25,4.125,28.75,0,0,Blinkit,Fruits & Vegetables
CUST7374,16,370.0,2.9375,27.375,0,1,Swiggy Instamart,Dairy
CUST5001,16,471.875,2.375,28.3125,0,1,Swiggy Instamart,Personal Care
CUST9049,16,564.8125,3.4375,28.375,0,0,Swiggy Instamart,Dairy
CUST8540,16,547.75,3.3125,31.875,0,0,Blinkit,Beverages
CUST7466,16,763.625,2.9375,27.25,0,1,JioMart,Personal Care
CUST5317,16,636.75,3.3125,23.6875,0,0,Blinkit,Grocery
CUST5667,16,455.75,4.0625,28.8125,0,0,Blinkit,Grocery
CUST1657,16,540.4375,3.375,30.0,0,0,JioMart,Snacks
CUST7591,16,507.375,3.5,31.5,0,0,Blinkit,Snacks
CUST5036,16,651.8125,2.6875,27.8125,0,1,Blinkit,Personal Care
CUST5550,16,652.9375,3.625,27.5625,0,0,Swiggy Instamart,Beverages
CUST4865,16,618.75,2.875,28.125,0,1,JioMart,Fruits & Vegetables
CUST6294,16,712.75,3.0625,29.6875,0,0,Swiggy Instamart,Dairy
CUST5492,16,461.125,3.1875,26.9375,0,0,JioMart,Fruits & Vegetables
CUST4010,16,567.75,3.875,29.3125,0,0,JioMart,Beverages
CUST3585,16,558.1875,3.3125,25.125,0,0,Blinkit,Grocery
CUST9408,16,716.1875,2.9375,32.1875,0,0,Swiggy Instamart,Personal Care
CUST3928,16,542.125,2.6875,29.5625,0,1,JioMart,Dairy
CUST8606,16,836.9375,3.8125,29.125,0,0,Swiggy Instamart,Personal Care
CUST1609,16,529.75,3.1875,31.0625,0,0,Swiggy Instamart,Grocery
CUST5583,16,466.0625,1.9375,29.1875,0,1,Blinkit,Fruits & Vegetables
CUST5520,16,455.625,3.625,29.8125,0,0,JioMart,Fruits & Vegetables
CUST4817,16,485.25,3.375,29.5,0,0,Swiggy Instamart,Beverages
CUST5542,16,650.0625,3.0,32.0,0,0,Swiggy Instamart,Dairy
CUST1243,16,495.4375,3.25,33.125,0,0,JioMart,Beverages
CUST4588,16,703.375,3.5,32.25,0,0,Blinkit,Beverages
CUST4289,16,446.0625,3.625,28.0,0,0,Swiggy Instamart,Fruits & Vegetables
CUST3165,16,754.4375,3.75,30.4375,0,0,JioMart,Personal Care
CUST9221,16,745.625,3.6875,33.125,0,0,JioMart,Personal Care
CUST4418,16,641.25,3.3125,31.9375,0,0,JioMart,Snacks
CUST5554,16,557.1875,3.0625,32.75,0,1,Blinkit,Dairy
CUST3445,16,353.875,2.8125,32.75,0,1,JioMart,Fruits & Vegetables
CUST7028,16,575.5625,3.4375,30.875,0,0,Blinkit,Snacks
CUST6991,16,592.6875,3.3125,28.9375,0,0,Swiggy Instamart,Fruits & Vegetables
CUST2694,15,692.6,3.466666666666667,26.6,0,0,JioMart,Fruits & Vegetables
CUST8323,15,583.9333333333333,3.7333333333333334,30.066666666666666,0,0,Swiggy Instamart,Beverages
CUST2344,15,581.4,2.933333333333333,34.46666666666667,0,0,Blinkit,Dairy
CUST6909,15,907.7333333333333,2.6666666666666665,31.533333333333335,0,1,JioMart,Personal Care
CUST4070,15,678.8,3.1333333333333333,33.4,0,0,Blinkit,Dairy
CUST2468,15,469.8666666666667,3.0,32.666666666666664,0,1,Blinkit,Fruits & Vegetables
CUST5933,15,675.6,3.2,32.53333333333333,0,1,JioMart,Grocery
CUST7437,15,504.8,3.466666666666667,28.266666666666666,0,0,Blinkit,Beverages
CUST2976,15,526.8,3.066666666666667,29.2,0,1,JioMart,Dairy
CUST4155,15,741.8,3.2666666666666666,31.8,0,0,Blinkit,Fruits & Vegetables
CUST4677,15,548.9333333333333,3.4,24.866666666666667,0,0,Blinkit,Dairy
CUST7543,15,772.3333333333334,3.466666666666667,25.533333333333335,0,0,JioMart,Dairy
CUST6190,15,685.6,3.0,36.8,0,1,JioMart,Grocery
CUST2805,15,618.8,2.7333333333333334,30.0,0,1,JioMart,Dairy
CUST8129,15,754.9333333333333,3.2666666666666666,29.066666666666666,0,1,Blinkit,Dairy
CUST8669,15,514.6666666666666,3.7333333333333334,26.6,0,0,Swiggy Instamart,Fruits & Vegetables
CUST6907,15,521.6666666666666,3.2,32.06666666666667,0,0,Blinkit,Dairy
CUST3219,15,379.93333333333334,3.2666666666666666,27.933333333333334,0,0,JioMart,Snacks
CUST8357,15,603.4666666666667,2.8666666666666667,22.933333333333334,0,1,Swiggy Instamart,Dairy
CUST2316,15,373.8,3.4,26.066666666666666,0,0,Swiggy Instamart,Fruits & Vegetables
CUST1714,15,605.8,2.6666666666666665,24.733333333333334,0,1,Blinkit,Beverages
CUST5922,15,655.9333333333333,2.8666666666666667,32.333333333333336,0,1,Swiggy Instamart,Dairy
CUST5775,15,509.06666666666666,2.8,28.133333333333333,0,1,Blinkit,Fruits & Vegetables
CUST9016,15,479.06666666666666,2.933333333333333,24.866666666666667,0,1,Blinkit,Personal Care
CUST1995,15,481.93333333333334,3.933333333333333,26.933333333333334,0,0,Blinkit,Fruits & Vegetables
CUST9569,15,617.0,3.0,31.066666666666666,0,1,Swiggy Instamart,Fruits & Vegetables
CUST3302,15,553.5333333333333,2.3333333333333335,25.866666666666667,0,1,JioMart,Beverages
CUST7388,15,548.5333333333333,4.333333333333333,28.066666666666666,0,0,Swiggy Instamart,Dairy
CUST2001,15,645.2,3.2666666666666666,32.86666666666667,0,0,Swiggy Instamart,Beverages
CUST3921,15,431.2,2.8666666666666667,31.0,0,1,Blinkit,Dairy
CUST9046,15,564.3333333333334,3.466666666666667,31.133333333333333,0,0,JioMart,Beverages
CUST5379,15,771.1333333333333,3.066666666666667,30.533333333333335,0,0,Swiggy Instamart,Grocery
CUST3623,15,498.06666666666666,3.3333333333333335,27.933333333333334,0,0,Blinkit,Beverages
CUST9366,15,559.4666666666667,3.3333333333333335,30.866666666666667,0,0,Blinkit,Dairy
CUST2406,15,613.6,2.8666666666666667,29.2,0,0,Blinkit,Beverages
CUST5183,15,493.8666666666667,2.933333333333333,28.8,0,0,JioMart,Beverages
CUST3690,15,479.53333333333336,3.066666666666667,26.533333333333335,0,0,Blinkit,Beverages
CUST7574,15,617.5333333333333,2.8666666666666667,30.6,0,1,Swiggy Instamart,Dairy
CUST4436,15,454.3333333333333,3.4,31.533333333333335,0,0,Blinkit,Fruits & Vegetables
CUST2256,15,606.4666666666667,3.1333333333333333,33.666666666666664,0,1,JioMart,Grocery
CUST8845,15,619.1333333333333,3.8,30.066666666666666,0,0,JioMart,Dairy
CUST6510,15,443.6666666666667,2.8666666666666667,24.733333333333334,0,1,JioMart,Beverages
CUST1777,15,526.2,3.6666666666666665,31.6,0,0,Swiggy Instamart,Dairy
CUST9673,15,541.2666666666667,2.933333333333333,25.933333333333334,0,1,Swiggy Instamart,Dairy
CUST9698,15,656.6,3.466666666666667,31.8,0,0,Blinkit,Grocery
CUST9646,15,506.8666666666667,3.0,24.6,0,1,Swiggy Instamart,Beverages
CUST3826,15,538.2,2.7333333333333334,33.93333333333333,0,1,Blinkit,Grocery
CUST4053,15,516.1333333333333,3.066666666666667,30.666666666666668,0,0,JioMart,Fruits & Vegetables
CUST1072,15,569.6,3.4,27.133333333333333,0,0,Swiggy Instamart,Snacks
CUST5437,15,443.6,2.7333333333333334,28.133333333333333,0,1,Swiggy Instamart,Dairy
CUST2908,15,890.4,3.533333333333333,25.8,0,0,Swiggy Instamart,Personal Care
CUST5615,15,667.9333333333333,3.933333333333333,28.8,0,0,Swiggy Instamart,Grocery
CUST4781,15,690.6,3.3333333333333335,31.466666666666665,0,1,Swiggy Instamart,Fruits & Vegetables
CUST1486,15,541.0666666666667,2.8666666666666667,28.933333333333334,0,1,Swiggy Instamart,Snacks
CUST5287,15,569.8666666666667,2.533333333333333,29.2,0,1,Blinkit,Dairy
CUST3560,15,546.8,3.533333333333333,28.2,0,0,Blinkit,Beverages
CUST8112,15,626.8,3.2666666666666666,35.0,0,0,Swiggy Instamart,Grocery
CUST1738,15,505.0,3.4,30.733333333333334,0,0,JioMart,Dairy
CUST6993,15,374.8666666666667,2.8,32.666666666666664,0,1,Blinkit,Snacks
CUST6340,15,445.46666666666664,3.4,31.133333333333333,0,0,JioMart,Fruits & Vegetables
CUST8496,15,637.3333333333334,3.3333333333333335,28.8,0,0,Blinkit,Snacks
CUST9019,15,711.5333333333333,3.4,32.06666666666667,0,0,Swiggy Instamart,Personal Care
CUST8878,15,573.8666666666667,3.0,31.0,0,1,Blinkit,Dairy
CUST5338,15,704.9333333333333,3.4,24.2,0,0,JioMart,Dairy
CUST3479,15,447.6,3.6,28.6,0,0,JioMart,Dairy
CUST7290,15,547.4,3.4,28.6,0,0,Swiggy Instamart,Snacks
CUST9109,15,556.0,2.933333333333333,24.4,0,1,Blinkit,Dairy
CUST9827,15,625.6,2.533333333333333,29.8,0,1,Blinkit,Dairy
CUST3758,15,572.5333333333333,3.066666666666667,28.0,0,1,Blinkit,Beverages
CUST9398,15,416.53333333333336,2.933333333333333,29.4,0,1,JioMart,Dairy
CUST7623,15,524.1333333333333,2.8,24.866666666666667,0,1,JioMart,Fruits & Vegetables
CUST8890,15,661.0666666666667,2.8,31.2,0,1,JioMart,Beverages
CUST5315,15,570.5333333333333,3.6666666666666665,27.066666666666666,0,0,Swiggy Instamart,Dairy
CUST5389,15,588.5333333333333,2.6,28.8,0,1,Blinkit,Grocery
CUST5305,15,428.3333333333333,3.6666666666666665,27.733333333333334,0,0,JioMart,Snacks
CUST5026,15,448.73333333333335,2.6,29.8,0,1,Blinkit,Beverages
CUST8193,15,834.8666666666667,3.7333333333333334,28.0,0,0,JioMart,Fruits & Vegetables
CUST8039,15,573.7333333333333,3.6,32.06666666666667,0,0,Swiggy Instamart,Fruits & Vegetables
CUST8336,15,574.3333333333334,3.6666666666666665,27.2,0,0,Blinkit,Snacks
CUST2922,15,530.3333333333334,3.2,29.2,0,0,JioMart,Fruits & Vegetables
CUST7236,15,731.4,3.8,24.666666666666668,0,0,JioMart,Grocery
CUST8511,15,481.6,3.4,29.066666666666666,0,0,Swiggy Instamart,Beverages
CUST8230,15,565.8,3.0,29.266666666666666,0,1,JioMart,Beverages
CUST8479,15,627.4666666666667,3.7333333333333334,27.733333333333334,0,0,Blinkit,Dairy
CUST4749,15,542.9333333333333,3.066666666666667,27.333333333333332,0,0,Swiggy Instamart,Personal Care
CUST2529,15,569.8666666666667,3.1333333333333333,30.266666666666666,0,0,JioMart,Grocery
CUST9509,15,612.0,3.466666666666667,25.466666666666665,0,0,JioMart,Snacks
CUST1227,15,632.4666666666667,3.066666666666667,31.8,0,1,Blinkit,Personal Care
CUST1471,15,563.0666666666667,3.4,30.466666666666665,0,0,Swiggy Instamart,Fruits & Vegetables
CUST7960,15,529.5333333333333,3.6,27.666666666666668,0,0,Blinkit,Snacks
CUST2723,15,621.4,3.0,29.0,0,1,Blinkit,Fruits & Vegetables
CUST1385,15,560.0,3.7333333333333334,33.733333333333334,0,0,JioMart,Fruits & Vegetables
CUST8102,15,727.8,3.1333333333333333,28.666666666666668,0,1,Blinkit,Personal Care
CUST7363,15,639.1333333333333,3.066666666666667,31.6,0,0,Swiggy Instamart,Snacks
CUST3480,15,821.8,3.7333333333333334,26.933333333333334,0,0,JioMart,Grocery
CUST1439,15,470.4,3.4,28.8,0,0,Swiggy Instamart,Dairy
CUST8628,15,745.2666666666667,3.7333333333333334,33.733333333333334,0,0,Blinkit,Dairy
CUST5913,15,431.26666666666665,3.1333333333333333,36.4,0,0,Blinkit,Dairy
CUST9306,15,650.0666666666667,2.466666666666667,29.733333333333334,0,1,Blinkit,Fruits & Vegetables
CUST2107,15,471.06666666666666,3.2,32.93333333333333,0,0,JioMart,Beverages
CUST9133,15,593.8,3.533333333333333,33.2,0,0,Swiggy Instamart,Beverages
CUST6353,15,549.6666666666666,2.933333333333333,28.733333333333334,0,1,JioMart,Dairy
CUST3865,15,510.8,3.466666666666667,27.333333333333332,0,0,JioMart,Beverages
CUST8571,15,480.2,3.1333333333333333,29.0,0,1,Swiggy Instamart,Beverages
CUST3243,15,737.8666666666667,3.1333333333333333,31.2,0,1,JioMart,Dairy
CUST3523,15,613.3333333333334,3.1333333333333333,24.8,0,0,Blinkit,Grocery
CUST5806,15,607.2,3.933333333333333,29.933333333333334,0,0,Swiggy Instamart,Beverages
CUST6873,15,473.0,2.6666666666666665,27.4,0,1,Blinkit,Dairy
CUST3385,15,604.9333333333333,2.933333333333333,26.666666666666668,0,1,Blinkit,Grocery
CUST2093,15,568.0666666666667,3.0,31.466666666666665,0,1,Blinkit,Personal Care
CUST7804,15,570.2,3.2,31.4,0,0,Swiggy Instamart,Beverages
CUST2229,15,589.8,3.933333333333333,27.666666666666668,0,0,JioMart,Beverages
CUST7870,15,659.6666666666666,3.3333333333333335,29.4,0,0,Swiggy Instamart,Beverages
CUST5625,15,381.0,4.066666666666666,30.733333333333334,0,0,Swiggy Instamart,Beverages
CUST6426,15,652.2666666666667,3.3333333333333335,31.933333333333334,0,0,JioMart,Grocery
CUST2862,15,646.6666666666666,3.6,31.6,0,0,Swiggy Instamart,Fruits & Vegetables
CUST6855,15,674.2666666666667,3.533333333333333,24.866666666666667,0,0,Blinkit,Dairy
CUST5808,15,597.1333333333333,4.0,30.4,0,0,Blinkit,Beverages
CUST8123,15,674.6666666666666,3.2666666666666666,27.8,0,1,Swiggy Instamart,Personal Care
CUST2152,15,635.6666666666666,3.0,27.533333333333335,0,1,JioMart,Dairy
CUST6253,15,546.5333333333333,3.6,27.2,0,0,Blinkit,Beverages
CUST7775,15,661.8666666666667,3.2666666666666666,31.6,0,0,JioMart,Beverages
CUST1768,15,590.8,3.2,35.8,0,0,JioMart,Dairy
CUST7102,15,636.7333333333333,3.933333333333333,28.8,0,0,Swiggy Instamart,Beverages
CUST5276,15,550.0666666666667,3.8,29.666666666666668,0,0,JioMart,Beverages
CUST3749,15,820.7333333333333,3.6,32.46666666666667,0,0,Swiggy Instamart,Dairy
CUST8616,15,599.1333333333333,3.066666666666667,28.8,0,1,Blinkit,Grocery
CUST7149,15,539.9333333333333,3.933333333333333,30.6,0,0,Blinkit,Dairy
CUST1195,15,817.0,3.466666666666667,29.2,0,0,JioMart,Dairy
CUST9802,15,623.7333333333333,2.7333333333333334,33.86666666666667,0,1,JioMart,Dairy
CUST7948,15,613.7333333333333,2.7333333333333334,31.0,0,1,JioMart,Fruits & Vegetables
CUST4641,15,667.6666666666666,3.0,32.0,0,1,JioMart,Beverages
CUST2228,15,628.8,3.7333333333333334,33.4,0,0,Blinkit,Grocery
CUST1483,15,634.7333333333333,3.533333333333333,28.066666666666666,0,0,JioMart,Grocery
CUST2076,15,620.9333333333333,3.3333333333333335,27.133333333333333,0,0,Swiggy Instamart,Snacks
CUST3072,15,579.6,3.2666666666666666,27.6,0,0,Blinkit,Grocery
CUST9606,15,664.6666666666666,3.2,24.133333333333333,0,1,Blinkit,Dairy
CUST3320,15,747.8666666666667,3.2666666666666666,30.8,0,0,Swiggy Instamart,Grocery
CUST2817,15,587.8,2.8,22.8,0,1,Swiggy Instamart,Grocery
CUST4951,15,732.1333333333333,2.7333333333333334,28.866666666666667,0,1,JioMart,Grocery
CUST6878,15,696.4,2.6,26.466666666666665,0,1,Blinkit,Beverages
CUST4927,15,500.2,2.933333333333333,29.0,0,1,Blinkit,Beverages
CUST6341,15,611.1333333333333,3.2,27.333333333333332,0,0,JioMart,Fruits & Vegetables
CUST7542,15,643.1333333333333,3.1333333333333333,29.866666666666667,0,1,Swiggy Instamart,Grocery
CUST5051,15,557.2,2.7333333333333334,31.533333333333335,0,1,Blinkit,Fruits & Vegetables
CUST9289,15,636.8,3.0,28.066666666666666,0,1,Swiggy Instamart,Fruits & Vegetables
CUST4550,15,556.6,3.2,29.733333333333334,0,0,JioMart,Beverages
CUST5278,15,380.6,3.933333333333333,28.666666666666668,0,0,Blinkit,Snacks
CUST6682,15,609.6,3.0,24.0,0,1,JioMart,Dairy
CUST6234,15,588.9333333333333,3.2666666666666666,28.466666666666665,0,0,Swiggy Instamart,Snacks
CUST2301,15,607.2,3.6666666666666665,31.533333333333335,0,0,Blinkit,Personal Care
CUST4522,15,519.4666666666667,3.533333333333333,29.8,0,0,Blinkit,Grocery
CUST6687,15,675.6666666666666,3.6666666666666665,26.266666666666666,0,0,Swiggy Instamart,Beverages
CUST1898,15,625.3333333333334,3.466666666666667,28.8,0,0,Blinkit,Fruits & Vegetables
CUST9384,15,669.5333333333333,3.2,30.666666666666668,0,0,Swiggy Instamart,Grocery
CUST4600,15,474.3333333333333,3.7333333333333334,27.133333333333333,0,0,Blinkit,Dairy
CUST8447,15,623.7333333333333,2.466666666666667,28.933333333333334,0,1,Blinkit,Snacks
CUST2134,15,685.0,2.533333333333333,27.6,0,1,JioMart,Fruits & Vegetables
CUST1585,15,584.1333333333333,3.2666666666666666,31.8,0,0,Blinkit,Fruits & Vegetables
CUST2453,15,755.0,2.8,26.733333333333334,0,1,Swiggy Instamart,Personal Care
CUST2893,15,660.5333333333333,3.066666666666667,26.933333333333334,0,1,JioMart,Personal Care
CUST6466,15,805.0666666666667,3.6666666666666665,26.133333333333333,0,0,JioMart,Personal Care
CUST8014,15,510.6,3.2,29.6,0,0,Swiggy Instamart,Fruits & Vegetables
CUST6188,15,580.2,2.8,29.066666666666666,0,1,Blinkit,Personal Care
CUST5830,15,491.4,2.8,31.133333333333333,0,1,Swiggy Instamart,Snacks
CUST3791,15,823.4,3.066666666666667,30.466666666666665,0,1,Swiggy Instamart,Personal Care
CUST8950,15,448.2,1.7333333333333334,28.466666666666665,0,1,Swiggy Instamart,Fruits & Vegetables
CUST8449,15,787.6666666666666,3.4,28.866666666666667,0,0,Blinkit,Personal Care
CUST3227,15,562.0666666666667,3.933333333333333,29.533333333333335,0,0,Blinkit,Personal Care
CUST9008,15,690.2666666666667,2.7333333333333334,32.4,0,1,Swiggy Instamart,Beverages
CUST9043,15,404.46666666666664,2.8,24.333333333333332,0,1,JioMart,Snacks
CUST3636,15,710.8666666666667,3.7333333333333334,34.13333333333333,0,0,JioMart,Personal Care
CUST3476,15,474.26666666666665,3.6666666666666665,30.133333333333333,0,0,JioMart,Dairy
CUST4892,15,798.7333333333333,2.7333333333333334,33.266666666666666,0,1,Blinkit,Personal Care
CUST3069,15,606.5333333333333,3.2666666666666666,31.466666666666665,0,0,JioMart,Snacks
CUST9653,15,652.4,3.7333333333333334,33.266666666666666,0,0,Blinkit,Grocery
CUST2097,15,565.0666666666667,3.466666666666667,26.733333333333334,0,0,Swiggy Instamart,Dairy
CUST1640,15,601.4,3.4,31.8,0,0,JioMart,Dairy
CUST7268,15,634.4666666666667,2.933333333333333,31.666666666666668,0,0,JioMart,Beverages
CUST8173,15,526.6,2.8,29.533333333333335,0,1,JioMart,Grocery
CUST7729,15,632.1333333333333,3.6,34.2,0,0,JioMart,Dairy
CUST4770,15,600.4666666666667,3.2666666666666666,30.2,0,0,Swiggy Instamart,Dairy
CUST2133,15,413.8,3.466666666666667,33.0,0,0,Blinkit,Fruits & Vegetables
CUST3103,15,756.4666666666667,3.8,31.066666666666666,0,0,Blinkit,Personal Care
CUST5342,15,489.8,2.8666666666666667,30.2,0,1,Swiggy Instamart,Dairy
CUST9462,15,431.1333333333333,3.7333333333333334,24.133333333333333,0,0,Blinkit,Snacks
CUST4027,15,733.1333333333333,3.6,26.4,0,0,Blinkit,Beverages
CUST1187,15,599.0,3.6666666666666665,29.8,0,0,Blinkit,Snacks
CUST7709,15,603.3333333333334,2.533333333333333,29.333333333333332,0,1,JioMart,Beverages
CUST1500,15,599.4666666666667,2.8,31.6,0,1,Blinkit,Grocery
CUST1151,15,710.5333333333333,3.1333333333333333,31.666666666666668,0,0,JioMart,Dairy
CUST4050,15,536.1333333333333,3.466666666666667,28.6,0,0,Blinkit,Fruits & Vegetables
CUST4387,15,498.4,3.3333333333333335,25.133333333333333,0,0,JioMart,Beverages
CUST7943,15,668.3333333333334,3.4,26.4,0,0,JioMart,Grocery
CUST9380,15,516.4,2.8666666666666667,30.8,0,1,JioMart,Beverages
CUST6509,15,557.1333333333333,2.6666666666666665,34.93333333333333,0,1,Swiggy Instamart,Personal Care
CUST4468,15,627.4,3.2666666666666666,28.466666666666665,0,0,Blinkit,Beverages
CUST6751,15,592.5333333333333,2.8,35.333333333333336,0,1,JioMart,Fruits & Vegetables
CUST4524,15,723.4,3.4,32.93333333333333,0,0,Swiggy Instamart,Personal Care
CUST3796,15,691.2666666666667,3.0,32.86666666666667,0,1,Swiggy Instamart,Dairy
CUST2742,15,584.2,2.6,26.8,0,1,Blinkit,Personal Care
CUST9274,15,525.2666666666667,3.466666666666667,23.733333333333334,0,0,Blinkit,Dairy
CUST6966,15,716.5333333333333,3.7333333333333334,31.2,0,0,Blinkit,Personal Care
CUST2710,15,652.4,3.533333333333333,31.2,0,0,Blinkit,Fruits & Vegetables
CUST4649,15,618.5333333333333,3.7333333333333334,25.666666666666668,0,0,Swiggy Instamart,Beverages
CUST9200,15,816.7333333333333,3.6,31.4,0,0,JioMart,Grocery
CUST8140,15,487.73333333333335,2.8666666666666667,26.6,0,1,Blinkit,Snacks
CUST9901,15,650.6,3.6666666666666665,28.4,0,0,Blinkit,Personal Care
CUST8739,15,666.8,3.6,29.6,0,0,Blinkit,Fruits & Vegetables
CUST5728,15,606.6666666666666,3.3333333333333335,28.2,0,0,Blinkit,Fruits & Vegetables
CUST1332,15,491.3333333333333,3.2,27.4,0,0,Blinkit,Snacks
CUST4643,15,771.2666666666667,3.6,27.4,0,0,Blinkit,Personal Care
CUST3346,15,687.7333333333333,3.6,25.733333333333334,0,0,Swiggy Instamart,Grocery
CUST6786,15,673.5333333333333,3.1333333333333333,31.2,0,1,JioMart,Beverages
CUST9021,15,499.2,2.6666666666666665,27.466666666666665,0,1,JioMart,Grocery
CUST3915,15,729.2,3.1333333333333333,26.0,0,1,Swiggy Instamart,Beverages
CUST1644,15,551.2666666666667,3.1333333333333333,30.4,0,1,Blinkit,Fruits & Vegetables
CUST5324,15,690.2666666666667,3.1333333333333333,29.266666666666666,0,0,Swiggy Instamart,Grocery
CUST7298,15,590.2,3.1333333333333333,30.066666666666666,0,1,Swiggy Instamart,Beverages
CUST7234,15,443.3333333333333,2.2666666666666666,33.46666666666667,0,1,Blinkit,Dairy
CUST1309,15,612.1333333333333,3.2,31.6,0,1,JioMart,Grocery
CUST1612,15,391.73333333333335,3.0,25.866666666666667,0,1,Blinkit,Fruits & Vegetables
CUST5885,15,567.9333333333333,3.8666666666666667,26.533333333333335,0,0,JioMart,Snacks
CUST1997,15,551.0,3.6666666666666665,30.733333333333334,0,0,JioMart,Fruits & Vegetables
CUST6674,15,618.9333333333333,3.533333333333333,32.2,0,0,JioMart,Fruits & Vegetables
CUST5874,15,498.46666666666664,3.466666666666667,33.86666666666667,0,0,Swiggy Instamart,Dairy
CUST2458,15,765.5333333333333,3.8,29.266666666666666,0,0,Blinkit,Fruits & Vegetables
CUST5140,15,529.1333333333333,3.3333333333333335,31.6,0,0,JioMart,Snacks
CUST8033,15,609.4,2.7333333333333334,34.733333333333334,0,1,JioMart,Beverages
CUST7843,15,495.93333333333334,3.2666666666666666,32.46666666666667,0,0,Blinkit,Snacks
CUST5742,15,805.2666666666667,2.8,31.133333333333333,0,1,Swiggy Instamart,Grocery
CUST2965,15,605.6,3.4,28.8,0,0,Blinkit,Personal Care
CUST9919,15,725.8666666666667,3.066666666666667,31.133333333333333,0,0,Swiggy Instamart,Personal Care
CUST5562,15,621.6,3.533333333333333,28.2,0,0,Blinkit,Beverages
CUST9856,15,487.26666666666665,3.6,29.666666666666668,0,0,Swiggy Instamart,Snacks
CUST2528,15,504.53333333333336,2.933333333333333,23.4,0,0,Swiggy Instamart,Snacks
CUST6528,15,535.2,3.533333333333333,26.666666666666668,0,0,JioMart,Beverages
CUST8612,15,553.6666666666666,3.066666666666667,28.733333333333334,0,1,Blinkit,Fruits & Vegetables
CUST8206,15,484.6,3.1333333333333333,30.4,0,0,JioMart,Dairy
CUST8531,15,653.5333333333333,2.4,28.666666666666668,0,1,JioMart,Personal Care
CUST6864,15,446.8,3.7333333333333334,33.46666666666667,0,0,JioMart,Fruits & Vegetables
CUST4842,15,642.3333333333334,3.8666666666666667,33.6,0,0,Blinkit,Grocery
CUST2123,15,392.53333333333336,2.6,29.733333333333334,0,1,Swiggy Instamart,Fruits & Vegetables
CUST7593,15,502.0,2.2,28.666666666666668,0,1,Blinkit,Dairy
CUST7301,15,572.0,2.2666666666666666,30.466666666666665,0,1,JioMart,Beverages
CUST2281,15,622.3333333333334,3.466666666666667,33.53333333333333,0,0,Swiggy Instamart,Beverages
CUST1606,15,619.8666666666667,3.3333333333333335,35.06666666666667,0,0,JioMart,Dairy
CUST5129,15,675.1333333333333,3.2,33.333333333333336,0,0,Blinkit,Beverages
CUST5429,15,563.3333333333334,3.8,27.2,0,0,Blinkit,Fruits & Vegetables
CUST8944,15,597.6,2.8666666666666667,25.4,0,1,Blinkit,Fruits & Vegetables
CUST7947,15,498.26666666666665,3.2,30.8,0,1,JioMart,Fruits & Vegetables
CUST6655,15,608.2,3.3333333333333335,25.733333333333334,0,0,Blinkit,Personal Care
CUST3262,15,581.9333333333333,3.466666666666667,31.6,0,0,JioMart,Fruits & Vegetables
CUST6996,15,586.0,2.8,28.866666666666667,0,1,Blinkit,Grocery
CUST2635,15,687.0666666666667,2.8666666666666667,29.333333333333332,0,1,Swiggy Instamart,Grocery
CUST1646,15,379.6,2.8666666666666667,34.2,0,0,JioMart,Dairy
CUST6857,15,565.9333333333333,3.2666666666666666,28.666666666666668,0,0,Swiggy Instamart,Dairy
CUST5543,15,658.4666666666667,3.466666666666667,27.066666666666666,0,0,JioMart,Snacks
CUST1839,15,858.6,3.066666666666667,28.866666666666667,0,1,Blinkit,Beverages
CUST1341,15,578.0,3.1333333333333333,25.466666666666665,0,1,Swiggy Instamart,Personal Care
CUST8155,15,354.3333333333333,3.2666666666666666,25.666666666666668,0,0,JioMart,Dairy
CUST2288,15,591.7333333333333,3.2,28.666666666666668,0,0,Blinkit,Grocery
CUST7939,15,902.7333333333333,3.533333333333333,29.933333333333334,0,0,Blinkit,Personal Care
CUST1887,15,578.7333333333333,2.8,30.866666666666667,0,1,JioMart,Snacks
CUST8973,15,657.9333333333333,3.0,29.4,0,1,Blinkit,Grocery
CUST9765,15,484.2,3.6,32.13333333333333,0,0,JioMart,Dairy
CUST5911,15,570.0666666666667,3.0,26.8,0,1,Swiggy Instamart,Dairy
CUST9589,15,630.2,3.2,23.533333333333335,0,0,Blinkit,Grocery
CUST1517,15,611.7333333333333,3.6,28.6,0,0,JioMart,Fruits & Vegetables
CUST2800,15,460.6,3.3333333333333335,27.2,0,0,JioMart,Fruits & Vegetables
CUST7861,15,747.1333333333333,2.533333333333333,28.2,0,1,JioMart,Beverages
CUST9500,15,566.8666666666667,3.0,27.866666666666667,0,1,JioMart,Dairy
CUST9392,15,486.06666666666666,3.533333333333333,27.4,0,0,JioMart,Beverages
CUST8214,15,853.8,2.8666666666666667,28.866666666666667,0,1,Blinkit,Personal Care
CUST7453,15,791.8,3.0,34.13333333333333,0,1,Swiggy Instamart,Grocery
CUST7438,15,638.1333333333333,3.4,34.93333333333333,0,0,Blinkit,Grocery
CUST5990,15,768.4,3.066666666666667,30.0,0,1,Blinkit,Grocery
CUST4633,15,731.4,3.6666666666666665,23.733333333333334,0,0,Blinkit,Dairy
CUST3414,15,725.6,2.933333333333333,35.666666666666664,0,1,Blinkit,Fruits & Vegetables
CUST3401,15,637.2666666666667,3.533333333333333,24.533333333333335,0,0,Blinkit,Dairy
CUST1591,15,676.6666666666666,3.4,33.86666666666667,0,0,Blinkit,Dairy
CUST3087,15,679.0,2.933333333333333,30.0,0,1,Swiggy Instamart,Fruits & Vegetables
CUST7646,15,549.2,3.466666666666667,26.333333333333332,0,0,JioMart,Personal Care
CUST6766,15,498.46666666666664,3.2,31.466666666666665,0,0,Swiggy Instamart,Grocery
CUST8063,15,533.1333333333333,2.8666666666666667,32.0,0,1,JioMart,Dairy
CUST4168,15,531.7333333333333,3.2666666666666666,31.933333333333334,0,0,Blinkit,Dairy
CUST4953,15,491.73333333333335,3.2,28.066666666666666,0,1,Blinkit,Beverages
CUST1741,15,538.0,2.4,30.533333333333335,0,1,Blinkit,Snacks
CUST2795,15,605.8,3.4,28.933333333333334,0,0,Blinkit,Dairy
CUST4679,15,546.9333333333333,3.2,30.466666666666665,0,0,Blinkit,Snacks
CUST3205,15,347.4,3.2,29.733333333333334,0,0,Blinkit,Fruits & Vegetables
CUST1524,15,362.73333333333335,3.6666666666666665,28.666666666666668,0,0,Blinkit,Snacks
CUST6273,15,455.0,4.0,28.266666666666666,0,0,Blinkit,Snacks
CUST7762,15,633.1333333333333,3.2,26.0,0,1,JioMart,Personal Care
CUST6281,15,608.2,2.3333333333333335,30.533333333333335,0,1,Blinkit,Beverages
CUST8268,15,854.2666666666667,3.533333333333333,26.666666666666668,0,0,Swiggy Instamart,Beverages
CUST4232,15,664.3333333333334,3.7333333333333334,26.0,0,0,Blinkit,Personal Care
CUST4004,15,593.2,2.933333333333333,26.866666666666667,0,1,Blinkit,Fruits & Vegetables
CUST5057,15,441.93333333333334,3.1333333333333333,25.333333333333332,0,0,Blinkit,Snacks
CUST8640,15,621.4,3.1333333333333333,31.866666666666667,0,1,Swiggy Instamart,Dairy
CUST4275,15,558.2,3.1333333333333333,25.666666666666668,0,1,Blinkit,Beverages
CUST8415,15,623.2666666666667,3.066666666666667,33.4,0,1,Blinkit,Grocery
CUST1769,15,504.53333333333336,2.6666666666666665,28.866666666666667,0,1,Blinkit,Grocery
CUST9978,15,517.0666666666667,3.2666666666666666,26.533333333333335,0,0,JioMart,Grocery
CUST3372,15,721.0,3.6,31.6,0,0,Blinkit,Personal Care
CUST8020,15,821.3333333333334,3.2,32.4,0,0,Swiggy Instamart,Personal Care
CUST2305,15,449.4,2.6666666666666665,33.333333333333336,0,1,JioMart,Snacks
CUST4774,15,443.8,3.6666666666666665,28.266666666666666,0,0,Blinkit,Personal Care
CUST9171,15,633.9333333333333,3.0,27.733333333333334,0,1,Swiggy Instamart,Fruits & Vegetables
CUST7328,15,748.8666666666667,2.533333333333333,32.4,0,1,Swiggy Instamart,Personal Care
CUST5513,15,450.73333333333335,3.066666666666667,30.2,0,0,JioMart,Dairy
CUST6695,15,727.4,3.466666666666667,38.46666666666667,0,0,Blinkit,Beverages
CUST8404,15,512.5333333333333,2.4,33.266666666666666,0,1,Blinkit,Beverages
CUST9307,15,690.9333333333333,2.8666666666666667,29.333333333333332,0,1,Swiggy Instamart,Grocery
CUST8577,15,738.6,2.066666666666667,27.8,0,1,JioMart,Personal Care
CUST9290,15,419.53333333333336,3.466666666666667,28.066666666666666,0,0,Blinkit,Snacks
CUST6955,15,572.9333333333333,2.8666666666666667,32.6,0,1,Swiggy Instamart,Personal Care
CUST7427,15,635.9333333333333,2.533333333333333,32.06666666666667,0,1,JioMart,Dairy
CUST3431,15,648.3333333333334,3.066666666666667,25.933333333333334,0,0,Swiggy Instamart,Personal Care
CUST9977,15,555.8,3.066666666666667,27.4,0,1,JioMart,Beverages
CUST4443,15,451.4,3.8,25.6,0,0,Swiggy Instamart,Dairy
CUST6279,15,513.6,3.066666666666667,28.733333333333334,0,0,Swiggy Instamart,Beverages
CUST8244,15,680.3333333333334,2.933333333333333,27.666666666666668,0,1,Blinkit,Grocery
CUST1822,15,402.93333333333334,3.8,30.466666666666665,0,0,Swiggy Instamart,Fruits & Vegetables
CUST3855,15,804.8666666666667,3.6666666666666665,32.2,0,0,Blinkit,Grocery
CUST6437,15,514.2,2.8,32.8,0,1,Blinkit,Grocery
CUST7208,15,706.0666666666667,3.2666666666666666,30.466666666666665,0,0,Blinkit,Personal Care
CUST2136,15,567.0666666666667,3.533333333333333,29.133333333333333,0,0,Blinkit,Beverages
CUST5059,15,549.3333333333334,3.6,28.133333333333333,0,0,JioMart,Snacks
CUST3953,15,610.9333333333333,3.2666666666666666,25.4,0,0,Blinkit,Beverages
CUST1960,15,610.0666666666667,3.8,30.933333333333334,0,0,Swiggy Instamart,Grocery
CUST7396,15,430.53333333333336,2.8666666666666667,28.2,0,1,Swiggy Instamart,Dairy
CUST5345,15,418.06666666666666,3.0,27.933333333333334,0,1,JioMart,Dairy
CUST5727,15,651.6666666666666,3.8666666666666667,32.666666666666664,0,0,Blinkit,Snacks
CUST4342,15,601.0,3.8,32.93333333333333,0,0,Swiggy Instamart,Fruits & Vegetables
CUST7850,15,580.6,2.8666666666666667,29.333333333333332,0,1,Blinkit,Dairy
CUST6258,15,594.5333333333333,2.933333333333333,29.333333333333332,0,0,JioMart,Grocery
CUST8975,15,749.1333333333333,2.933333333333333,27.066666666666666,0,1,Blinkit,Dairy
CUST1718,15,698.5333333333333,3.1333333333333333,30.2,0,0,Blinkit,Snacks
CUST1596,15,684.2666666666667,2.6666666666666665,35.8,0,1,Swiggy Instamart,Beverages
CUST7113,15,729.0666666666667,3.533333333333333,29.666666666666668,0,0,Blinkit,Grocery
CUST1408,15,603.6,3.8666666666666667,31.0,0,0,JioMart,Dairy
CUST1903,15,441.0,3.6,29.0,0,0,Blinkit,Beverages
CUST6071,15,546.8666666666667,3.6,27.8,0,0,JioMart,Dairy
CUST2300,15,571.5333333333333,3.066666666666667,29.2,0,0,Blinkit,Beverages
CUST3643,15,560.0,3.533333333333333,27.266666666666666,0,0,JioMart,Snacks
CUST6409,15,563.7333333333333,3.3333333333333335,29.333333333333332,0,0,Blinkit,Snacks
CUST6139,15,522.8666666666667,3.0,31.866666666666667,0,1,Swiggy Instamart,Dairy
CUST1572,15,726.2,2.6666666666666665,27.133333333333333,0,1,JioMart,Personal Care
CUST4602,15,541.7333333333333,2.8,25.866666666666667,0,1,Blinkit,Dairy
CUST3100,15,627.0,2.933333333333333,28.933333333333334,0,0,Swiggy Instamart,Personal Care
CUST9397,15,657.4,3.2666666666666666,27.533333333333335,0,0,Swiggy Instamart,Grocery
CUST4444,15,715.2666666666667,2.8,32.6,0,1,Swiggy Instamart,Personal Care
CUST6228,15,508.2,2.8,24.6,0,1,Swiggy Instamart,Dairy
CUST3594,15,626.4666666666667,3.3333333333333335,29.666666666666668,0,0,Swiggy Instamart,Personal Care
CUST1888,15,550.8666666666667,4.2,32.666666666666664,0,0,Swiggy Instamart,Snacks
CUST3971,15,743.4,3.933333333333333,28.0,0,0,Swiggy Instamart,Grocery
CUST4375,15,530.4,3.2,26.866666666666667,0,0,JioMart,Dairy
CUST9230,15,402.1333333333333,2.6666666666666665,30.933333333333334,0,1,Blinkit,Beverages
CUST4166,15,376.06666666666666,2.7333333333333334,27.333333333333332,0,1,Swiggy Instamart,Dairy
CUST3527,15,473.26666666666665,3.1333333333333333,27.466666666666665,0,0,Swiggy Instamart,Snacks
CUST9624,15,685.9333333333333,3.6,30.6,0,0,Blinkit,Personal Care
CUST7457,15,614.8666666666667,3.4,28.0,0,0,JioMart,Fruits & Vegetables
CUST9605,15,554.2666666666667,2.933333333333333,29.266666666666666,0,0,Swiggy Instamart,Snacks
CUST1773,15,760.4,2.6666666666666665,31.133333333333333,0,1,Blinkit,Beverages
CUST8387,15,577.4,3.466666666666667,22.6,0,0,Blinkit,Beverages
CUST6008,15,709.7333333333333,2.933333333333333,27.533333333333335,0,1,JioMart,Beverages
CUST7708,15,503.8,3.066666666666667,30.4,0,1,JioMart,Dairy
CUST1907,15,490.2,3.466666666666667,32.4,0,0,Blinkit,Grocery
CUST4694,15,587.5333333333333,3.1333333333333333,30.0,0,1,Swiggy Instamart,Fruits & Vegetables
CUST8154,15,761.0,2.8,32.666666666666664,0,1,Blinkit,Beverages
CUST7500,15,524.9333333333333,2.6666666666666665,31.733333333333334,0,1,Blinkit,Fruits & Vegetables
CUST1491,15,668.2,3.066666666666667,27.4,0,1,Blinkit,Beverages
CUST2111,15,576.2,3.0,34.13333333333333,0,1,Swiggy Instamart,Fruits & Vegetables
CUST6940,15,554.8666666666667,3.1333333333333333,30.2,0,0,Swiggy Instamart,Dairy
CUST4869,15,683.4666666666667,2.8666666666666667,33.2,0,1,JioMart,Dairy
CUST4938,15,629.1333333333333,3.466666666666667,28.4,0,0,JioMart,Beverages
CUST1393,15,859.2,2.066666666666667,30.8,0,1,Swiggy Instamart,Grocery
CUST9518,15,559.7333333333333,2.8,31.2,0,1,JioMart,Dairy
CUST6685,15,600.0666666666667,3.3333333333333335,32.86666666666667,0,0,JioMart,Personal Care
CUST3410,15,644.6666666666666,3.2666666666666666,30.0,0,0,JioMart,Dairy
CUST6918,15,497.93333333333334,3.6,30.6,0,0,Blinkit,Dairy
CUST4133,15,500.1333333333333,3.6,26.333333333333332,0,0,Swiggy Instamart,Grocery
CUST8976,15,531.1333333333333,3.3333333333333335,30.6,0,0,JioMart,Dairy
CUST3696,15,650.1333333333333,3.2666666666666666,25.866666666666667,0,0,Swiggy Instamart,Grocery
CUST6976,15,787.2666666666667,2.7333333333333334,27.6,0,1,Blinkit,Dairy
CUST7903,15,506.73333333333335,3.3333333333333335,26.6,0,0,JioMart,Personal Care
CUST8941,15,589.5333333333333,3.7333333333333334,26.2,0,0,Blinkit,Fruits & Vegetables
CUST1472,15,626.0,3.0,30.666666666666668,0,1,Swiggy Instamart,Grocery
CUST8560,15,493.6666666666667,3.7333333333333334,27.533333333333335,0,0,JioMart,Fruits & Vegetables
CUST6805,15,694.6,3.6,30.133333333333333,0,0,Blinkit,Dairy
CUST4452,15,574.6666666666666,3.066666666666667,27.333333333333332,0,1,Swiggy Instamart,Fruits & Vegetables
CUST4992,15,616.7333333333333,2.6,33.46666666666667,0,1,JioMart,Grocery
CUST7246,15,666.8666666666667,3.1333333333333333,27.333333333333332,0,0,Swiggy Instamart,Dairy
CUST8059,15,496.0,2.8666666666666667,28.266666666666666,0,1,JioMart,Grocery
CUST6476,15,627.4666666666667,2.6,27.666666666666668,0,1,Blinkit,Dairy
CUST2964,15,707.8,3.4,30.466666666666665,0,0,Swiggy Instamart,Personal Care
CUST2216,15,641.6,2.6666666666666665,33.666666666666664,0,1,Swiggy Instamart,Beverages
CUST4048,15,664.0666666666667,2.933333333333333,36.8,0,1,Swiggy Instamart,Grocery
CUST2438,15,437.2,3.2,28.533333333333335,0,1,Blinkit,Snacks
CUST1292,15,602.2,3.066666666666667,30.6,0,0,JioMart,Fruits & Vegetables
CUST7599,15,625.8666666666667,2.6666666666666665,28.466666666666665,0,1,Blinkit,Personal Care
CUST8698,15,446.8,3.2666666666666666,30.333333333333332,0,0,JioMart,Dairy
CUST1019,15,623.6,4.133333333333334,29.733333333333334,0,0,Blinkit,Grocery
CUST5020,15,714.0,3.533333333333333,28.0,0,0,Blinkit,Beverages
CUST2132,15,632.5333333333333,2.8,26.8,0,1,Blinkit,Snacks
CUST5185,15,507.93333333333334,3.0,33.46666666666667,0,1,Blinkit,Dairy
CUST3962,15,621.8666666666667,3.3333333333333335,27.933333333333334,0,0,Blinkit,Personal Care
CUST7326,15,420.93333333333334,4.333333333333333,27.0,0,0,JioMart,Dairy
CUST6624,15,660.0,3.2,33.6,0,0,Blinkit,Fruits & Vegetables
CUST4339,15,574.5333333333333,2.8,33.93333333333333,0,1,Swiggy Instamart,Dairy
CUST5590,15,592.7333333333333,2.6666666666666665,27.8,0,1,Blinkit,Beverages
CUST2767,15,674.4,3.066666666666667,29.8,0,0,Blinkit,Beverages
CUST4912,15,787.7333333333333,3.7333333333333334,28.133333333333333,0,0,Swiggy Instamart,Grocery
CUST8371,15,786.8,3.7333333333333334,31.533333333333335,0,0,Blinkit,Personal Care
CUST5310,15,388.3333333333333,3.533333333333333,31.466666666666665,0,0,Swiggy Instamart,Fruits & Vegetables
CUST5277,15,659.5333333333333,3.8,31.0,0,0,Blinkit,Beverages
CUST2917,15,593.8,2.8666666666666667,31.8,0,1,Swiggy Instamart,Dairy
CUST5098,15,577.6666666666666,3.6666666666666665,28.2,0,0,JioMart,Personal Care
CUST3956,15,630.8,3.1333333333333333,29.266666666666666,0,0,Blinkit,Dairy
CUST6776,15,542.8,3.533333333333333,36.46666666666667,0,0,Blinkit,Snacks
CUST4610,15,614.5333333333333,3.933333333333333,29.333333333333332,0,0,JioMart,Personal Care
CUST2658,15,598.0,3.066666666666667,32.4,0,0,Swiggy Instamart,Beverages
CUST8224,15,513.8666666666667,3.0,30.266666666666666,0,1,JioMart,Fruits & Vegetables
CUST1325,15,771.3333333333334,4.133333333333334,26.666666666666668,0,0,Blinkit,Personal Care
CUST8349,15,528.8,2.8,30.733333333333334,0,1,Blinkit,Beverages
CUST2298,15,536.5333333333333,3.2666666666666666,28.0,0,0,Blinkit,Fruits & Vegetables
CUST4714,15,673.4,2.4,26.6,0,1,Blinkit,Beverages
CUST9846,15,622.8,3.533333333333333,31.866666666666667,0,0,Swiggy Instamart,Beverages
CUST3490,15,486.73333333333335,3.3333333333333335,29.733333333333334,0,0,JioMart,Grocery
CUST8119,15,540.0666666666667,4.0,29.066666666666666,0,0,JioMart,Fruits & Vegetables
CUST5433,15,558.1333333333333,3.0,29.533333333333335,0,1,Blinkit,Dairy
CUST6964,15,658.1333333333333,3.1333333333333333,25.533333333333335,0,1,Blinkit,Dairy
CUST4212,15,698.2,3.0,28.2,0,1,Swiggy Instamart,Dairy
CUST2296,15,662.8,3.6666666666666665,30.6,0,0,JioMart,Grocery
CUST6180,15,462.93333333333334,3.533333333333333,27.2,0,0,Swiggy Instamart,Snacks
CUST6464,15,844.8,2.7333333333333334,28.666666666666668,0,1,JioMart,Grocery
CUST5002,15,647.6666666666666,2.533333333333333,24.466666666666665,0,1,Swiggy Instamart,Fruits & Vegetables
CUST5164,15,535.2,3.066666666666667,28.133333333333333,0,0,Blinkit,Dairy
CUST1269,15,474.8666666666667,2.8,29.533333333333335,0,0,Blinkit,Dairy
CUST1461,15,563.6,3.1333333333333333,29.4,0,0,Blinkit,Fruits & Vegetables
CUST9667,15,598.0,3.466666666666667,31.266666666666666,0,0,JioMart,Grocery
CUST6215,15,679.0,2.4,27.466666666666665,0,1,JioMart,Fruits & Vegetables
CUST8505,15,470.6,2.8666666666666667,33.733333333333334,0,0,Blinkit,Fruits & Vegetables
CUST6483,15,584.6,3.6,25.266666666666666,0,0,Swiggy Instamart,Snacks
CUST8580,15,750.4666666666667,3.3333333333333335,30.466666666666665,0,0,Blinkit,Grocery
CUST6888,15,545.6666666666666,2.8666666666666667,26.866666666666667,0,1,Blinkit,Beverages
CUST9165,15,746.0,3.6666666666666665,28.066666666666666,0,0,JioMart,Personal Care
CUST5781,15,663.4666666666667,2.4,30.466666666666665,0,1,Swiggy Instamart,Beverages
CUST1158,15,595.1333333333333,2.6666666666666665,27.6,0,1,Blinkit,Beverages
CUST4335,15,616.8666666666667,3.1333333333333333,32.6,0,0,Blinkit,Beverages
CUST8992,15,383.46666666666664,4.0,27.133333333333333,0,0,Blinkit,Snacks
CUST6824,15,740.6666666666666,3.7333333333333334,28.6,0,0,JioMart,Fruits & Vegetables
CUST3273,15,571.6,3.2,32.2,0,0,Blinkit,Beverages
CUST9914,15,731.3333333333334,3.066666666666667,31.266666666666666,0,0,Swiggy Instamart,Dairy
CUST3434,15,640.9333333333333,3.533333333333333,29.666666666666668,0,0,Blinkit,Fruits & Vegetables
CUST5611,15,608.2,3.0,30.2,0,0,Swiggy Instamart,Grocery
CUST6254,15,711.2,3.2666666666666666,32.06666666666667,0,0,Swiggy Instamart,Personal Care
CUST2092,15,588.8,3.7333333333333334,30.133333333333333,0,0,Blinkit,Beverages
CUST1378,15,699.0,3.066666666666667,27.866666666666667,0,1,Blinkit,Dairy
CUST9359,15,817.4666666666667,3.3333333333333335,34.2,0,0,Blinkit,Beverages
CUST7334,15,544.7333333333333,3.066666666666667,31.933333333333334,0,1,Swiggy Instamart,Fruits & Vegetables
CUST8418,15,699.4666666666667,4.133333333333334,26.666666666666668,0,0,JioMart,Beverages
CUST9059,15,634.0666666666667,3.2,31.666666666666668,0,1,JioMart,Beverages
CUST7745,15,611.3333333333334,3.0,32.333333333333336,0,1,Blinkit,Fruits & Vegetables
CUST4950,15,517.4666666666667,3.533333333333333,28.4,0,0,Swiggy Instamart,Personal Care
CUST3975,15,618.1333333333333,3.2666666666666666,28.933333333333334,0,0,Swiggy Instamart,Dairy
CUST9137,15,572.9333333333333,3.4,27.133333333333333,0,0,Blinkit,Dairy
CUST2096,15,637.4666666666667,2.6,29.133333333333333,0,1,Blinkit,Dairy
CUST4893,15,670.4,2.4,34.53333333333333,0,1,Blinkit,Personal Care
CUST4963,15,681.4666666666667,3.2666666666666666,25.666666666666668,0,0,Swiggy Instamart,Grocery
CUST1128,15,613.2666666666667,2.6,25.6,0,1,JioMart,Beverages
CUST5905,15,804.7333333333333,3.2,31.266666666666666,0,0,Swiggy Instamart,Fruits & Vegetables
CUST6974,15,564.6666666666666,3.6,33.4,0,0,JioMart,Fruits & Vegetables
CUST2424,15,707.1333333333333,2.6,28.0,0,1,Blinkit,Beverages
CUST3111,15,430.53333333333336,2.8,28.266666666666666,0,1,Blinkit,Beverages
CUST4095,15,511.4,3.466666666666667,26.8,0,0,JioMart,Fruits & Vegetables
CUST4657,15,702.4666666666667,3.2,34.2,0,0,Blinkit,Snacks
CUST1879,15,725.1333333333333,3.6,26.4,0,0,Blinkit,Dairy
CUST1825,15,528.7333333333333,3.066666666666667,26.866666666666667,0,1,JioMart,Fruits & Vegetables
CUST5786,15,683.6,2.933333333333333,27.0,0,1,Swiggy Instamart,Personal Care
CUST2692,15,575.6,2.8,31.2,0,1,JioMart,Fruits & Vegetables
CUST4803,15,687.2,3.1333333333333333,29.933333333333334,0,1,Swiggy Instamart,Grocery
CUST7201,15,683.6,3.0,31.066666666666666,0,1,JioMart,Personal Care
CUST6061,15,668.5333333333333,3.4,31.466666666666665,0,0,Blinkit,Grocery
CUST5901,15,524.0666666666667,3.7333333333333334,28.466666666666665,0,0,Swiggy Instamart,Fruits & Vegetables
CUST3306,15,537.0,4.266666666666667,29.8,0,0,Swiggy Instamart,Snacks
CUST4611,15,775.1333333333333,2.7333333333333334,26.6,0,1,Blinkit,Beverages
CUST2919,15,689.3333333333334,3.4,26.933333333333334,0,0,JioMart,Snacks
CUST5552,14,375.07142857142856,3.0714285714285716,31.142857142857142,0,0,Blinkit,Snacks
CUST1106,14,380.64285714285717,2.7857142857142856,31.857142857142858,0,1,Blinkit,Snacks
CUST2674,14,680.2857142857143,3.2142857142857144,30.642857142857142,0,0,JioMart,Fruits & Vegetables
CUST1847,14,683.1428571428571,2.7142857142857144,32.0,0,1,Blinkit,Grocery
CUST8208,14,383.14285714285717,3.142857142857143,22.142857142857142,0,0,Blinkit,Snacks
CUST7224,14,611.6428571428571,3.857142857142857,36.357142857142854,0,0,Blinkit,Personal Care
CUST9130,14,583.1428571428571,2.7142857142857144,26.571428571428573,0,1,Blinkit,Grocery
CUST5374,14,487.7142857142857,3.0,31.714285714285715,0,1,JioMart,Snacks
CUST8222,14,538.1428571428571,3.4285714285714284,29.357142857142858,0,0,JioMart,Beverages
CUST6193,14,943.6428571428571,3.357142857142857,26.714285714285715,0,0,JioMart,Personal Care
CUST4545,14,510.7142857142857,3.7142857142857144,27.714285714285715,0,0,Blinkit,Beverages
CUST5066,14,742.1428571428571,2.857142857142857,29.142857142857142,0,1,Blinkit,Personal Care
CUST6701,14,499.5,3.4285714285714284,32.92857142857143,0,0,JioMart,Snacks
CUST3739,14,601.1428571428571,3.2857142857142856,32.142857142857146,0,0,Swiggy Instamart,Beverages
CUST2587,14,562.0714285714286,3.4285714285714284,23.642857142857142,0,0,Blinkit,Beverages
CUST6897,14,772.1428571428571,3.2857142857142856,30.428571428571427,0,0,JioMart,Grocery
CUST6432,14,543.0,3.5,29.5,0,0,JioMart,Grocery
CUST4434,14,463.7142857142857,3.642857142857143,30.571428571428573,0,0,Swiggy Instamart,Snacks
CUST4309,14,659.0714285714286,3.857142857142857,27.285714285714285,0,0,JioMart,Dairy
CUST3883,14,627.3571428571429,2.9285714285714284,31.214285714285715,0,1,Swiggy Instamart,Dairy
CUST6594,14,689.3571428571429,3.142857142857143,28.571428571428573,0,0,Blinkit,Beverages
CUST8108,14,489.7857142857143,3.2857142857142856,35.285714285714285,0,0,Blinkit,Beverages
CUST2833,14,546.7857142857143,3.642857142857143,25.214285714285715,0,0,JioMart,Beverages
CUST9551,14,678.5,4.285714285714286,33.214285714285715,0,0,Swiggy Instamart,Beverages
CUST5125,14,685.5,3.4285714285714284,25.285714285714285,0,0,JioMart,Personal Care
CUST9897,14,571.8571428571429,3.642857142857143,31.357142857142858,0,0,Swiggy Instamart,Snacks
CUST8702,14,427.7857142857143,3.7142857142857144,27.285714285714285,0,0,Blinkit,Beverages
CUST7338,14,486.07142857142856,3.142857142857143,28.642857142857142,0,0,Swiggy Instamart,Snacks
CUST6649,14,745.1428571428571,3.9285714285714284,27.857142857142858,0,0,JioMart,Grocery
CUST6447,14,480.92857142857144,3.0714285714285716,32.357142857142854,0,1,Blinkit,Snacks
CUST9981,14,388.7142857142857,3.0714285714285716,26.571428571428573,0,1,Blinkit,Beverages
CUST4829,14,605.7142857142857,3.5714285714285716,30.857142857142858,0,0,JioMart,Grocery
CUST5035,14,829.8571428571429,3.857142857142857,31.928571428571427,0,0,Swiggy Instamart,Dairy
CUST7228,14,520.6428571428571,3.0,31.214285714285715,0,1,Blinkit,Dairy
CUST7160,14,717.7857142857143,3.2857142857142856,30.571428571428573,0,0,Swiggy Instamart,Beverages
CUST5454,14,669.6428571428571,3.4285714285714284,29.071428571428573,0,0,Blinkit,Beverages
CUST3988,14,919.5714285714286,2.5714285714285716,29.571428571428573,0,1,Blinkit,Personal Care
CUST2332,14,541.7857142857143,3.142857142857143,26.857142857142858,0,0,JioMart,Beverages
CUST4558,14,510.35714285714283,2.5,30.071428571428573,0,1,Blinkit,Grocery
CUST9534,14,752.9285714285714,3.0,31.785714285714285,0,1,JioMart,Grocery
CUST8884,14,505.92857142857144,4.142857142857143,28.0,0,0,Swiggy Instamart,Fruits & Vegetables
CUST5462,14,662.5714285714286,3.5,25.5,0,0,Blinkit,Dairy
CUST9787,14,542.2857142857143,3.2142857142857144,30.5,0,0,JioMart,Dairy
CUST4161,14,726.3571428571429,3.857142857142857,31.857142857142858,0,0,Swiggy Instamart,Grocery
CUST7189,14,446.5,4.285714285714286,29.928571428571427,0,0,Swiggy Instamart,Dairy
CUST5638,14,566.0,2.9285714285714284,29.142857142857142,0,0,Blinkit,Dairy
CUST7714,14,590.7142857142857,2.9285714285714284,22.5,0,1,JioMart,Beverages
CUST1214,14,556.2142857142857,3.642857142857143,29.785714285714285,0,0,Blinkit,Fruits & Vegetables
CUST6597,14,530.5,3.142857142857143,30.285714285714285,0,0,Blinkit,Fruits & Vegetables
CUST4060,14,479.2857142857143,2.7142857142857144,28.571428571428573,0,1,Blinkit,Fruits & Vegetables
CUST4268,14,714.7142857142857,2.642857142857143,29.214285714285715,0,1,Swiggy Instamart,Dairy
CUST9444,14,343.7857142857143,3.4285714285714284,34.285714285714285,0,0,Swiggy Instamart,Beverages
CUST3015,14,808.7142857142857,3.4285714285714284,29.285714285714285,0,0,JioMart,Grocery
CUST9574,14,593.1428571428571,3.5,23.214285714285715,0,0,Blinkit,Personal Care
CUST1136,14,791.1428571428571,2.4285714285714284,29.928571428571427,0,1,JioMart,Beverages
CUST2541,14,691.6428571428571,3.4285714285714284,32.285714285714285,0,0,Blinkit,Beverages
CUST8816,14,532.8571428571429,3.0714285714285716,29.0,0,1,Swiggy Instamart,Snacks
CUST8491,14,615.0,2.642857142857143,34.07142857142857,0,1,Blinkit,Dairy
CUST7054,14,670.6428571428571,3.5,28.285714285714285,0,0,Blinkit,Dairy
CUST3559,14,409.0,4.071428571428571,33.142857142857146,0,0,Swiggy Instamart,Dairy
CUST9264,14,528.5,3.4285714285714284,28.428571428571427,0,0,Blinkit,Beverages
CUST5213,14,678.6428571428571,3.142857142857143,26.857142857142858,0,0,Swiggy Instamart,Personal Care
CUST5675,14,527.0,3.7857142857142856,31.428571428571427,0,0,Swiggy Instamart,Beverages
CUST9748,14,549.0,3.2142857142857144,30.571428571428573,0,0,Blinkit,Snacks
CUST7527,14,536.5714285714286,3.2857142857142856,27.285714285714285,0,0,Swiggy Instamart,Dairy
CUST5256,14,820.0714285714286,2.7142857142857144,32.57142857142857,0,1,Blinkit,Fruits & Vegetables
CUST6638,14,652.3571428571429,3.7142857142857144,32.92857142857143,0,0,Swiggy Instamart,Grocery
CUST4013,14,649.2142857142857,2.7142857142857144,31.642857142857142,0,0,Blinkit,Fruits & Vegetables
CUST5029,14,455.64285714285717,3.5,27.0,0,0,JioMart,Beverages
CUST9938,14,623.5,3.142857142857143,28.714285714285715,0,1,JioMart,Dairy
CUST1590,14,666.5714285714286,3.4285714285714284,35.42857142857143,0,0,Blinkit,Beverages
CUST7528,14,373.5,3.2857142857142856,26.857142857142858,0,0,Swiggy Instamart,Snacks
CUST6378,14,409.92857142857144,3.4285714285714284,30.785714285714285,0,0,Blinkit,Fruits & Vegetables
CUST6566,14,727.5714285714286,3.0714285714285716,32.857142857142854,0,1,JioMart,Personal Care
CUST4562,14,577.5,3.5,31.714285714285715,0,0,Blinkit,Snacks
CUST7584,14,487.35714285714283,2.357142857142857,33.857142857142854,0,1,Blinkit,Dairy
CUST1142,14,602.3571428571429,2.7142857142857144,29.571428571428573,0,1,Blinkit,Beverages
CUST4380,14,689.6428571428571,3.0714285714285716,31.857142857142858,0,1,Blinkit,Dairy
CUST5843,14,545.0714285714286,3.2857142857142856,32.07142857142857,0,0,Swiggy Instamart,Snacks
CUST9126,14,564.7142857142857,3.2142857142857144,32.214285714285715,0,0,Swiggy Instamart,Beverages
CUST9388,14,613.8571428571429,2.357142857142857,34.0,0,1,Swiggy Instamart,Dairy
CUST8638,14,565.5,3.0714285714285716,25.142857142857142,0,0,Swiggy Instamart,Dairy
CUST7166,14,750.0714285714286,3.4285714285714284,30.0,0,0,JioMart,Grocery
CUST6621,14,540.7142857142857,4.071428571428571,30.357142857142858,0,0,Blinkit,Beverages
CUST6167,14,528.0714285714286,3.2142857142857144,24.642857142857142,0,0,Blinkit,Beverages
CUST9613,14,512.5714285714286,3.0714285714285716,29.571428571428573,0,1,Blinkit,Dairy
CUST6924,14,790.0,3.0714285714285716,22.571428571428573,0,1,Swiggy Instamart,Beverages
CUST8081,14,678.4285714285714,3.357142857142857,24.428571428571427,0,0,Swiggy Instamart,Snacks
CUST9051,14,573.3571428571429,3.0,26.785714285714285,0,1,Swiggy Instamart,Dairy
CUST7352,14,527.5,3.0,31.571428571428573,0,1,Swiggy Instamart,Dairy
CUST4190,14,566.5714285714286,3.2857142857142856,27.928571428571427,0,0,Swiggy Instamart,Fruits & Vegetables
CUST6394,14,722.7857142857143,3.642857142857143,29.214285714285715,0,0,JioMart,Beverages
CUST5143,14,736.0,3.7857142857142856,29.0,0,0,Swiggy Instamart,Fruits & Vegetables
CUST7670,14,496.64285714285717,3.9285714285714284,29.785714285714285,0,0,Blinkit,Dairy
CUST7178,14,494.07142857142856,2.9285714285714284,29.785714285714285,0,0,Swiggy Instamart,Dairy
CUST1448,14,659.2142857142857,3.2142857142857144,25.642857142857142,0,0,Swiggy Instamart,Grocery
CUST4847,14,695.5,2.7857142857142856,27.5,0,1,Swiggy Instamart,Grocery
CUST4755,14,644.2857142857143,2.7857142857142856,33.42857142857143,0,1,Swiggy Instamart,Beverages
CUST8293,14,637.2857142857143,3.0,31.214285714285715,0,1,Blinkit,Dairy
CUST3022,14,501.57142857142856,3.5714285714285716,27.857142857142858,0,0,JioMart,Beverages
CUST2776,14,484.0,3.2142857142857144,29.071428571428573,0,0,JioMart,Beverages
CUST4104,14,507.92857142857144,3.4285714285714284,35.0,0,0,Swiggy Instamart,Fruits & Vegetables
CUST3042,14,758.4285714285714,3.0714285714285716,27.714285714285715,0,1,Swiggy Instamart,Fruits & Vegetables
CUST1107,14,819.0714285714286,4.071428571428571,30.428571428571427,0,0,Blinkit,Grocery
CUST9376,14,690.8571428571429,3.2857142857142856,26.142857142857142,0,0,JioMart,Dairy
CUST5999,14,512.5,2.5714285714285716,25.928571428571427,0,1,Swiggy Instamart,Beverages
CUST8719,14,640.9285714285714,3.9285714285714284,31.928571428571427,0,0,JioMart,Grocery
CUST1352,14,656.9285714285714,3.7857142857142856,33.57142857142857,0,0,Swiggy Instamart,Beverages
CUST1715,14,472.57142857142856,2.7857142857142856,30.357142857142858,0,0,Swiggy Instamart,Dairy
CUST6429,14,419.2857142857143,4.0,28.785714285714285,0,0,JioMart,Dairy
CUST1093,14,525.2857142857143,2.642857142857143,29.285714285714285,0,1,Blinkit,Fruits & Vegetables
CUST8899,14,549.1428571428571,3.2142857142857144,30.142857142857142,0,0,Blinkit,Beverages
CUST5576,14,631.2857142857143,3.2857142857142856,29.214285714285715,0,0,Blinkit,Fruits & Vegetables
CUST5157,14,586.5714285714286,3.4285714285714284,29.357142857142858,0,0,JioMart,Dairy
CUST3255,14,441.2857142857143,3.5714285714285716,33.5,0,0,Blinkit,Fruits & Vegetables
CUST5566,14,701.2857142857143,3.0714285714285716,28.857142857142858,0,1,Blinkit,Dairy
CUST5089,14,553.5,3.357142857142857,26.857142857142858,0,0,Swiggy Instamart,Snacks
CUST3126,14,748.2142857142857,3.357142857142857,25.928571428571427,0,0,Blinkit,Personal Care
CUST2422,14,750.0714285714286,3.4285714285714284,33.5,0,0,Blinkit,Beverages
CUST4589,14,634.6428571428571,3.357142857142857,34.5,0,0,JioMart,Fruits & Vegetables
CUST9879,14,596.7857142857143,3.5,31.428571428571427,0,0,Swiggy Instamart,Beverages
CUST2067,14,652.1428571428571,2.142857142857143,29.071428571428573,0,1,Swiggy Instamart,Personal Care
CUST4152,14,650.2142857142857,3.2142857142857144,28.928571428571427,0,0,JioMart,Fruits & Vegetables
CUST9877,14,835.7142857142857,3.2142857142857144,27.928571428571427,0,0,Swiggy Instamart,Beverages
CUST9235,14,539.9285714285714,3.5714285714285716,27.428571428571427,0,0,Blinkit,Beverages
CUST5231,14,640.0714285714286,3.5714285714285716,33.642857142857146,0,0,JioMart,Fruits & Vegetables
CUST4765,14,686.9285714285714,3.2857142857142856,27.5,0,0,JioMart,Beverages
CUST5288,14,461.2142857142857,2.7142857142857144,25.357142857142858,0,1,Swiggy Instamart,Dairy
CUST5264,14,533.1428571428571,4.0,28.5,0,0,Swiggy Instamart,Fruits & Vegetables
CUST6644,14,647.1428571428571,3.357142857142857,31.428571428571427,0,0,Swiggy Instamart,Snacks
CUST1271,14,648.5714285714286,2.9285714285714284,30.285714285714285,0,0,Blinkit,Personal Care
CUST2925,14,637.7857142857143,3.4285714285714284,29.214285714285715,0,0,Swiggy Instamart,Fruits & Vegetables
CUST9831,14,486.5,3.357142857142857,31.928571428571427,0,0,Blinkit,Fruits & Vegetables
CUST5362,14,434.07142857142856,2.7857142857142856,29.214285714285715,0,1,Swiggy Instamart,Fruits & Vegetables
CUST7776,14,857.2142857142857,3.0714285714285716,32.57142857142857,0,0,JioMart,Grocery
CUST2841,14,536.5714285714286,3.7857142857142856,29.5,0,0,Blinkit,Dairy
CUST3655,14,814.4285714285714,3.7142857142857144,27.714285714285715,0,0,Swiggy Instamart,Grocery
CUST6653,14,472.92857142857144,2.5,31.857142857142858,0,1,Swiggy Instamart,Snacks
CUST3146,14,681.9285714285714,3.357142857142857,33.0,0,0,Blinkit,Grocery
CUST2989,14,461.0,3.0,28.642857142857142,0,1,Blinkit,Fruits & Vegetables
CUST2924,14,590.3571428571429,4.071428571428571,26.285714285714285,0,0,Swiggy Instamart,Dairy
CUST3166,14,620.5714285714286,2.7857142857142856,29.214285714285715,0,1,Blinkit,Personal Care
CUST2778,14,506.7142857142857,3.2142857142857144,25.857142857142858,0,1,Blinkit,Dairy
CUST3207,14,440.14285714285717,2.7857142857142856,28.5,0,1,Blinkit,Fruits & Vegetables
CUST7007,14,682.9285714285714,2.7857142857142856,33.214285714285715,0,0,Swiggy Instamart,Snacks
CUST5356,14,528.2857142857143,2.7857142857142856,30.642857142857142,0,1,Swiggy Instamart,Beverages
CUST5971,14,665.3571428571429,2.857142857142857,33.5,0,1,JioMart,Dairy
CUST5985,14,698.8571428571429,3.2142857142857144,30.428571428571427,0,0,JioMart,Beverages
CUST4903,14,665.2857142857143,3.4285714285714284,28.785714285714285,0,0,JioMart,Grocery
CUST2429,14,665.2142857142857,3.2857142857142856,28.285714285714285,0,0,Blinkit,Dairy
CUST2200,14,549.5,3.357142857142857,26.428571428571427,0,0,Swiggy Instamart,Beverages
CUST2113,14,477.92857142857144,3.0714285714285716,30.714285714285715,0,0,Swiggy Instamart,Grocery
CUST1651,14,615.8571428571429,3.357142857142857,33.07142857142857,0,0,JioMart,Dairy
CUST4145,14,605.2857142857143,3.5,28.285714285714285,0,0,Blinkit,Fruits & Vegetables
CUST3572,14,729.8571428571429,3.2142857142857144,27.714285714285715,0,1,Swiggy Instamart,Beverages
CUST2302,14,636.4285714285714,2.7857142857142856,33.07142857142857,0,1,JioMart,Fruits & Vegetables
CUST2825,14,593.5,2.857142857142857,29.214285714285715,0,1,Swiggy Instamart,Beverages
CUST4746,14,526.3571428571429,3.0,33.07142857142857,0,0,Swiggy Instamart,Beverages
CUST1623,14,596.0714285714286,3.2857142857142856,32.857142857142854,0,0,Blinkit,Grocery
CUST2190,14,466.0,3.0714285714285716,29.428571428571427,0,0,Blinkit,Dairy
CUST7633,14,481.85714285714283,3.142857142857143,30.071428571428573,0,0,Swiggy Instamart,Fruits & Vegetables
CUST3384,14,465.2142857142857,3.857142857142857,32.857142857142854,0,0,Blinkit,Dairy
CUST8284,14,372.2857142857143,3.4285714285714284,35.785714285714285,0,0,Swiggy Instamart,Snacks
CUST6098,14,764.5,2.5714285714285716,27.857142857142858,0,0,Blinkit,Personal Care
CUST5174,14,615.8571428571429,3.357142857142857,28.357142857142858,0,0,Blinkit,Beverages
CUST3380,14,610.0714285714286,3.142857142857143,32.5,0,0,Blinkit,Fruits & Vegetables
CUST4292,14,661.7142857142857,3.5714285714285716,25.214285714285715,0,0,Swiggy Instamart,Beverages
CUST1377,14,680.4285714285714,3.357142857142857,29.785714285714285,0,0,Swiggy Instamart,Dairy
CUST8448,14,537.7857142857143,3.642857142857143,31.214285714285715,0,0,Swiggy Instamart,Beverages
CUST2531,14,586.0714285714286,2.857142857142857,33.285714285714285,0,1,Blinkit,Beverages
CUST4646,14,522.5,3.357142857142857,24.785714285714285,0,0,Swiggy Instamart,Beverages
CUST8399,14,805.3571428571429,3.2857142857142856,27.714285714285715,0,0,Swiggy Instamart,Beverages
CUST9169,14,534.7857142857143,3.5,28.0,0,0,JioMart,Personal Care
CUST5671,14,704.3571428571429,2.642857142857143,28.142857142857142,0,0,JioMart,Snacks
CUST6206,14,764.5,3.2142857142857144,26.857142857142858,0,0,JioMart,Grocery
CUST3653,14,705.6428571428571,3.2857142857142856,26.5,0,0,Swiggy Instamart,Personal Care
CUST5496,14,635.3571428571429,3.2857142857142856,34.42857142857143,0,0,Blinkit,Personal Care
CUST6787,14,593.0,3.2857142857142856,25.0,0,0,Swiggy Instamart,Fruits & Vegetables
CUST3879,14,514.3571428571429,3.2857142857142856,20.928571428571427,0,0,Blinkit,Fruits & Vegetables
CUST5597,14,700.9285714285714,3.5,30.357142857142858,0,0,Blinkit,Fruits & Vegetables
CUST2691,14,638.7857142857143,3.5714285714285716,29.642857142857142,0,0,Blinkit,Beverages
CUST2769,14,483.85714285714283,3.9285714285714284,33.57142857142857,0,0,JioMart,Fruits & Vegetables
CUST3270,14,748.5714285714286,4.142857142857143,28.285714285714285,0,0,JioMart,Personal Care
CUST3622,14,703.3571428571429,2.642857142857143,27.5,0,1,JioMart,Beverages
CUST8967,14,668.5,3.357142857142857,26.142857142857142,0,0,Swiggy Instamart,Fruits & Vegetables
CUST2717,14,544.3571428571429,3.5,28.142857142857142,0,0,Blinkit,Fruits & Vegetables
CUST8643,14,619.1428571428571,3.5,25.5,0,0,JioMart,Dairy
CUST4753,14,484.07142857142856,3.4285714285714284,29.5,0,0,Blinkit,Beverages
CUST9528,14,588.1428571428571,3.4285714285714284,23.857142857142858,0,0,Swiggy Instamart,Dairy
CUST3142,14,469.57142857142856,3.5714285714285716,34.92857142857143,0,0,JioMart,Fruits & Vegetables
CUST2442,14,503.2142857142857,3.7142857142857144,30.0,0,0,JioMart,Personal Care
CUST5135,14,670.3571428571429,3.0,30.857142857142858,0,0,JioMart,Dairy
CUST6296,14,660.2857142857143,3.357142857142857,26.285714285714285,0,0,Blinkit,Beverages
CUST4870,14,730.2142857142857,2.857142857142857,31.214285714285715,0,0,Blinkit,Dairy
CUST7016,14,776.7142857142857,3.5714285714285716,31.214285714285715,0,0,Blinkit,Personal Care
CUST8557,14,464.7142857142857,3.4285714285714284,34.5,0,0,Blinkit,Beverages
CUST9842,14,522.5,3.142857142857143,27.214285714285715,0,0,Blinkit,Snacks
CUST5767,14,535.0,3.0714285714285716,34.0,0,0,Swiggy Instamart,Snacks
CUST7777,14,604.1428571428571,3.0,32.285714285714285,0,1,JioMart,Snacks
CUST4069,14,620.7857142857143,3.0714285714285716,30.071428571428573,0,0,JioMart,Beverages
CUST3658,14,907.5,3.357142857142857,33.642857142857146,0,0,Blinkit,Personal Care
CUST2548,14,918.1428571428571,3.0,31.285714285714285,0,0,Blinkit,Personal Care
CUST3463,14,443.07142857142856,3.2142857142857144,29.5,0,0,Swiggy Instamart,Beverages
CUST1119,14,410.2142857142857,2.857142857142857,34.07142857142857,0,1,JioMart,Dairy
CUST6716,14,724.2142857142857,3.642857142857143,32.214285714285715,0,0,Swiggy Instamart,Beverages
CUST1034,14,687.2142857142857,3.2142857142857144,31.857142857142858,0,0,Swiggy Instamart,Fruits & Vegetables
CUST2926,14,478.2857142857143,2.642857142857143,29.142857142857142,0,1,Blinkit,Beverages
CUST1057,14,520.0,3.857142857142857,33.285714285714285,0,0,Blinkit,Beverages
CUST7719,14,614.1428571428571,3.5714285714285716,29.428571428571427,0,0,Blinkit,Personal Care
CUST2417,14,539.5,3.5,29.428571428571427,0,0,Blinkit,Dairy
CUST9308,14,555.0,3.0714285714285716,30.142857142857142,0,0,Blinkit,Fruits & Vegetables
CUST5844,14,388.5,3.7857142857142856,31.357142857142858,0,0,Blinkit,Snacks
CUST4110,14,629.6428571428571,2.857142857142857,27.785714285714285,0,0,JioMart,Snacks
CUST7406,14,627.9285714285714,3.0,29.428571428571427,0,0,Blinkit,Dairy
CUST2639,14,729.9285714285714,3.357142857142857,31.285714285714285,0,0,Blinkit,Beverages
CUST2394,14,548.9285714285714,2.9285714285714284,31.428571428571427,0,0,JioMart,Snacks
CUST4297,14,684.7142857142857,3.4285714285714284,33.214285714285715,0,0,Blinkit,Beverages
CUST4084,14,528.9285714285714,4.0,31.0,0,0,Blinkit,Dairy
CUST8792,14,418.14285714285717,3.357142857142857,29.714285714285715,0,0,Swiggy Instamart,Snacks
CUST1931,14,679.5,3.0714285714285716,27.785714285714285,0,0,Swiggy Instamart,Beverages
CUST4502,14,587.1428571428571,2.7142857142857144,28.642857142857142,0,1,Blinkit,Grocery
CUST6183,14,571.2142857142857,3.0714285714285716,23.857142857142858,0,0,Blinkit,Dairy
CUST9310,14,664.8571428571429,2.5,26.5,0,1,Blinkit,Beverages
CUST5067,14,639.0,3.5714285714285716,30.357142857142858,0,0,JioMart,Dairy
CUST5582,14,561.2142857142857,3.7142857142857144,35.714285714285715,0,0,JioMart,Dairy
CUST7128,14,506.2857142857143,3.0714285714285716,28.642857142857142,0,0,Blinkit,Dairy
CUST6248,14,670.7142857142857,4.0,29.571428571428573,0,0,Blinkit,Snacks
CUST5883,14,661.7857142857143,3.357142857142857,28.428571428571427,0,0,Swiggy Instamart,Grocery
CUST8453,14,580.7142857142857,3.857142857142857,29.142857142857142,0,0,JioMart,Personal Care
CUST9665,14,652.0,3.4285714285714284,29.0,0,0,JioMart,Personal Care
CUST6569,14,492.92857142857144,3.5714285714285716,25.571428571428573,0,0,JioMart,Beverages
CUST6543,14,473.64285714285717,3.5,33.57142857142857,0,0,Blinkit,Fruits & Vegetables
CUST6482,14,505.0,3.0714285714285716,29.071428571428573,0,0,JioMart,Fruits & Vegetables
CUST4732,14,777.0714285714286,3.5,24.5,0,0,JioMart,Beverages
CUST5589,14,696.7857142857143,3.7857142857142856,30.642857142857142,0,0,Blinkit,Dairy
CUST7157,14,681.5,4.142857142857143,25.857142857142858,0,0,JioMart,Personal Care
CUST6138,14,534.7857142857143,3.0,26.214285714285715,0,0,JioMart,Fruits & Vegetables
CUST1368,14,499.2857142857143,2.857142857142857,32.57142857142857,0,1,Blinkit,Dairy
CUST7539,14,686.7142857142857,3.2142857142857144,29.642857142857142,0,0,Swiggy Instamart,Fruits & Vegetables
CUST8461,14,524.7142857142857,3.2142857142857144,31.928571428571427,0,0,Swiggy Instamart,Snacks
CUST4585,14,608.2142857142857,3.5714285714285716,26.214285714285715,0,0,Swiggy Instamart,Grocery
CUST5082,14,529.7857142857143,3.642857142857143,28.428571428571427,0,0,Blinkit,Beverages
CUST4211,14,869.0,2.642857142857143,34.785714285714285,0,1,JioMart,Personal Care
CUST3020,14,645.5714285714286,3.2142857142857144,24.785714285714285,0,0,Swiggy Instamart,Personal Care
CUST8130,14,740.8571428571429,2.642857142857143,32.0,0,1,Blinkit,Personal Care
CUST1477,14,745.0,3.4285714285714284,25.357142857142858,0,0,Swiggy Instamart,Fruits & Vegetables
CUST2999,14,505.2142857142857,3.0714285714285716,27.142857142857142,0,0,Swiggy Instamart,Dairy
CUST5448,14,528.9285714285714,3.7142857142857144,27.857142857142858,0,0,Blinkit,Fruits & Vegetables
CUST2564,14,618.1428571428571,3.142857142857143,33.785714285714285,0,0,Blinkit,Grocery
CUST8601,14,410.2142857142857,2.642857142857143,28.357142857142858,0,1,Blinkit,Beverages
CUST2118,14,499.42857142857144,3.2857142857142856,27.071428571428573,0,0,Swiggy Instamart,Dairy
CUST9146,14,598.7857142857143,3.642857142857143,26.928571428571427,0,0,JioMart,Beverages
CUST8672,14,663.4285714285714,3.142857142857143,29.0,0,0,Swiggy Instamart,Beverages
CUST6412,14,677.5714285714286,3.357142857142857,25.785714285714285,0,0,Blinkit,Grocery
CUST6371,14,576.5714285714286,2.7857142857142856,28.0,0,1,JioMart,Grocery
CUST6919,14,701.0714285714286,2.5714285714285716,29.071428571428573,0,1,Blinkit,Grocery
CUST5117,14,720.7142857142857,3.0714285714285716,29.857142857142858,0,0,JioMart,Beverages
CUST7451,14,600.2857142857143,3.0714285714285716,32.5,0,0,Blinkit,Dairy
CUST1665,14,627.6428571428571,3.2142857142857144,28.5,0,0,Blinkit,Snacks
CUST5572,14,585.8571428571429,3.4285714285714284,31.785714285714285,0,0,Blinkit,Beverages
CUST3108,14,654.1428571428571,3.2142857142857144,30.642857142857142,0,0,Swiggy Instamart,Dairy
CUST7055,14,767.2142857142857,3.5,30.428571428571427,0,0,Swiggy Instamart,Grocery
CUST2257,14,676.3571428571429,3.0714285714285716,23.857142857142858,0,0,Blinkit,Personal Care
CUST8368,14,593.7857142857143,3.5,27.285714285714285,0,0,Swiggy Instamart,Dairy
CUST8526,14,781.1428571428571,3.0714285714285716,26.071428571428573,0,1,JioMart,Personal Care
CUST6606,14,563.9285714285714,2.857142857142857,31.785714285714285,0,1,JioMart,Dairy
CUST3612,14,591.2857142857143,4.0,30.714285714285715,0,0,JioMart,Fruits & Vegetables
CUST7648,14,557.7857142857143,2.2142857142857144,23.5,0,1,Blinkit,Snacks
CUST6723,14,625.5,3.7857142857142856,29.357142857142858,0,0,Blinkit,Beverages
CUST2670,14,810.1428571428571,3.642857142857143,28.214285714285715,0,0,JioMart,Dairy
CUST7606,14,821.2857142857143,3.7857142857142856,28.214285714285715,0,0,JioMart,Grocery
CUST7563,14,441.2142857142857,2.4285714285714284,24.928571428571427,0,1,JioMart,Snacks
CUST9260,14,688.5,3.5714285714285716,25.857142857142858,0,0,JioMart,Fruits & Vegetables
CUST1071,14,838.4285714285714,2.857142857142857,28.428571428571427,0,0,Blinkit,Personal Care
CUST3381,14,735.1428571428571,3.142857142857143,24.571428571428573,0,0,Swiggy Instamart,Personal Care
CUST1927,14,555.7857142857143,3.9285714285714284,29.0,0,0,JioMart,Dairy
CUST6114,14,517.2857142857143,3.5714285714285716,31.714285714285715,0,0,Blinkit,Fruits & Vegetables
CUST5467,14,545.7857142857143,3.2142857142857144,28.071428571428573,0,0,Swiggy Instamart,Snacks
CUST9422,14,517.7857142857143,3.0714285714285716,33.785714285714285,0,0,Blinkit,Dairy
CUST5440,14,409.07142857142856,3.7857142857142856,28.642857142857142,0,0,Blinkit,Beverages
CUST8712,14,426.5,3.0714285714285716,30.428571428571427,0,0,Blinkit,Snacks
CUST3571,14,633.9285714285714,2.5714285714285716,26.214285714285715,0,1,Blinkit,Snacks
CUST8688,14,559.5,3.0714285714285716,29.5,0,0,JioMart,Beverages
CUST8559,14,532.6428571428571,3.0714285714285716,31.214285714285715,0,0,JioMart,Fruits & Vegetables
CUST9328,14,585.3571428571429,3.2857142857142856,34.0,0,0,JioMart,Beverages
CUST6524,14,683.6428571428571,3.5714285714285716,34.285714285714285,0,0,JioMart,Grocery
CUST6818,14,698.3571428571429,3.4285714285714284,24.571428571428573,0,0,Blinkit,Dairy
CUST9552,14,533.0714285714286,3.2142857142857144,32.5,0,0,JioMart,Snacks
CUST3301,14,836.0714285714286,2.7142857142857144,32.57142857142857,0,1,Swiggy Instamart,Personal Care
CUST6085,14,591.0714285714286,2.5714285714285716,31.928571428571427,0,1,Blinkit,Dairy
CUST7940,14,620.3571428571429,3.4285714285714284,33.285714285714285,0,0,Blinkit,Snacks
CUST6937,14,698.2142857142857,2.7142857142857144,29.285714285714285,0,1,Blinkit,Beverages
CUST2686,14,488.07142857142856,2.857142857142857,32.285714285714285,0,0,Blinkit,Personal Care
CUST8903,14,488.5,3.357142857142857,27.714285714285715,0,0,Blinkit,Fruits & Vegetables
CUST9382,14,567.0,3.5714285714285716,28.142857142857142,0,0,Blinkit,Beverages
CUST9355,14,433.85714285714283,3.0714285714285716,28.071428571428573,0,1,Blinkit,Beverages
CUST3419,14,573.7142857142857,3.2857142857142856,29.571428571428573,0,0,Blinkit,Beverages
CUST3089,14,691.2857142857143,3.357142857142857,26.857142857142858,0,0,JioMart,Grocery
CUST2797,14,542.7857142857143,3.142857142857143,32.785714285714285,0,1,Swiggy Instamart,Grocery
CUST7190,14,460.5,3.2142857142857144,32.5,0,0,JioMart,Snacks
CUST9449,14,525.0,3.2142857142857144,32.285714285714285,0,0,Swiggy Instamart,Grocery
CUST7726,14,354.7857142857143,3.357142857142857,31.142857142857142,0,0,Blinkit,Snacks
CUST7505,14,723.4285714285714,2.5714285714285716,31.0,0,1,JioMart,Personal Care
CUST6115,14,512.0,3.4285714285714284,23.571428571428573,0,0,Blinkit,Grocery
CUST4083,14,750.9285714285714,3.2142857142857144,28.142857142857142,0,0,Swiggy Instamart,Grocery
CUST3171,14,564.7142857142857,3.2142857142857144,31.357142857142858,0,0,JioMart,Dairy
CUST3127,14,666.0714285714286,3.857142857142857,30.785714285714285,0,0,Blinkit,Snacks
CUST1824,14,673.8571428571429,3.642857142857143,30.357142857142858,0,0,JioMart,Personal Care
CUST9305,14,424.64285714285717,2.857142857142857,32.0,0,0,Blinkit,Fruits & Vegetables
CUST4125,14,531.5714285714286,2.7857142857142856,31.5,0,0,Swiggy Instamart,Fruits & Vegetables
CUST6148,14,624.0714285714286,3.2142857142857144,33.714285714285715,0,0,JioMart,Grocery
CUST9598,14,793.7142857142857,3.2142857142857144,27.571428571428573,0,0,JioMart,Beverages
CUST5072,14,405.7142857142857,3.0714285714285716,32.142857142857146,0,0,JioMart,Fruits & Vegetables
CUST8146,14,587.5,3.0714285714285716,27.714285714285715,0,0,Swiggy Instamart,Fruits & Vegetables
CUST2646,14,933.5714285714286,3.7142857142857144,33.714285714285715,0,0,Blinkit,Personal Care
CUST7057,14,358.7857142857143,3.5714285714285716,34.42857142857143,0,0,Swiggy Instamart,Fruits & Vegetables
CUST3077,14,537.2142857142857,2.7857142857142856,26.357142857142858,0,1,Swiggy Instamart,Dairy
CUST7058,14,575.6428571428571,3.5714285714285716,31.285714285714285,0,0,JioMart,Fruits & Vegetables
CUST6129,14,792.5,3.142857142857143,29.142857142857142,0,0,Blinkit,Personal Care
CUST8172,14,712.7857142857143,3.4285714285714284,31.785714285714285,0,0,JioMart,Snacks
CUST5102,14,361.14285714285717,3.7142857142857144,24.785714285714285,0,0,Swiggy Instamart,Fruits & Vegetables
CUST1423,14,620.9285714285714,3.0,28.642857142857142,0,1,Blinkit,Beverages
CUST2109,14,398.2857142857143,3.642857142857143,35.357142857142854,0,0,Swiggy Instamart,Fruits & Vegetables
CUST8910,14,579.1428571428571,2.857142857142857,30.714285714285715,0,0,JioMart,Beverages
CUST1820,14,618.0,3.357142857142857,31.0,0,0,JioMart,Dairy
CUST9504,14,466.7142857142857,4.142857142857143,27.571428571428573,0,0,Blinkit,Dairy
CUST8171,14,519.3571428571429,2.7857142857142856,32.92857142857143,0,1,Blinkit,Dairy
CUST4185,14,813.7857142857143,2.4285714285714284,30.357142857142858,0,1,Swiggy Instamart,Grocery
CUST7291,14,601.5,4.071428571428571,35.07142857142857,0,0,JioMart,Fruits & Vegetables
CUST1241,14,536.7857142857143,3.0714285714285716,27.785714285714285,0,0,Swiggy Instamart,Beverages
CUST8602,14,479.85714285714283,3.2142857142857144,29.071428571428573,0,0,Blinkit,Personal Care
CUST7222,14,655.4285714285714,3.142857142857143,27.428571428571427,0,0,Blinkit,Beverages
CUST8306,14,464.57142857142856,2.9285714285714284,34.142857142857146,0,0,Swiggy Instamart,Fruits & Vegetables
CUST1388,14,451.5,2.7857142857142856,30.357142857142858,0,1,JioMart,Snacks
CUST2928,14,505.35714285714283,3.5,28.785714285714285,0,0,Blinkit,Beverages
CUST7991,14,412.64285714285717,2.2857142857142856,29.928571428571427,0,1,Blinkit,Beverages
CUST9609,14,546.1428571428571,3.7857142857142856,30.785714285714285,0,0,JioMart,Beverages
CUST1024,14,607.2857142857143,3.5714285714285716,33.785714285714285,0,0,Swiggy Instamart,Beverages
CUST1532,14,484.07142857142856,3.642857142857143,29.214285714285715,0,0,JioMart,Dairy
CUST3160,14,626.0,3.142857142857143,25.0,0,0,JioMart,Personal Care
CUST6901,14,705.5714285714286,3.7142857142857144,25.571428571428573,0,0,Blinkit,Personal Care
CUST7979,14,524.5,2.857142857142857,29.214285714285715,0,1,Blinkit,Fruits & Vegetables
CUST9132,14,576.7142857142857,3.2857142857142856,31.142857142857142,0,0,Blinkit,Beverages
CUST9993,14,636.2857142857143,3.2142857142857144,34.0,0,0,Blinkit,Dairy
CUST2034,14,487.85714285714283,3.0,33.857142857142854,0,0,JioMart,Snacks
CUST2148,14,533.6428571428571,4.0,28.785714285714285,0,0,Swiggy Instamart,Fruits & Vegetables
CUST1235,14,485.92857142857144,4.0,28.428571428571427,0,0,JioMart,Grocery
CUST9848,14,506.42857142857144,3.642857142857143,26.0,0,0,JioMart,Beverages
CUST6078,14,357.5,3.2142857142857144,28.571428571428573,0,0,Blinkit,Snacks
CUST9015,14,520.7857142857143,3.642857142857143,35.214285714285715,0,0,Swiggy Instamart,Snacks
CUST3120,14,481.7857142857143,3.9285714285714284,35.214285714285715,0,0,JioMart,Beverages
CUST9745,14,523.3571428571429,3.142857142857143,30.5,0,0,JioMart,Beverages
CUST1323,14,569.5714285714286,2.7857142857142856,35.0,0,1,Blinkit,Fruits & Vegetables
CUST6641,14,544.8571428571429,4.214285714285714,30.357142857142858,0,0,Blinkit,Dairy
CUST5764,14,648.4285714285714,3.0714285714285716,24.142857142857142,0,1,Swiggy Instamart,Personal Care
CUST4650,14,556.7857142857143,3.2142857142857144,26.5,0,0,Blinkit,Dairy
CUST4675,14,666.0,2.9285714285714284,33.285714285714285,0,1,JioMart,Grocery
CUST2809,14,517.0714285714286,2.9285714285714284,28.0,0,1,Swiggy Instamart,Grocery
CUST7230,14,594.0714285714286,3.642857142857143,33.714285714285715,0,0,Blinkit,Beverages
CUST7626,14,718.5,3.5,30.357142857142858,0,0,Blinkit,Fruits & Vegetables
CUST8953,14,501.92857142857144,3.9285714285714284,27.214285714285715,0,0,JioMart,Beverages
CUST3252,14,614.8571428571429,3.642857142857143,28.0,0,0,Blinkit,Dairy
CUST4683,14,605.7857142857143,3.142857142857143,30.714285714285715,0,0,Swiggy Instamart,Beverages
CUST5352,14,703.7857142857143,3.2857142857142856,35.0,0,0,JioMart,Grocery
CUST1734,14,560.5,3.2142857142857144,24.142857142857142,0,0,Swiggy Instamart,Fruits & Vegetables
CUST5115,14,460.57142857142856,4.428571428571429,34.92857142857143,0,0,Swiggy Instamart,Dairy
CUST5918,14,594.4285714285714,3.7857142857142856,29.785714285714285,0,0,Swiggy Instamart,Dairy
CUST6499,14,571.1428571428571,2.9285714285714284,33.57142857142857,0,1,Blinkit,Snacks
CUST4659,14,534.8571428571429,3.642857142857143,24.571428571428573,0,0,JioMart,Beverages
CUST7889,14,519.3571428571429,3.142857142857143,33.785714285714285,0,0,JioMart,Dairy
CUST7651,14,507.2142857142857,3.5,30.0,0,0,Blinkit,Snacks
CUST2701,14,471.7142857142857,3.2857142857142856,29.285714285714285,0,0,Blinkit,Beverages
CUST2002,14,716.1428571428571,3.5,30.142857142857142,0,0,Swiggy Instamart,Beverages
CUST7294,14,737.0714285714286,2.9285714285714284,28.071428571428573,0,1,Blinkit,Dairy
CUST9358,14,451.2142857142857,2.642857142857143,34.214285714285715,0,0,Blinkit,Dairy
CUST4139,14,574.1428571428571,3.2142857142857144,33.07142857142857,0,0,Blinkit,Snacks
CUST2390,14,873.9285714285714,3.7142857142857144,28.5,0,0,JioMart,Beverages
CUST1100,14,716.8571428571429,3.357142857142857,29.714285714285715,0,0,JioMart,Beverages
CUST7983,14,672.0,3.0714285714285716,26.214285714285715,0,0,Blinkit,Beverages
CUST3493,14,534.0714285714286,3.4285714285714284,27.928571428571427,0,0,JioMart,Snacks
CUST1407,14,513.7857142857143,3.5714285714285716,26.642857142857142,0,0,JioMart,Snacks
CUST4427,14,601.7857142857143,3.0714285714285716,27.428571428571427,0,0,Swiggy Instamart,Dairy
CUST5358,14,515.7142857142857,3.2857142857142856,30.928571428571427,0,0,JioMart,Snacks
CUST5895,14,417.5,2.9285714285714284,31.214285714285715,0,0,JioMart,Beverages
CUST1417,14,602.5,3.2857142857142856,30.071428571428573,0,0,Swiggy Instamart,Beverages
CUST7407,14,691.6428571428571,3.0714285714285716,29.214285714285715,0,1,JioMart,Beverages
CUST2550,14,598.7857142857143,3.357142857142857,29.928571428571427,0,0,JioMart,Beverages
CUST1084,14,533.7857142857143,2.9285714285714284,30.0,0,0,Blinkit,Dairy
CUST4267,14,437.42857142857144,3.2142857142857144,28.928571428571427,0,0,Swiggy Instamart,Grocery
CUST5706,14,440.64285714285717,3.7857142857142856,28.428571428571427,0,0,Swiggy Instamart,Fruits & Vegetables
CUST7247,14,683.0714285714286,3.2142857142857144,27.714285714285715,0,0,Blinkit,Fruits & Vegetables
CUST6238,14,639.0,3.0714285714285716,33.42857142857143,0,0,JioMart,Beverages
CUST7275,14,515.7857142857143,3.2857142857142856,30.428571428571427,0,0,Blinkit,Dairy
CUST1145,14,725.9285714285714,3.7142857142857144,30.785714285714285,0,0,JioMart,Beverages
CUST6004,14,505.42857142857144,3.5714285714285716,27.928571428571427,0,0,JioMart,Grocery
CUST6904,14,584.7142857142857,3.2142857142857144,31.571428571428573,0,0,JioMart,Beverages
CUST7381,14,536.4285714285714,2.7857142857142856,23.857142857142858,0,0,Blinkit,Fruits & Vegetables
CUST9097,14,497.2142857142857,3.0714285714285716,31.857142857142858,0,0,Blinkit,Dairy
CUST2758,14,610.2857142857143,3.5,28.071428571428573,0,0,JioMart,Fruits & Vegetables
CUST6523,14,594.6428571428571,3.0,32.5,0,1,JioMart,Fruits & Vegetables
CUST9257,14,519.5714285714286,3.2142857142857144,28.214285714285715,0,1,Blinkit,Snacks
CUST6640,14,768.6428571428571,3.142857142857143,27.285714285714285,0,0,Swiggy Instamart,Beverages
CUST3679,14,501.5,2.857142857142857,28.857142857142858,0,1,Blinkit,Snacks
CUST3669,14,590.7142857142857,2.642857142857143,30.142857142857142,0,1,JioMart,Fruits & Vegetables
CUST7361,14,793.1428571428571,3.857142857142857,28.071428571428573,0,0,Blinkit,Grocery
CUST3172,14,681.3571428571429,3.2857142857142856,32.285714285714285,0,0,Blinkit,Beverages
CUST9733,14,565.6428571428571,3.0,30.214285714285715,0,1,JioMart,Dairy
CUST9186,14,641.4285714285714,3.2142857142857144,32.285714285714285,0,0,Blinkit,Beverages
CUST1268,14,590.4285714285714,3.5,30.714285714285715,0,0,Blinkit,Snacks
CUST2804,14,478.7142857142857,3.0714285714285716,31.642857142857142,0,1,Blinkit,Dairy
CUST8516,14,512.2142857142857,3.357142857142857,29.714285714285715,0,0,Blinkit,Dairy
CUST1297,14,918.0714285714286,3.357142857142857,31.0,0,0,Blinkit,Personal Care
CUST6761,14,588.3571428571429,3.357142857142857,26.857142857142858,0,0,Swiggy Instamart,Snacks
CUST8915,14,568.0714285714286,2.7142857142857144,31.785714285714285,0,1,JioMart,Beverages
CUST4608,14,770.8571428571429,3.7142857142857144,26.5,0,0,Swiggy Instamart,Dairy
CUST7932,14,624.3571428571429,2.857142857142857,27.857142857142858,0,1,JioMart,Snacks
CUST7669,14,393.5,3.2857142857142856,28.0,0,0,JioMart,Dairy
CUST7119,14,559.4285714285714,2.857142857142857,33.07142857142857,0,1,JioMart,Snacks
CUST5414,14,513.5714285714286,3.0714285714285716,29.0,0,1,Blinkit,Beverages
CUST2462,14,407.92857142857144,3.142857142857143,33.642857142857146,0,0,Swiggy Instamart,Fruits & Vegetables
CUST6633,14,483.07142857142856,3.0714285714285716,29.785714285714285,0,0,Swiggy Instamart,Dairy
CUST3303,14,489.7857142857143,3.142857142857143,25.214285714285715,0,0,Swiggy Instamart,Grocery
CUST5285,14,449.57142857142856,3.357142857142857,33.5,0,0,Blinkit,Snacks
CUST4734,14,499.2142857142857,2.7142857142857144,29.714285714285715,0,0,Blinkit,Snacks
CUST3201,14,700.0,3.2142857142857144,31.0,0,0,JioMart,Beverages
CUST7349,14,803.8571428571429,2.857142857142857,32.57142857142857,0,1,Blinkit,Dairy
CUST4029,14,691.7142857142857,3.5,27.357142857142858,0,0,Blinkit,Beverages
CUST9404,14,587.0,3.2142857142857144,31.214285714285715,0,0,JioMart,Dairy
CUST4551,14,792.2142857142857,3.642857142857143,26.5,0,0,JioMart,Grocery
CUST7468,14,662.6428571428571,2.857142857142857,30.928571428571427,0,0,Blinkit,Beverages
CUST2059,14,792.0,3.7857142857142856,30.0,0,0,Swiggy Instamart,Grocery
CUST1868,14,430.14285714285717,3.9285714285714284,28.642857142857142,0,0,JioMart,Snacks
CUST5054,14,681.5714285714286,3.357142857142857,25.857142857142858,0,0,Blinkit,Beverages
CUST7278,14,556.4285714285714,2.9285714285714284,25.428571428571427,0,1,Swiggy Instamart,Dairy
CUST3047,14,573.2142857142857,4.071428571428571,28.571428571428573,0,0,Blinkit,Personal Care
CUST1030,14,585.0,2.4285714285714284,23.071428571428573,0,1,Blinkit,Personal Care
CUST1096,14,590.2857142857143,3.357142857142857,28.142857142857142,0,0,JioMart,Fruits & Vegetables
CUST4613,14,610.0714285714286,2.642857142857143,27.285714285714285,0,0,Blinkit,Beverages
CUST2843,14,375.2142857142857,3.5,32.714285714285715,0,0,Swiggy Instamart,Beverages
CUST7800,14,627.2857142857143,2.9285714285714284,30.785714285714285,0,1,Swiggy Instamart,Beverages
CUST1476,14,557.5714285714286,2.9285714285714284,28.214285714285715,0,1,JioMart,Fruits & Vegetables
CUST4181,14,326.5,3.2857142857142856,34.642857142857146,0,0,Swiggy Instamart,Grocery
CUST7662,14,537.3571428571429,3.7142857142857144,34.07142857142857,0,0,JioMart,Beverages
CUST2416,14,522.0,3.7857142857142856,27.571428571428573,0,0,Swiggy Instamart,Beverages
CUST4546,14,515.0714285714286,3.357142857142857,24.428571428571427,0,0,JioMart,Dairy
CUST7202,14,635.5,3.2142857142857144,32.42857142857143,0,0,Blinkit,Personal Care
CUST2315,14,590.7857142857143,3.4285714285714284,26.642857142857142,0,0,Swiggy Instamart,Beverages
CUST6383,14,655.7857142857143,3.357142857142857,32.42857142857143,0,0,JioMart,Grocery
CUST6229,14,790.2857142857143,3.857142857142857,28.642857142857142,0,0,JioMart,Beverages
CUST8475,14,696.1428571428571,3.7142857142857144,32.714285714285715,0,0,JioMart,Dairy
CUST8738,14,398.92857142857144,3.5714285714285716,30.285714285714285,0,0,Blinkit,Snacks
CUST5975,14,401.2857142857143,2.5714285714285716,29.5,0,1,Swiggy Instamart,Fruits & Vegetables
CUST5262,14,412.07142857142856,3.0714285714285716,35.92857142857143,0,0,Swiggy Instamart,Snacks
CUST5558,14,578.2857142857143,3.7857142857142856,27.714285714285715,0,0,JioMart,Beverages
CUST1911,14,649.5,3.2142857142857144,30.357142857142858,0,0,Blinkit,Personal Care
CUST1813,14,388.7142857142857,3.642857142857143,31.428571428571427,0,0,JioMart,Beverages
CUST9013,14,651.4285714285714,3.9285714285714284,30.071428571428573,0,0,Blinkit,Grocery
CUST1375,14,761.7857142857143,3.7857142857142856,31.857142857142858,0,0,Swiggy Instamart,Beverages
CUST5789,14,664.0,3.357142857142857,31.428571428571427,0,0,Blinkit,Personal Care
CUST7031,14,734.7142857142857,3.357142857142857,29.714285714285715,0,0,Blinkit,Fruits & Vegetables
CUST4435,14,565.7142857142857,3.7857142857142856,28.928571428571427,0,0,Swiggy Instamart,Beverages
CUST5205,14,561.7142857142857,3.2857142857142856,30.0,0,0,JioMart,Personal Care
CUST1020,14,739.6428571428571,3.0,31.285714285714285,0,1,Swiggy Instamart,Grocery
CUST5647,14,609.9285714285714,3.9285714285714284,29.642857142857142,0,0,Swiggy Instamart,Dairy
CUST1690,14,628.2142857142857,3.2857142857142856,27.642857142857142,0,0,Blinkit,Fruits & Vegetables
CUST8320,14,558.2142857142857,3.142857142857143,29.071428571428573,0,0,Blinkit,Grocery
CUST4609,14,613.5714285714286,3.142857142857143,23.214285714285715,0,0,Swiggy Instamart,Beverages
CUST1507,14,562.4285714285714,3.2857142857142856,33.214285714285715,0,0,Swiggy Instamart,Personal Care
CUST3703,14,552.5,3.7142857142857144,27.071428571428573,0,0,JioMart,Dairy
CUST4367,14,700.7857142857143,3.357142857142857,32.0,0,0,Blinkit,Beverages
CUST5612,14,669.6428571428571,2.642857142857143,26.928571428571427,0,1,JioMart,Snacks
CUST1302,14,626.2142857142857,3.357142857142857,34.42857142857143,0,0,Swiggy Instamart,Dairy
CUST3223,14,563.5714285714286,2.9285714285714284,29.571428571428573,0,0,Blinkit,Beverages
CUST4673,14,654.7857142857143,3.142857142857143,28.785714285714285,0,0,Swiggy Instamart,Fruits & Vegetables
CUST1659,14,646.5,3.2857142857142856,30.5,0,0,JioMart,Dairy
CUST1508,14,486.57142857142856,3.357142857142857,30.857142857142858,0,0,Swiggy Instamart,Snacks
CUST6688,14,670.6428571428571,3.642857142857143,28.285714285714285,0,0,JioMart,Dairy
CUST4908,14,493.64285714285717,3.0,27.857142857142858,0,0,Blinkit,Beverages
CUST4055,14,722.2142857142857,3.142857142857143,25.214285714285715,0,0,JioMart,Grocery
CUST6049,14,583.8571428571429,2.857142857142857,26.071428571428573,0,0,JioMart,Snacks
CUST1356,14,777.2857142857143,4.142857142857143,30.285714285714285,0,0,Blinkit,Grocery
CUST7698,14,357.57142857142856,3.0714285714285716,30.0,0,1,JioMart,Fruits & Vegetables
CUST6285,14,582.5,3.5714285714285716,29.214285714285715,0,0,JioMart,Beverages
CUST2715,14,552.1428571428571,3.857142857142857,29.571428571428573,0,0,Swiggy Instamart,Dairy
CUST3787,14,676.1428571428571,2.642857142857143,32.42857142857143,0,1,JioMart,Personal Care
CUST4030,14,540.0714285714286,3.142857142857143,31.857142857142858,0,0,JioMart,Dairy
CUST5176,14,564.3571428571429,3.5,30.857142857142858,0,0,Blinkit,Fruits & Vegetables
CUST1515,14,550.7142857142857,2.7142857142857144,32.857142857142854,0,1,Blinkit,Beverages
CUST4554,14,740.0,3.142857142857143,30.357142857142858,0,0,Blinkit,Personal Care
CUST4715,14,519.8571428571429,3.142857142857143,28.928571428571427,0,0,Swiggy Instamart,Snacks
CUST1061,14,585.8571428571429,4.214285714285714,29.857142857142858,0,0,Swiggy Instamart,Dairy
CUST1710,14,692.3571428571429,3.142857142857143,30.5,0,0,Swiggy Instamart,Grocery
CUST9984,14,488.5,3.4285714285714284,32.0,0,0,JioMart,Dairy
CUST6192,14,724.5714285714286,3.0714285714285716,29.285714285714285,0,1,JioMart,Personal Care
CUST3423,14,501.5,3.5,34.07142857142857,0,0,JioMart,Dairy
CUST7944,14,453.14285714285717,3.0,26.357142857142858,0,0,Swiggy Instamart,Grocery
CUST5940,14,708.7857142857143,3.0,31.5,0,0,Blinkit,Fruits & Vegetables
CUST9182,14,510.0,3.4285714285714284,33.714285714285715,0,0,Swiggy Instamart,Beverages
CUST9231,14,522.7142857142857,2.7142857142857144,28.0,0,1,Blinkit,Dairy
CUST1354,14,553.3571428571429,3.5,25.214285714285715,0,0,Blinkit,Snacks
CUST3846,14,562.1428571428571,3.2142857142857144,31.5,0,0,Blinkit,Dairy
CUST2478,14,801.3571428571429,3.357142857142857,24.571428571428573,0,0,JioMart,Personal Care
CUST5081,14,478.2142857142857,2.2857142857142856,32.714285714285715,0,1,JioMart,Fruits & Vegetables
CUST6630,14,743.4285714285714,3.857142857142857,30.357142857142858,0,0,Blinkit,Grocery
CUST6733,14,473.85714285714283,3.2857142857142856,26.071428571428573,0,0,Blinkit,Snacks
CUST7767,14,527.2142857142857,3.4285714285714284,28.142857142857142,0,0,Swiggy Instamart,Grocery
CUST8591,14,410.14285714285717,3.2142857142857144,29.0,0,0,Blinkit,Snacks
CUST5093,14,645.7857142857143,3.0,26.071428571428573,0,1,Swiggy Instamart,Personal Care
CUST8403,14,558.3571428571429,3.9285714285714284,29.214285714285715,0,0,Blinkit,Dairy
CUST9183,14,672.8571428571429,2.7142857142857144,30.357142857142858,0,1,JioMart,Grocery
CUST2848,14,495.7857142857143,3.9285714285714284,28.571428571428573,0,0,Blinkit,Beverages
CUST8589,14,603.0714285714286,3.5714285714285716,33.92857142857143,0,0,JioMart,Beverages
CUST8096,14,594.7142857142857,2.2857142857142856,27.571428571428573,0,1,JioMart,Beverages
CUST2159,14,377.64285714285717,3.2857142857142856,29.214285714285715,0,0,Blinkit,Snacks
CUST1183,14,544.2142857142857,3.7142857142857144,28.571428571428573,0,0,Swiggy Instamart,Snacks
CUST9064,14,753.6428571428571,3.857142857142857,23.714285714285715,0,0,Swiggy Instamart,Personal Care
CUST1318,14,626.9285714285714,3.642857142857143,30.142857142857142,0,0,JioMart,Personal Care
CUST6616,14,653.5,2.7857142857142856,24.928571428571427,0,0,JioMart,Beverages
CUST5718,14,484.0,4.0,28.928571428571427,0,0,Blinkit,Dairy
CUST4639,14,665.5,3.0714285714285716,31.857142857142858,0,1,Blinkit,Fruits & Vegetables
CUST8295,14,633.2142857142857,3.5,26.142857142857142,0,0,Swiggy Instamart,Dairy
CUST2446,14,522.3571428571429,3.642857142857143,29.285714285714285,0,0,JioMart,Beverages
CUST3344,14,410.7142857142857,3.7142857142857144,29.071428571428573,0,0,Swiggy Instamart,Personal Care
CUST5347,14,554.2142857142857,3.2857142857142856,35.92857142857143,0,0,Swiggy Instamart,Snacks
CUST8046,14,577.2857142857143,3.4285714285714284,28.5,0,0,JioMart,Dairy
CUST2840,14,800.5,3.2142857142857144,34.142857142857146,0,0,Swiggy Instamart,Beverages
CUST6573,14,470.85714285714283,3.5714285714285716,29.285714285714285,0,0,Blinkit,Beverages
CUST4470,14,928.5,3.2857142857142856,30.928571428571427,0,0,Blinkit,Personal Care
CUST7126,14,501.64285714285717,3.5,34.642857142857146,0,0,Swiggy Instamart,Fruits & Vegetables
CUST4206,14,537.2857142857143,2.9285714285714284,27.571428571428573,0,1,Blinkit,Dairy
CUST7513,14,470.92857142857144,3.2857142857142856,32.57142857142857,0,0,Swiggy Instamart,Grocery
CUST7588,14,713.1428571428571,2.642857142857143,25.785714285714285,0,1,Blinkit,Dairy
CUST1196,14,797.9285714285714,3.4285714285714284,32.857142857142854,0,0,Blinkit,Grocery
CUST5739,14,496.0,3.357142857142857,25.214285714285715,0,0,Blinkit,Beverages
CUST1023,14,481.57142857142856,3.0,26.928571428571427,0,0,JioMart,Fruits & Vegetables
CUST2703,14,565.4285714285714,3.0714285714285716,27.214285714285715,0,0,Swiggy Instamart,Personal Care
CUST9061,14,588.0,3.142857142857143,29.642857142857142,0,0,Swiggy Instamart,Beverages
CUST2812,14,629.6428571428571,3.0,31.142857142857142,0,1,JioMart,Beverages
CUST2258,14,741.5714285714286,2.857142857142857,29.071428571428573,0,1,JioMart,Grocery
CUST6575,14,445.2142857142857,3.2142857142857144,25.714285714285715,0,0,Swiggy Instamart,Grocery
CUST3671,14,584.0,3.5,34.142857142857146,0,0,Swiggy Instamart,Snacks
CUST7913,14,790.6428571428571,3.4285714285714284,27.214285714285715,0,0,JioMart,Dairy
CUST8034,14,609.7142857142857,3.2857142857142856,33.92857142857143,0,0,JioMart,Beverages
CUST2983,14,706.7857142857143,3.0,29.857142857142858,0,1,Blinkit,Dairy
CUST7998,14,528.7142857142857,4.071428571428571,34.57142857142857,0,0,JioMart,Snacks
CUST6854,14,781.0714285714286,3.7142857142857144,31.428571428571427,0,0,Blinkit,Grocery
CUST7244,14,569.6428571428571,4.0,30.642857142857142,0,0,Blinkit,Grocery
CUST8381,14,562.5714285714286,3.0714285714285716,30.928571428571427,0,0,Blinkit,Fruits & Vegetables
CUST7819,14,391.5,3.4285714285714284,30.642857142857142,0,0,JioMart,Dairy
CUST2427,14,524.9285714285714,3.642857142857143,31.785714285714285,0,0,Blinkit,Dairy
CUST6241,14,594.8571428571429,2.857142857142857,28.142857142857142,0,1,JioMart,Grocery
CUST9225,14,551.0,3.9285714285714284,31.642857142857142,0,0,Swiggy Instamart,Beverages
CUST2764,14,685.6428571428571,3.142857142857143,35.285714285714285,0,0,Swiggy Instamart,Snacks
CUST2380,14,585.7857142857143,3.5,32.214285714285715,0,0,Blinkit,Snacks
CUST1460,14,662.1428571428571,3.5714285714285716,27.928571428571427,0,0,Swiggy Instamart,Dairy
CUST5927,14,629.4285714285714,2.2857142857142856,24.142857142857142,0,1,Swiggy Instamart,Personal Care
CUST3365,14,676.2857142857143,3.5,30.214285714285715,0,0,Swiggy Instamart,Beverages
CUST3593,14,678.7857142857143,3.5714285714285716,29.071428571428573,0,0,Blinkit,Grocery
CUST2847,14,593.5,2.7142857142857144,31.642857142857142,0,1,Swiggy Instamart,Fruits & Vegetables
CUST6185,14,751.2857142857143,2.7857142857142856,28.142857142857142,0,1,JioMart,Beverages
CUST7520,14,498.2142857142857,3.7857142857142856,29.0,0,0,Blinkit,Beverages
CUST9372,14,746.3571428571429,3.5714285714285716,26.928571428571427,0,0,JioMart,Grocery
CUST4808,14,716.5,3.2857142857142856,26.857142857142858,0,0,JioMart,Beverages
CUST3484,14,601.2857142857143,2.9285714285714284,33.214285714285715,0,1,Blinkit,Snacks
CUST6202,14,594.3571428571429,2.7142857142857144,32.42857142857143,0,0,JioMart,Beverages
CUST1540,14,672.7857142857143,3.2142857142857144,28.357142857142858,0,0,JioMart,Snacks
CUST1466,14,497.5,2.857142857142857,31.857142857142858,0,1,JioMart,Dairy
CUST9247,14,589.7142857142857,3.2857142857142856,27.785714285714285,0,0,Swiggy Instamart,Dairy
CUST5749,14,447.14285714285717,3.857142857142857,26.357142857142858,0,0,JioMart,Beverages
CUST2616,14,552.2142857142857,2.642857142857143,29.214285714285715,0,1,Swiggy Instamart,Fruits & Vegetables
CUST7677,14,449.2857142857143,3.2142857142857144,28.357142857142858,0,0,JioMart,Snacks
CUST2766,14,650.8571428571429,3.642857142857143,27.928571428571427,0,0,Swiggy Instamart,Beverages
CUST2085,14,717.5,3.5714285714285716,29.214285714285715,0,0,JioMart,Grocery
CUST6853,14,647.8571428571429,2.857142857142857,32.285714285714285,0,0,Blinkit,Grocery
CUST3065,14,531.1428571428571,3.142857142857143,28.071428571428573,0,0,Swiggy Instamart,Snacks
CUST5229,14,534.0714285714286,3.0714285714285716,35.0,0,0,Blinkit,Grocery
CUST3885,14,661.7857142857143,3.2857142857142856,29.357142857142858,0,0,Swiggy Instamart,Snacks
CUST9548,14,520.6428571428571,2.7142857142857144,30.5,0,1,JioMart,Dairy
CUST5701,14,577.0714285714286,3.7857142857142856,23.714285714285715,0,0,JioMart,Beverages
CUST7414,14,623.5,3.5,27.428571428571427,0,0,JioMart,Beverages
CUST3196,14,768.9285714285714,2.2857142857142856,26.5,0,1,JioMart,Dairy
CUST8369,14,696.8571428571429,2.4285714285714284,27.142857142857142,0,1,Blinkit,Snacks
CUST1894,14,445.2142857142857,3.0,29.285714285714285,0,0,JioMart,Beverages
CUST6629,14,580.6428571428571,3.0,27.0,0,1,Swiggy Instamart,Beverages
CUST8035,14,404.35714285714283,3.0,27.571428571428573,0,1,Swiggy Instamart,Beverages
CUST2419,14,686.0714285714286,2.857142857142857,22.857142857142858,0,1,Blinkit,Dairy
CUST5569,14,600.5,3.142857142857143,30.5,0,0,JioMart,Beverages
CUST3565,14,755.2857142857143,3.142857142857143,26.071428571428573,0,0,JioMart,Snacks
CUST7600,14,786.9285714285714,3.0,26.785714285714285,0,1,JioMart,Fruits & Vegetables
CUST6362,14,520.7857142857143,2.9285714285714284,28.714285714285715,0,0,Blinkit,Fruits & Vegetables
CUST4113,14,718.2142857142857,3.4285714285714284,31.357142857142858,0,0,JioMart,Grocery
CUST4921,14,679.0714285714286,3.5714285714285716,29.928571428571427,0,0,JioMart,Grocery
CUST5191,14,689.8571428571429,2.642857142857143,28.642857142857142,0,1,Blinkit,Beverages
CUST9401,14,632.7857142857143,3.642857142857143,30.0,0,0,Blinkit,Fruits & Vegetables
CUST1988,14,582.2142857142857,4.214285714285714,30.071428571428573,0,0,Swiggy Instamart,Fruits & Vegetables
CUST2058,14,469.2857142857143,3.5714285714285716,26.142857142857142,0,0,Swiggy Instamart,Beverages
CUST8652,14,629.9285714285714,3.5714285714285716,32.714285714285715,0,0,Blinkit,Beverages
CUST7082,14,557.3571428571429,3.2857142857142856,28.428571428571427,0,0,JioMart,Beverages
CUST6705,14,844.9285714285714,3.0,32.142857142857146,0,1,JioMart,Personal Care
CUST8185,14,545.9285714285714,2.9285714285714284,28.0,0,0,Blinkit,Fruits & Vegetables
CUST8568,14,545.6428571428571,2.857142857142857,27.428571428571427,0,1,JioMart,Beverages
CUST6561,14,783.6428571428571,2.5,30.285714285714285,0,1,JioMart,Personal Care
CUST9299,14,600.5714285714286,3.2142857142857144,26.5,0,0,JioMart,Fruits & Vegetables
CUST9920,14,700.7142857142857,2.9285714285714284,28.642857142857142,0,1,Blinkit,Beverages
CUST7523,14,696.7857142857143,3.642857142857143,27.857142857142858,0,0,Swiggy Instamart,Beverages
CUST4204,14,667.7857142857143,3.7857142857142856,29.5,0,0,Swiggy Instamart,Beverages
CUST3416,14,546.4285714285714,3.5,27.785714285714285,0,0,Swiggy Instamart,Personal Care
CUST8795,14,527.1428571428571,3.2142857142857144,28.142857142857142,0,1,Blinkit,Fruits & Vegetables
CUST8938,14,618.2142857142857,2.642857142857143,27.785714285714285,0,1,Blinkit,Beverages
CUST5852,14,619.0,3.357142857142857,31.428571428571427,0,0,Blinkit,Snacks
CUST4580,14,504.14285714285717,3.5714285714285716,34.57142857142857,0,0,Swiggy Instamart,Fruits & Vegetables
CUST4791,14,577.7857142857143,3.5,29.0,0,0,JioMart,Snacks
CUST7841,14,635.6428571428571,2.5,31.785714285714285,0,1,JioMart,Beverages
CUST9037,14,584.3571428571429,2.857142857142857,33.214285714285715,0,1,Swiggy Instamart,Fruits & Vegetables
CUST8946,14,729.2142857142857,3.142857142857143,31.428571428571427,0,0,JioMart,Personal Care
CUST6744,14,642.9285714285714,3.4285714285714284,30.285714285714285,0,0,JioMart,Fruits & Vegetables
CUST8015,14,608.3571428571429,2.7857142857142856,28.785714285714285,0,1,Blinkit,Dairy
CUST3721,14,726.4285714285714,3.5,28.357142857142858,0,0,JioMart,Beverages
CUST4458,14,653.0714285714286,3.5,27.214285714285715,0,0,Blinkit,Dairy
CUST4032,14,633.0714285714286,4.142857142857143,28.714285714285715,0,0,Blinkit,Grocery
CUST8107,14,594.7142857142857,4.071428571428571,27.714285714285715,0,0,Swiggy Instamart,Dairy
CUST3109,14,545.2857142857143,3.7142857142857144,29.0,0,0,Blinkit,Dairy
CUST8986,14,572.8571428571429,3.4285714285714284,31.571428571428573,0,0,Blinkit,Beverages
CUST8697,14,673.4285714285714,2.7142857142857144,29.357142857142858,0,0,Swiggy Instamart,Personal Care
CUST5841,14,654.9285714285714,2.9285714285714284,29.857142857142858,0,0,JioMart,Dairy
CUST7852,14,410.7142857142857,3.2857142857142856,29.857142857142858,0,0,Blinkit,Fruits & Vegetables
CUST9056,14,758.6428571428571,3.857142857142857,28.0,0,0,Blinkit,Grocery
CUST3444,14,688.6428571428571,3.357142857142857,25.071428571428573,0,0,JioMart,Personal Care
CUST1157,14,542.5714285714286,3.857142857142857,29.857142857142858,0,0,JioMart,Grocery
CUST5740,14,714.5714285714286,3.4285714285714284,25.5,0,0,Blinkit,Personal Care
CUST2895,14,606.8571428571429,2.9285714285714284,29.0,0,1,JioMart,Beverages
CUST2953,14,711.7857142857143,3.5,30.142857142857142,0,0,Blinkit,Dairy
CUST7070,14,650.3571428571429,2.7142857142857144,31.0,0,1,Swiggy Instamart,Grocery
CUST2552,14,634.0714285714286,3.4285714285714284,25.642857142857142,0,0,Blinkit,Snacks
CUST4481,14,643.3571428571429,3.4285714285714284,28.714285714285715,0,0,Blinkit,Dairy
CUST9669,14,710.6428571428571,3.642857142857143,27.785714285714285,0,0,Blinkit,Personal Care
CUST5119,14,455.92857142857144,2.7857142857142856,26.357142857142858,0,1,JioMart,Beverages
CUST3834,14,718.1428571428571,3.857142857142857,33.857142857142854,0,0,JioMart,Fruits & Vegetables
CUST9179,14,401.42857142857144,3.9285714285714284,29.785714285714285,0,0,JioMart,Beverages
CUST3726,14,866.6428571428571,2.857142857142857,27.0,0,1,Blinkit,Grocery
CUST3958,14,561.2857142857143,3.2142857142857144,31.428571428571427,0,0,Swiggy Instamart,Dairy
CUST2750,14,623.8571428571429,2.9285714285714284,31.928571428571427,0,1,Swiggy Instamart,Snacks
CUST5373,14,474.85714285714283,3.357142857142857,30.357142857142858,0,0,JioMart,Dairy
CUST5812,14,583.3571428571429,3.0714285714285716,30.857142857142858,0,1,Blinkit,Beverages
CUST8471,14,586.3571428571429,3.0714285714285716,30.142857142857142,0,0,JioMart,Grocery
CUST8080,14,475.2142857142857,3.5714285714285716,28.285714285714285,0,0,Blinkit,Personal Care
CUST7481,14,658.5714285714286,3.4285714285714284,29.357142857142858,0,0,Swiggy Instamart,Grocery
CUST7674,14,531.0714285714286,3.2142857142857144,32.0,0,0,Swiggy Instamart,Personal Care
CUST9432,14,520.2142857142857,3.2142857142857144,26.285714285714285,0,0,Blinkit,Dairy
CUST5656,14,623.7142857142857,2.5714285714285716,32.5,0,1,JioMart,Beverages
CUST7982,14,621.2857142857143,4.142857142857143,29.285714285714285,0,0,JioMart,Personal Care
CUST8190,14,438.42857142857144,3.0714285714285716,29.785714285714285,0,1,Swiggy Instamart,Fruits & Vegetables
CUST7656,14,536.8571428571429,3.2857142857142856,25.928571428571427,0,0,JioMart,Personal Care
CUST4482,14,588.5,2.9285714285714284,32.714285714285715,0,0,Blinkit,Fruits & Vegetables
CUST4793,14,435.42857142857144,3.2142857142857144,29.285714285714285,0,0,JioMart,Fruits & Vegetables
CUST1210,14,506.35714285714283,3.642857142857143,27.428571428571427,0,0,Swiggy Instamart,Fruits & Vegetables
CUST4735,14,703.2142857142857,3.4285714285714284,28.571428571428573,0,0,Swiggy Instamart,Personal Care
CUST2578,14,495.5,2.857142857142857,26.5,0,1,Swiggy Instamart,Fruits & Vegetables
CUST9907,14,321.5,2.857142857142857,33.42857142857143,0,0,Swiggy Instamart,Fruits & Vegetables
CUST1732,14,389.92857142857144,3.2857142857142856,30.928571428571427,0,0,Blinkit,Dairy
CUST6651,14,595.7142857142857,3.5714285714285716,26.642857142857142,0,0,Swiggy Instamart,Grocery
CUST5560,14,557.7142857142857,3.642857142857143,28.5,0,0,JioMart,Grocery
CUST5805,14,551.8571428571429,3.0,31.714285714285715,0,0,Swiggy Instamart,Fruits & Vegetables
CUST4708,14,580.9285714285714,3.0,25.928571428571427,0,0,Blinkit,Grocery
CUST9556,14,573.0714285714286,3.5,31.214285714285715,0,0,Swiggy Instamart,Beverages
CUST9772,14,588.5714285714286,3.5714285714285716,32.142857142857146,0,0,JioMart,Dairy
CUST8071,14,717.0714285714286,3.0,27.857142857142858,0,0,Blinkit,Dairy
CUST2354,14,461.7857142857143,3.2857142857142856,28.785714285714285,0,0,JioMart,Dairy
CUST2260,14,491.7857142857143,3.7142857142857144,31.357142857142858,0,0,JioMart,Fruits & Vegetables
CUST5903,14,590.6428571428571,3.357142857142857,29.428571428571427,0,0,Blinkit,Beverages
CUST1202,14,616.4285714285714,3.5714285714285716,30.428571428571427,0,0,Swiggy Instamart,Beverages
CUST3778,14,545.0714285714286,3.9285714285714284,27.928571428571427,0,0,JioMart,Dairy
CUST6339,14,589.1428571428571,2.7857142857142856,26.285714285714285,0,1,JioMart,Fruits & Vegetables
CUST1555,14,770.2857142857143,2.7857142857142856,25.0,0,1,Swiggy Instamart,Personal Care
CUST9033,14,548.5714285714286,4.071428571428571,28.928571428571427,0,0,JioMart,Beverages
CUST5275,14,635.3571428571429,3.4285714285714284,28.428571428571427,0,0,JioMart,Grocery
CUST6313,14,522.5,3.642857142857143,28.571428571428573,0,0,JioMart,Dairy
CUST6930,14,525.0714285714286,3.7857142857142856,32.714285714285715,0,0,JioMart,Beverages
CUST7549,14,579.1428571428571,4.071428571428571,24.857142857142858,0,0,Swiggy Instamart,Beverages
CUST4248,14,548.1428571428571,3.142857142857143,29.928571428571427,0,0,Blinkit,Personal Care
CUST5068,14,550.2857142857143,3.0714285714285716,30.428571428571427,0,0,JioMart,Dairy
CUST9991,14,685.9285714285714,3.642857142857143,26.285714285714285,0,0,Blinkit,Personal Care
CUST9647,14,504.64285714285717,3.142857142857143,25.5,0,0,Blinkit,Grocery
CUST4645,14,451.5,2.357142857142857,31.0,0,1,JioMart,Snacks
CUST3352,14,488.7857142857143,3.2857142857142856,27.428571428571427,0,0,JioMart,Beverages
CUST8032,14,448.57142857142856,3.0714285714285716,33.285714285714285,0,0,JioMart,Dairy
CUST2697,14,842.7142857142857,2.5714285714285716,25.5,0,1,Swiggy Instamart,Dairy
CUST3200,14,652.2142857142857,3.5,29.357142857142858,0,0,Blinkit,Personal Care
CUST1685,14,494.35714285714283,3.142857142857143,31.428571428571427,0,0,Blinkit,Dairy
CUST2267,14,653.3571428571429,3.2857142857142856,32.142857142857146,0,0,JioMart,Fruits & Vegetables
CUST4407,14,508.7857142857143,4.142857142857143,28.214285714285715,0,0,JioMart,Fruits & Vegetables
CUST8971,14,572.6428571428571,3.357142857142857,33.357142857142854,0,0,Blinkit,Personal Care
CUST2250,14,659.5,3.2857142857142856,30.785714285714285,0,0,JioMart,Dairy
CUST7265,14,440.2142857142857,3.0714285714285716,28.714285714285715,0,0,JioMart,Fruits & Vegetables
CUST2574,14,691.3571428571429,2.2142857142857144,34.07142857142857,0,1,Blinkit,Personal Care
CUST1231,14,536.9285714285714,3.357142857142857,30.428571428571427,0,0,Swiggy Instamart,Beverages
CUST9694,14,646.4285714285714,3.2142857142857144,30.857142857142858,0,0,JioMart,Beverages
CUST6514,13,476.0,3.3846153846153846,32.15384615384615,0,0,Blinkit,Dairy
CUST2359,13,657.7692307692307,2.8461538461538463,32.23076923076923,0,1,Blinkit,Beverages
CUST8522,13,431.3076923076923,3.1538461538461537,29.076923076923077,0,0,JioMart,Dairy
CUST5835,13,574.0,3.0,29.923076923076923,0,0,Swiggy Instamart,Personal Care
CUST2476,13,579.7692307692307,3.0,27.076923076923077,0,1,Blinkit,Beverages
CUST7194,13,568.7692307692307,2.6923076923076925,32.69230769230769,0,0,JioMart,Dairy
CUST5957,13,570.3076923076923,3.1538461538461537,33.92307692307692,0,0,Swiggy Instamart,Dairy
CUST3323,13,660.6923076923077,3.769230769230769,27.153846153846153,0,0,Swiggy Instamart,Snacks
CUST3783,13,696.6153846153846,3.230769230769231,29.53846153846154,0,0,JioMart,Dairy
CUST6841,13,472.2307692307692,3.4615384615384617,34.0,0,0,Swiggy Instamart,Beverages
CUST2222,13,543.9230769230769,4.0,26.384615384615383,0,0,Swiggy Instamart,Beverages
CUST5335,13,665.2307692307693,4.076923076923077,25.615384615384617,0,0,JioMart,Grocery
CUST7405,13,475.7692307692308,2.923076923076923,29.46153846153846,0,0,JioMart,Beverages
CUST2325,13,812.6153846153846,3.6153846153846154,27.307692307692307,0,0,Blinkit,Dairy
CUST2561,13,773.7692307692307,3.1538461538461537,31.076923076923077,0,1,Swiggy Instamart,Fruits & Vegetables
CUST3182,13,780.6153846153846,2.5384615384615383,34.30769230769231,0,1,JioMart,Personal Care
CUST5717,13,663.9230769230769,2.6923076923076925,29.307692307692307,0,1,Blinkit,Beverages
CUST8027,13,500.46153846153845,3.1538461538461537,27.153846153846153,0,0,JioMart,Personal Care
CUST1805,13,540.5384615384615,3.5384615384615383,24.923076923076923,0,0,Blinkit,Beverages
CUST5370,13,578.8461538461538,2.769230769230769,31.692307692307693,0,1,Blinkit,Beverages
CUST9353,13,454.9230769230769,3.076923076923077,33.0,0,0,Swiggy Instamart,Beverages
CUST8894,13,765.3846153846154,2.769230769230769,24.46153846153846,0,1,Blinkit,Beverages
CUST3624,13,513.7692307692307,3.4615384615384617,33.07692307692308,0,0,JioMart,Personal Care
CUST1115,13,615.7692307692307,3.3076923076923075,32.07692307692308,0,0,JioMart,Beverages
CUST8019,13,504.84615384615387,3.0,26.76923076923077,0,1,JioMart,Beverages
CUST6977,13,544.1538461538462,3.1538461538461537,28.384615384615383,0,0,Swiggy Instamart,Grocery
CUST4764,13,722.5384615384615,3.3846153846153846,24.692307692307693,0,0,JioMart,Snacks
CUST4964,13,640.4615384615385,2.6923076923076925,29.384615384615383,0,1,JioMart,Dairy
CUST9585,13,684.9230769230769,2.8461538461538463,27.0,0,1,Swiggy Instamart,Personal Care
CUST6498,13,447.15384615384613,3.5384615384615383,28.53846153846154,0,0,Swiggy Instamart,Personal Care
CUST7639,13,612.0,3.076923076923077,28.307692307692307,0,1,JioMart,Beverages
CUST2654,13,609.0769230769231,2.6153846153846154,29.076923076923077,0,1,JioMart,Dairy
CUST1916,13,498.2307692307692,2.4615384615384617,31.384615384615383,0,1,Swiggy Instamart,Dairy
CUST9785,13,415.15384615384613,2.230769230769231,24.307692307692307,0,1,Blinkit,Beverages
CUST3229,13,550.3076923076923,3.3846153846153846,28.692307692307693,0,0,Swiggy Instamart,Fruits & Vegetables
CUST7000,13,698.6153846153846,3.3846153846153846,28.23076923076923,0,0,Blinkit,Beverages
CUST1498,13,643.1538461538462,3.5384615384615383,27.692307692307693,0,0,JioMart,Fruits & Vegetables
CUST6196,13,418.6923076923077,4.0,33.30769230769231,0,0,Blinkit,Beverages
CUST3274,13,522.8461538461538,3.3846153846153846,26.076923076923077,0,0,Blinkit,Grocery
CUST5390,13,544.1538461538462,3.8461538461538463,26.692307692307693,0,0,JioMart,Beverages
CUST5037,13,620.9230769230769,3.1538461538461537,28.0,0,0,Blinkit,Beverages
CUST7447,13,541.3076923076923,3.923076923076923,28.615384615384617,0,0,JioMart,Beverages
CUST3118,13,641.3076923076923,2.3076923076923075,28.846153846153847,0,1,Swiggy Instamart,Dairy
CUST5587,13,694.5384615384615,3.4615384615384617,31.53846153846154,0,0,Blinkit,Personal Care
CUST6009,13,426.0769230769231,3.769230769230769,27.46153846153846,0,0,JioMart,Dairy
CUST1873,13,514.1538461538462,3.076923076923077,26.76923076923077,0,0,Blinkit,Snacks
CUST7914,13,749.0,3.3846153846153846,29.307692307692307,0,0,Swiggy Instamart,Personal Care
CUST1453,13,589.3846153846154,3.4615384615384617,26.23076923076923,0,0,Swiggy Instamart,Fruits & Vegetables
CUST7139,13,668.5384615384615,2.6153846153846154,29.23076923076923,0,1,Swiggy Instamart,Fruits & Vegetables
CUST7842,13,653.1538461538462,3.4615384615384617,27.615384615384617,0,0,Swiggy Instamart,Dairy
CUST9420,13,617.6153846153846,2.5384615384615383,29.23076923076923,0,1,Blinkit,Dairy
CUST4804,13,537.9230769230769,2.5384615384615383,29.76923076923077,0,1,JioMart,Snacks
CUST8724,13,560.6153846153846,3.230769230769231,29.923076923076923,0,1,Swiggy Instamart,Grocery
CUST5344,13,526.2307692307693,3.0,31.846153846153847,0,0,Blinkit,Grocery
CUST5907,13,737.0,3.4615384615384617,33.38461538461539,0,0,Blinkit,Personal Care
CUST6563,13,526.8461538461538,2.6923076923076925,26.307692307692307,0,1,Swiggy Instamart,Beverages
CUST8656,13,753.4615384615385,3.3846153846153846,25.615384615384617,0,0,JioMart,Personal Care
CUST6916,13,611.6153846153846,3.3076923076923075,29.23076923076923,0,1,Blinkit,Grocery
CUST8121,13,500.15384615384613,2.923076923076923,34.15384615384615,0,1,Swiggy Instamart,Fruits & Vegetables
CUST8933,13,825.3076923076923,3.076923076923077,30.0,0,1,Blinkit,Personal Care
CUST9779,13,832.3076923076923,3.5384615384615383,28.692307692307693,0,0,Swiggy Instamart,Fruits & Vegetables
CUST6169,13,598.0,3.230769230769231,32.61538461538461,0,1,JioMart,Snacks
CUST8216,13,542.3076923076923,2.8461538461538463,29.76923076923077,0,1,Swiggy Instamart,Grocery
CUST9596,13,751.8461538461538,3.769230769230769,31.692307692307693,0,0,Blinkit,Personal Care
CUST1334,13,671.3076923076923,3.4615384615384617,30.076923076923077,0,0,JioMart,Grocery
CUST3531,13,460.0769230769231,3.230769230769231,32.30769230769231,0,0,Blinkit,Beverages
CUST9850,13,547.8461538461538,3.6923076923076925,30.307692307692307,0,0,JioMart,Personal Care
CUST8432,13,523.4615384615385,3.3846153846153846,27.076923076923077,0,0,Blinkit,Dairy
CUST3063,13,1032.6153846153845,3.8461538461538463,27.0,0,0,Blinkit,Personal Care
CUST4719,13,402.9230769230769,3.4615384615384617,24.692307692307693,0,0,JioMart,Beverages
CUST4244,13,512.5384615384615,3.0,30.23076923076923,0,0,Swiggy Instamart,Beverages
CUST7845,13,649.3076923076923,2.923076923076923,28.53846153846154,0,0,Swiggy Instamart,Grocery
CUST6045,13,441.6923076923077,3.076923076923077,25.923076923076923,0,0,Blinkit,Dairy
CUST1808,13,623.4615384615385,2.8461538461538463,25.846153846153847,0,1,Blinkit,Beverages
CUST2752,13,647.4615384615385,3.769230769230769,27.23076923076923,0,0,JioMart,Beverages
CUST2035,13,338.46153846153845,3.1538461538461537,27.076923076923077,0,1,JioMart,Dairy
CUST4859,13,579.3846153846154,3.3846153846153846,27.76923076923077,0,0,Blinkit,Dairy
CUST1217,13,580.6153846153846,4.076923076923077,27.846153846153847,0,0,JioMart,Grocery
CUST2364,13,480.6923076923077,3.0,27.846153846153847,0,1,Swiggy Instamart,Dairy
CUST6722,13,561.6153846153846,3.1538461538461537,30.384615384615383,0,0,Blinkit,Beverages
CUST5864,13,801.6153846153846,3.8461538461538463,31.53846153846154,0,0,Blinkit,Personal Care
CUST8693,13,625.4615384615385,2.923076923076923,30.46153846153846,0,1,Blinkit,Dairy
CUST5040,13,434.2307692307692,3.230769230769231,33.46153846153846,0,0,Blinkit,Fruits & Vegetables
CUST8405,13,605.2307692307693,2.923076923076923,27.153846153846153,0,1,Blinkit,Beverages
CUST1440,13,487.7692307692308,2.6923076923076925,27.0,0,1,Blinkit,Beverages
CUST2735,13,588.3076923076923,3.076923076923077,26.846153846153847,0,1,Blinkit,Beverages
CUST1725,13,610.2307692307693,3.3076923076923075,29.076923076923077,0,0,JioMart,Beverages
CUST6012,13,613.1538461538462,3.230769230769231,27.53846153846154,0,0,Swiggy Instamart,Beverages
CUST5983,13,506.9230769230769,3.076923076923077,34.0,0,0,JioMart,Dairy
CUST9979,13,642.5384615384615,2.923076923076923,29.53846153846154,0,0,JioMart,Grocery
CUST9177,13,525.1538461538462,2.6153846153846154,26.615384615384617,0,1,JioMart,Fruits & Vegetables
CUST7020,13,517.6153846153846,3.4615384615384617,34.46153846153846,0,0,Blinkit,Beverages
CUST2656,13,639.8461538461538,2.230769230769231,32.38461538461539,0,1,Swiggy Instamart,Personal Care
CUST8510,13,722.0,3.3846153846153846,32.84615384615385,0,0,Blinkit,Beverages
CUST3486,13,638.3076923076923,3.6923076923076925,25.53846153846154,0,0,Blinkit,Grocery
CUST9425,13,478.2307692307692,3.5384615384615383,30.53846153846154,0,0,Blinkit,Grocery
CUST4250,13,688.8461538461538,4.230769230769231,27.0,0,0,JioMart,Grocery
CUST2884,13,501.2307692307692,3.6923076923076925,30.46153846153846,0,0,Swiggy Instamart,Snacks
CUST3159,13,639.0769230769231,2.923076923076923,31.153846153846153,0,1,JioMart,Beverages
CUST1046,13,631.8461538461538,2.923076923076923,31.76923076923077,0,1,JioMart,Dairy
CUST4362,13,508.3076923076923,3.230769230769231,30.153846153846153,0,0,Blinkit,Beverages
CUST4428,13,562.8461538461538,3.8461538461538463,27.46153846153846,0,0,Swiggy Instamart,Dairy
CUST1160,13,500.46153846153845,2.769230769230769,31.153846153846153,0,1,Swiggy Instamart,Beverages
CUST5501,13,672.1538461538462,3.3076923076923075,30.46153846153846,0,0,Swiggy Instamart,Grocery
CUST6707,13,623.4615384615385,3.3076923076923075,30.76923076923077,0,0,JioMart,Grocery
CUST2796,13,522.4615384615385,3.923076923076923,28.0,0,0,JioMart,Personal Care
CUST1771,13,624.3076923076923,3.0,29.846153846153847,0,1,JioMart,Beverages
CUST3266,13,469.0,2.1538461538461537,25.615384615384617,0,1,Blinkit,Snacks
CUST9317,13,553.1538461538462,2.4615384615384617,29.53846153846154,0,1,Blinkit,Snacks
CUST5447,13,593.0,3.1538461538461537,30.846153846153847,0,1,Swiggy Instamart,Fruits & Vegetables
CUST3606,13,611.6153846153846,2.6153846153846154,28.153846153846153,0,1,Swiggy Instamart,Fruits & Vegetables
CUST7156,13,628.2307692307693,2.923076923076923,26.076923076923077,0,1,Blinkit,Dairy
CUST3668,13,594.4615384615385,3.3846153846153846,25.53846153846154,0,0,Swiggy Instamart,Dairy
CUST8872,13,554.6153846153846,4.461538461538462,34.61538461538461,0,0,JioMart,Fruits & Vegetables
CUST4569,13,726.6153846153846,2.8461538461538463,33.15384615384615,0,1,Swiggy Instamart,Grocery
CUST7261,13,572.8461538461538,3.769230769230769,28.615384615384617,0,0,JioMart,Grocery
CUST5919,13,355.0,3.5384615384615383,21.23076923076923,0,0,Blinkit,Fruits & Vegetables
CUST9755,13,495.46153846153845,3.6153846153846154,34.23076923076923,0,0,JioMart,Snacks
CUST4224,13,544.6923076923077,3.5384615384615383,29.384615384615383,0,0,Swiggy Instamart,Fruits & Vegetables
CUST1132,13,791.3846153846154,3.6923076923076925,33.69230769230769,0,0,Blinkit,Beverages
CUST1359,13,546.2307692307693,3.230769230769231,30.692307692307693,0,1,Swiggy Instamart,Grocery
CUST1919,13,493.84615384615387,3.923076923076923,25.846153846153847,0,0,Swiggy Instamart,Dairy
CUST3609,13,670.0,4.384615384615385,25.846153846153847,0,0,Swiggy Instamart,Beverages
CUST4162,13,622.8461538461538,3.230769230769231,31.846153846153847,0,0,JioMart,Fruits & Vegetables
CUST2290,13,423.53846153846155,3.6153846153846154,32.61538461538461,0,0,JioMart,Dairy
CUST1949,13,395.9230769230769,3.076923076923077,29.076923076923077,0,0,Blinkit,Fruits & Vegetables
CUST7056,13,503.6923076923077,3.230769230769231,27.76923076923077,0,0,Swiggy Instamart,Snacks
CUST5266,13,526.8461538461538,3.1538461538461537,30.692307692307693,0,1,Blinkit,Grocery
CUST2915,13,814.2307692307693,3.3076923076923075,30.153846153846153,0,0,Swiggy Instamart,Personal Care
CUST2624,13,695.2307692307693,3.3076923076923075,32.84615384615385,0,0,Blinkit,Personal Care
CUST6327,13,521.6923076923077,3.3846153846153846,25.923076923076923,0,0,Blinkit,Dairy
CUST8228,13,507.0,2.769230769230769,31.153846153846153,0,1,JioMart,Dairy
CUST6982,13,619.8461538461538,3.3076923076923075,26.307692307692307,0,0,Swiggy Instamart,Dairy
CUST8504,13,715.0,3.1538461538461537,25.076923076923077,0,0,JioMart,Dairy
CUST1148,13,472.0,3.076923076923077,32.38461538461539,0,1,Blinkit,Snacks
CUST5259,13,697.7692307692307,2.230769230769231,32.38461538461539,0,1,Swiggy Instamart,Personal Care
CUST3813,13,426.84615384615387,3.3846153846153846,28.615384615384617,0,0,JioMart,Fruits & Vegetables
CUST7756,13,580.8461538461538,3.5384615384615383,33.15384615384615,0,0,Blinkit,Fruits & Vegetables
CUST3293,13,516.3076923076923,3.769230769230769,30.692307692307693,0,0,JioMart,Beverages
CUST3788,13,419.9230769230769,2.8461538461538463,33.23076923076923,0,1,Swiggy Instamart,Beverages
CUST8755,13,634.0769230769231,3.4615384615384617,30.692307692307693,0,0,Swiggy Instamart,Dairy
CUST7810,13,431.3076923076923,4.0,27.307692307692307,0,0,JioMart,Snacks
CUST9986,13,532.9230769230769,3.1538461538461537,26.692307692307693,0,0,JioMart,Beverages
CUST9714,13,413.7692307692308,3.5384615384615383,27.76923076923077,0,0,Blinkit,Beverages
CUST8209,13,657.0,3.230769230769231,31.846153846153847,0,0,JioMart,Beverages
CUST6656,13,598.7692307692307,2.769230769230769,32.61538461538461,0,1,JioMart,Beverages
CUST2038,13,712.0,2.5384615384615383,26.923076923076923,0,1,Swiggy Instamart,Grocery
CUST9131,13,673.1538461538462,2.3846153846153846,30.23076923076923,0,1,Swiggy Instamart,Dairy
CUST3424,13,647.1538461538462,2.8461538461538463,27.846153846153847,0,1,Swiggy Instamart,Dairy
CUST8570,13,645.6923076923077,3.3076923076923075,30.0,0,1,Blinkit,Personal Care
CUST6177,13,582.6153846153846,2.6153846153846154,30.0,0,1,Blinkit,Fruits & Vegetables
CUST7496,13,618.8461538461538,2.923076923076923,29.923076923076923,0,0,Blinkit,Beverages
CUST7860,13,637.6923076923077,3.6923076923076925,26.0,0,0,Blinkit,Fruits & Vegetables
CUST1108,13,522.7692307692307,3.3076923076923075,25.307692307692307,0,0,Swiggy Instamart,Beverages
CUST2787,13,609.7692307692307,3.3846153846153846,31.76923076923077,0,1,JioMart,Grocery
CUST6137,13,662.7692307692307,3.5384615384615383,29.307692307692307,0,0,JioMart,Personal Care
CUST7977,13,687.3846153846154,2.8461538461538463,32.61538461538461,0,1,Swiggy Instamart,Dairy
CUST2582,13,643.2307692307693,2.6923076923076925,33.53846153846154,0,1,JioMart,Dairy
CUST2398,13,419.61538461538464,3.230769230769231,26.0,0,0,Blinkit,Snacks
CUST8430,13,360.0,3.0,32.07692307692308,0,1,Swiggy Instamart,Fruits & Vegetables
CUST6736,13,739.3076923076923,3.076923076923077,27.846153846153847,0,0,Blinkit,Personal Care
CUST2158,13,715.8461538461538,3.3846153846153846,32.07692307692308,0,0,Blinkit,Grocery
CUST7133,13,907.9230769230769,3.1538461538461537,31.615384615384617,0,0,JioMart,Personal Care
CUST1770,13,637.0769230769231,3.3076923076923075,33.15384615384615,0,0,Blinkit,Dairy
CUST7829,13,676.3076923076923,1.7692307692307692,31.53846153846154,0,1,JioMart,Grocery
CUST5526,13,680.4615384615385,3.3076923076923075,29.692307692307693,0,0,JioMart,Dairy
CUST2916,13,621.1538461538462,3.4615384615384617,28.076923076923077,0,0,Swiggy Instamart,Beverages
CUST4802,13,578.1538461538462,3.230769230769231,33.46153846153846,0,0,Swiggy Instamart,Grocery
CUST2361,13,813.4615384615385,3.5384615384615383,32.15384615384615,0,0,Blinkit,Beverages
CUST4940,13,624.7692307692307,2.4615384615384617,31.23076923076923,0,1,Blinkit,Grocery
CUST5328,13,715.3076923076923,3.230769230769231,29.692307692307693,0,0,Blinkit,Dairy
CUST5435,13,573.2307692307693,3.076923076923077,27.23076923076923,0,1,JioMart,Dairy
CUST2818,13,469.0,3.1538461538461537,31.615384615384617,0,0,Blinkit,Dairy
CUST9955,13,850.8461538461538,3.6153846153846154,30.692307692307693,0,0,Blinkit,Beverages
CUST3131,13,477.46153846153845,3.3846153846153846,32.92307692307692,0,0,Swiggy Instamart,Snacks
CUST8732,13,617.6153846153846,3.230769230769231,28.692307692307693,0,0,Blinkit,Dairy
CUST9645,13,545.6923076923077,3.4615384615384617,26.846153846153847,0,0,Blinkit,Snacks
CUST2727,13,614.3846153846154,2.5384615384615383,24.153846153846153,0,1,JioMart,Beverages
CUST8058,13,658.3846153846154,3.4615384615384617,30.53846153846154,0,0,Blinkit,Snacks
CUST2755,13,514.0769230769231,3.4615384615384617,34.61538461538461,0,0,Blinkit,Beverages
CUST6119,13,474.84615384615387,3.6923076923076925,30.76923076923077,0,0,Blinkit,Dairy
CUST1687,13,627.0769230769231,2.6153846153846154,25.923076923076923,0,1,Swiggy Instamart,Grocery
CUST1764,13,518.1538461538462,3.6153846153846154,29.615384615384617,0,0,Blinkit,Dairy
CUST5273,13,500.46153846153845,3.4615384615384617,33.38461538461539,0,0,Swiggy Instamart,Fruits & Vegetables
CUST3260,13,410.61538461538464,2.8461538461538463,31.0,0,1,Swiggy Instamart,Fruits & Vegetables
CUST7931,13,474.46153846153845,3.0,31.307692307692307,0,1,Swiggy Instamart,Personal Care
CUST1716,13,657.3846153846154,3.5384615384615383,31.23076923076923,0,0,Swiggy Instamart,Dairy
CUST5621,13,689.5384615384615,3.0,30.153846153846153,0,1,Swiggy Instamart,Dairy
CUST5522,13,503.84615384615387,3.4615384615384617,32.76923076923077,0,0,Blinkit,Fruits & Vegetables
CUST4855,13,474.2307692307692,3.6153846153846154,26.53846153846154,0,0,JioMart,Snacks
CUST1859,13,638.0,3.6153846153846154,33.92307692307692,0,0,JioMart,Grocery
CUST2846,13,658.5384615384615,3.5384615384615383,30.384615384615383,0,0,JioMart,Beverages
CUST6699,13,631.6153846153846,3.8461538461538463,31.0,0,0,Swiggy Instamart,Dairy
CUST8549,13,593.5384615384615,2.6153846153846154,30.76923076923077,0,1,Blinkit,Beverages
CUST4730,13,517.4615384615385,3.5384615384615383,28.0,0,0,JioMart,Fruits & Vegetables
CUST6263,13,541.6923076923077,2.6923076923076925,26.46153846153846,0,1,Blinkit,Dairy
CUST8379,13,409.9230769230769,4.230769230769231,31.46153846153846,0,0,Blinkit,Dairy
CUST4241,13,609.9230769230769,3.769230769230769,27.615384615384617,0,0,Swiggy Instamart,Dairy
CUST2395,13,593.0,3.8461538461538463,28.46153846153846,0,0,Swiggy Instamart,Dairy
CUST3485,13,617.6923076923077,3.076923076923077,33.61538461538461,0,1,Blinkit,Dairy
CUST1841,13,645.6923076923077,3.4615384615384617,34.76923076923077,0,0,JioMart,Fruits & Vegetables
CUST4020,13,554.0,2.923076923076923,34.15384615384615,0,1,Blinkit,Dairy
CUST2142,13,664.0,3.230769230769231,29.153846153846153,0,1,JioMart,Beverages
CUST3448,13,473.9230769230769,3.1538461538461537,29.384615384615383,0,0,JioMart,Fruits & Vegetables
CUST2637,13,645.5384615384615,3.1538461538461537,28.153846153846153,0,0,JioMart,Beverages
CUST7801,13,631.6153846153846,3.5384615384615383,27.76923076923077,0,0,Swiggy Instamart,Grocery
CUST6477,13,557.3076923076923,2.5384615384615383,29.153846153846153,0,1,Blinkit,Personal Care
CUST2396,13,515.1538461538462,3.1538461538461537,30.923076923076923,0,0,JioMart,Grocery
CUST8760,13,581.0769230769231,2.230769230769231,34.38461538461539,0,1,JioMart,Snacks
CUST5019,13,649.3076923076923,2.5384615384615383,31.076923076923077,0,1,Swiggy Instamart,Fruits & Vegetables
CUST9652,13,396.53846153846155,3.3846153846153846,29.923076923076923,0,0,Blinkit,Dairy
CUST3549,13,684.3846153846154,3.3076923076923075,30.76923076923077,0,0,Blinkit,Beverages
CUST1149,13,804.0,3.076923076923077,31.46153846153846,0,0,Blinkit,Dairy
CUST8635,13,561.1538461538462,3.076923076923077,29.076923076923077,0,0,JioMart,Snacks
CUST2425,13,770.8461538461538,3.3846153846153846,29.307692307692307,0,0,Blinkit,Fruits & Vegetables
CUST9880,13,486.53846153846155,3.769230769230769,29.76923076923077,0,0,Blinkit,Beverages
CUST8930,13,723.9230769230769,2.5384615384615383,35.92307692307692,0,1,Blinkit,Grocery
CUST5640,13,521.0,2.1538461538461537,28.0,0,1,Swiggy Instamart,Fruits & Vegetables
CUST3347,13,678.9230769230769,2.4615384615384617,27.307692307692307,0,1,JioMart,Dairy
CUST7022,13,763.2307692307693,2.769230769230769,29.153846153846153,0,1,Blinkit,Beverages
CUST8720,13,636.7692307692307,2.923076923076923,27.0,0,1,JioMart,Grocery
CUST9010,13,493.7692307692308,2.6923076923076925,28.53846153846154,0,1,Swiggy Instamart,Dairy
CUST3138,13,506.84615384615387,2.769230769230769,32.23076923076923,0,1,Blinkit,Fruits & Vegetables
CUST7411,13,580.3846153846154,3.076923076923077,26.307692307692307,0,1,JioMart,Personal Care
CUST7330,13,653.1538461538462,2.6923076923076925,26.76923076923077,0,1,Blinkit,Fruits & Vegetables
CUST1817,13,527.6923076923077,3.5384615384615383,31.923076923076923,0,0,Swiggy Instamart,Grocery
CUST2788,13,628.0769230769231,4.0,30.23076923076923,0,0,Blinkit,Dairy
CUST9087,13,499.15384615384613,4.076923076923077,29.0,0,0,JioMart,Snacks
CUST4116,13,522.9230769230769,3.3846153846153846,32.92307692307692,0,0,Swiggy Instamart,Snacks
CUST4385,13,491.6923076923077,2.6153846153846154,23.692307692307693,0,1,Blinkit,Personal Care
CUST3281,13,592.4615384615385,3.6153846153846154,33.38461538461539,0,0,Blinkit,Fruits & Vegetables
CUST2371,13,472.84615384615387,3.0,29.076923076923077,0,1,Blinkit,Beverages
CUST2237,13,559.6153846153846,4.076923076923077,31.23076923076923,0,0,Swiggy Instamart,Dairy
CUST9936,13,578.2307692307693,2.923076923076923,27.846153846153847,0,1,Blinkit,Fruits & Vegetables
CUST8397,13,638.4615384615385,2.6923076923076925,28.923076923076923,0,1,Blinkit,Beverages
CUST9479,13,565.9230769230769,3.0,26.76923076923077,0,0,Swiggy Instamart,Beverages
CUST3824,13,598.1538461538462,3.0,31.923076923076923,0,0,Blinkit,Beverages
CUST3905,13,450.53846153846155,3.4615384615384617,30.384615384615383,0,0,Swiggy Instamart,Dairy
CUST2740,13,765.0,3.6153846153846154,24.46153846153846,0,0,Blinkit,Grocery
CUST7177,13,449.2307692307692,3.3846153846153846,30.23076923076923,0,0,Swiggy Instamart,Fruits & Vegetables
CUST4018,13,514.9230769230769,3.3846153846153846,27.0,0,0,JioMart,Dairy
CUST3128,13,672.6923076923077,3.230769230769231,30.076923076923077,0,0,Blinkit,Dairy
CUST9805,13,483.61538461538464,2.8461538461538463,24.53846153846154,0,1,Blinkit,Snacks
CUST7627,13,430.0,2.6153846153846154,29.153846153846153,0,1,Swiggy Instamart,Beverages
CUST5399,13,511.0769230769231,3.3076923076923075,30.23076923076923,0,0,JioMart,Grocery
CUST4872,13,443.9230769230769,2.769230769230769,30.53846153846154,0,1,JioMart,Dairy
CUST4460,13,554.6923076923077,3.076923076923077,31.615384615384617,0,1,Swiggy Instamart,Dairy
CUST4349,13,565.2307692307693,3.076923076923077,29.76923076923077,0,1,Blinkit,Beverages
CUST4531,13,556.6923076923077,3.5384615384615383,31.846153846153847,0,0,Swiggy Instamart,Dairy
CUST7785,13,461.0769230769231,2.6153846153846154,33.07692307692308,0,1,Blinkit,Beverages
CUST9516,13,751.8461538461538,3.6153846153846154,32.07692307692308,0,0,JioMart,Beverages
CUST7443,13,849.1538461538462,3.3076923076923075,35.07692307692308,0,0,Blinkit,Beverages
CUST1162,13,469.38461538461536,4.0,28.23076923076923,0,0,JioMart,Dairy
CUST5280,13,688.3076923076923,2.923076923076923,26.384615384615383,0,1,Blinkit,Beverages
CUST5209,13,475.0,3.3076923076923075,27.76923076923077,0,0,JioMart,Dairy
CUST7140,13,687.5384615384615,2.923076923076923,27.76923076923077,0,1,Blinkit,Grocery
CUST1447,13,870.5384615384615,3.0,28.76923076923077,0,1,Swiggy Instamart,Grocery
CUST5981,13,374.2307692307692,3.5384615384615383,31.46153846153846,0,0,JioMart,Fruits & Vegetables
CUST1864,13,712.5384615384615,3.923076923076923,30.923076923076923,0,0,JioMart,Personal Care
CUST8089,13,581.5384615384615,2.769230769230769,27.307692307692307,0,1,Swiggy Instamart,Snacks
CUST2293,13,425.61538461538464,3.6923076923076925,30.384615384615383,0,0,Blinkit,Beverages
CUST9617,13,495.0769230769231,3.6923076923076925,27.0,0,0,Blinkit,Fruits & Vegetables
CUST2452,13,485.84615384615387,3.769230769230769,29.384615384615383,0,0,Blinkit,Fruits & Vegetables
CUST1875,13,553.6923076923077,3.3076923076923075,23.615384615384617,0,0,Blinkit,Fruits & Vegetables
CUST5637,13,821.7692307692307,3.3076923076923075,26.23076923076923,0,0,Blinkit,Personal Care
CUST5714,13,666.0769230769231,2.769230769230769,24.46153846153846,0,1,Swiggy Instamart,Grocery
CUST2480,13,365.61538461538464,4.230769230769231,29.846153846153847,0,0,JioMart,Dairy
CUST3327,13,511.84615384615387,3.3846153846153846,28.384615384615383,0,0,JioMart,Personal Care
CUST9611,13,595.0,3.6923076923076925,37.38461538461539,0,0,Blinkit,Beverages
CUST6987,13,632.3846153846154,3.6923076923076925,27.692307692307693,0,0,Swiggy Instamart,Grocery
CUST3056,13,591.3076923076923,4.076923076923077,31.076923076923077,0,0,Swiggy Instamart,Snacks
CUST6628,13,591.4615384615385,3.5384615384615383,30.76923076923077,0,0,Swiggy Instamart,Grocery
CUST2235,13,755.2307692307693,2.3846153846153846,23.615384615384617,0,1,Blinkit,Dairy
CUST5238,13,659.7692307692307,3.769230769230769,34.30769230769231,0,0,Blinkit,Dairy
CUST6083,13,734.1538461538462,2.923076923076923,21.153846153846153,0,1,JioMart,Grocery
CUST8919,13,555.6153846153846,2.923076923076923,31.615384615384617,0,1,Blinkit,Snacks
CUST7805,13,440.46153846153845,3.769230769230769,36.23076923076923,0,0,Blinkit,Dairy
CUST4420,13,543.3846153846154,3.4615384615384617,30.076923076923077,0,0,Swiggy Instamart,Beverages
CUST8857,13,490.84615384615387,2.923076923076923,27.384615384615383,0,1,JioMart,Grocery
CUST1011,13,566.2307692307693,3.8461538461538463,32.69230769230769,0,0,Blinkit,Grocery
CUST3035,13,706.6923076923077,3.076923076923077,30.846153846153847,0,1,Blinkit,Grocery
CUST2276,13,532.1538461538462,2.923076923076923,28.923076923076923,0,1,Blinkit,Fruits & Vegetables
CUST2037,13,393.84615384615387,2.923076923076923,27.76923076923077,0,1,JioMart,Snacks
CUST4176,13,671.7692307692307,3.6923076923076925,32.30769230769231,0,0,Blinkit,Snacks
CUST2251,13,466.9230769230769,3.769230769230769,31.923076923076923,0,0,Blinkit,Dairy
CUST6456,13,617.0,3.076923076923077,30.384615384615383,0,0,Blinkit,Personal Care
CUST6562,13,481.7692307692308,2.4615384615384617,27.153846153846153,0,1,JioMart,Beverages
CUST2162,13,817.3846153846154,3.6923076923076925,29.46153846153846,0,0,Blinkit,Personal Care
CUST6932,13,533.6923076923077,3.3846153846153846,32.76923076923077,0,0,Blinkit,Grocery
CUST8309,13,467.0769230769231,3.4615384615384617,32.0,0,0,Blinkit,Dairy
CUST2593,13,574.1538461538462,3.3076923076923075,30.307692307692307,0,0,JioMart,Beverages
CUST6389,13,418.6923076923077,2.6153846153846154,26.076923076923077,0,1,Swiggy Instamart,Beverages
CUST3961,13,561.3846153846154,4.0,31.46153846153846,0,0,JioMart,Dairy
CUST2244,13,672.8461538461538,2.923076923076923,31.923076923076923,0,1,JioMart,Grocery
CUST1577,13,598.8461538461538,2.8461538461538463,28.0,0,1,Blinkit,Grocery
CUST5886,13,367.15384615384613,3.5384615384615383,29.76923076923077,0,0,Swiggy Instamart,Snacks
CUST8004,13,429.46153846153845,3.076923076923077,28.923076923076923,0,1,JioMart,Dairy
CUST9205,13,642.4615384615385,3.8461538461538463,28.153846153846153,0,0,Swiggy Instamart,Beverages
CUST6103,13,588.3076923076923,3.769230769230769,29.923076923076923,0,0,Swiggy Instamart,Personal Care
CUST3318,13,834.1538461538462,3.076923076923077,25.76923076923077,0,1,Blinkit,Personal Care
CUST1099,13,429.0,3.8461538461538463,29.384615384615383,0,0,Blinkit,Beverages
CUST6702,13,719.9230769230769,3.230769230769231,32.53846153846154,0,0,Swiggy Instamart,Personal Care
CUST4414,13,663.6923076923077,3.769230769230769,26.46153846153846,0,0,Blinkit,Dairy
CUST8354,13,719.0,3.230769230769231,29.153846153846153,0,1,Swiggy Instamart,Beverages
CUST2234,13,649.4615384615385,3.076923076923077,29.46153846153846,0,1,JioMart,Grocery
CUST5431,13,635.5384615384615,3.230769230769231,30.615384615384617,0,0,Swiggy Instamart,Dairy
CUST5193,13,591.1538461538462,3.0,26.923076923076923,0,1,Blinkit,Fruits & Vegetables
CUST6101,13,741.8461538461538,3.4615384615384617,27.46153846153846,0,0,Swiggy Instamart,Grocery
CUST5177,13,765.3846153846154,3.3846153846153846,31.923076923076923,0,0,Swiggy Instamart,Beverages
CUST9390,13,572.6923076923077,3.4615384615384617,28.923076923076923,0,0,Blinkit,Beverages
CUST6934,13,453.53846153846155,3.230769230769231,27.076923076923077,0,1,Swiggy Instamart,Fruits & Vegetables
CUST9031,13,727.0769230769231,3.076923076923077,33.46153846153846,0,0,Blinkit,Beverages
CUST7882,13,527.2307692307693,3.230769230769231,28.846153846153847,0,0,JioMart,Fruits & Vegetables
CUST2426,13,685.1538461538462,3.4615384615384617,26.846153846153847,0,0,JioMart,Dairy
CUST9853,13,666.3076923076923,2.8461538461538463,30.384615384615383,0,1,Blinkit,Fruits & Vegetables
CUST8811,13,535.6153846153846,3.3846153846153846,27.615384615384617,0,0,Swiggy Instamart,Personal Care
CUST6796,13,371.38461538461536,2.6923076923076925,31.76923076923077,0,1,JioMart,Fruits & Vegetables
CUST8270,13,628.4615384615385,3.0,29.076923076923077,0,0,Blinkit,Snacks
CUST1451,13,607.2307692307693,2.769230769230769,29.615384615384617,0,1,JioMart,Snacks
CUST7382,13,543.0769230769231,4.153846153846154,31.076923076923077,0,0,Blinkit,Beverages
CUST8888,13,506.0769230769231,2.923076923076923,32.07692307692308,0,1,Swiggy Instamart,Snacks
CUST8858,13,570.7692307692307,3.0,28.153846153846153,0,1,Swiggy Instamart,Snacks
CUST8500,13,571.8461538461538,3.5384615384615383,33.23076923076923,0,0,Swiggy Instamart,Grocery
CUST2980,13,601.3076923076923,3.3846153846153846,33.61538461538461,0,0,Swiggy Instamart,Fruits & Vegetables
CUST3082,13,510.9230769230769,3.923076923076923,29.53846153846154,0,0,JioMart,Personal Care
CUST1138,13,890.1538461538462,3.6923076923076925,28.76923076923077,0,0,Blinkit,Dairy
CUST2678,13,673.1538461538462,3.3846153846153846,30.384615384615383,0,0,Swiggy Instamart,Dairy
CUST2463,13,415.38461538461536,3.3076923076923075,33.61538461538461,0,0,JioMart,Snacks
CUST7418,13,443.6923076923077,3.230769230769231,28.076923076923077,0,0,JioMart,Dairy
CUST5397,13,533.1538461538462,3.923076923076923,34.69230769230769,0,0,Blinkit,Beverages
CUST5967,13,674.6923076923077,2.8461538461538463,28.46153846153846,0,1,JioMart,Grocery
CUST9184,13,789.5384615384615,3.8461538461538463,29.923076923076923,0,0,JioMart,Personal Care
CUST9564,13,630.4615384615385,3.1538461538461537,30.846153846153847,0,0,JioMart,Snacks
CUST1073,13,510.2307692307692,3.3076923076923075,26.076923076923077,0,0,Swiggy Instamart,Dairy
CUST9143,13,570.2307692307693,3.3846153846153846,29.0,0,0,Blinkit,Grocery
CUST8924,13,570.5384615384615,2.6923076923076925,30.076923076923077,0,1,Blinkit,Beverages
CUST1953,13,605.3076923076923,3.1538461538461537,31.076923076923077,0,0,Blinkit,Fruits & Vegetables
CUST5659,13,603.5384615384615,2.5384615384615383,28.307692307692307,0,1,JioMart,Grocery
CUST3960,13,550.0,3.5384615384615383,26.923076923076923,0,0,Blinkit,Personal Care
CUST8411,13,746.9230769230769,2.6153846153846154,29.307692307692307,0,1,JioMart,Fruits & Vegetables
CUST6712,13,639.0,3.3076923076923075,28.923076923076923,0,0,Blinkit,Dairy
CUST5976,13,712.6153846153846,2.6153846153846154,26.615384615384617,0,1,Swiggy Instamart,Dairy
CUST3094,13,548.7692307692307,2.4615384615384617,31.153846153846153,0,1,Swiggy Instamart,Dairy
CUST4012,13,830.7692307692307,3.0,25.846153846153847,0,1,JioMart,Grocery
CUST4025,13,622.0769230769231,2.769230769230769,30.23076923076923,0,1,Blinkit,Snacks
CUST3265,13,424.6923076923077,3.4615384615384617,30.923076923076923,0,0,Swiggy Instamart,Dairy
CUST6731,13,476.2307692307692,2.5384615384615383,26.076923076923077,0,1,Swiggy Instamart,Fruits & Vegetables
CUST1857,13,389.6923076923077,3.923076923076923,31.53846153846154,0,0,Blinkit,Snacks
CUST6249,13,734.2307692307693,2.769230769230769,30.76923076923077,0,1,Swiggy Instamart,Snacks
CUST2870,13,528.9230769230769,3.6153846153846154,30.46153846153846,0,0,Blinkit,Beverages
CUST3686,13,442.38461538461536,2.769230769230769,26.23076923076923,0,1,Blinkit,Snacks
CUST3930,13,490.0769230769231,3.4615384615384617,26.153846153846153,0,0,JioMart,Snacks
CUST1094,13,554.0769230769231,3.1538461538461537,27.153846153846153,0,0,Blinkit,Beverages
CUST5146,13,530.0769230769231,3.3846153846153846,31.307692307692307,0,0,JioMart,Dairy
CUST3727,13,618.0769230769231,2.3076923076923075,28.307692307692307,0,1,Blinkit,Beverages
CUST9456,13,552.6923076923077,2.5384615384615383,34.69230769230769,0,1,Blinkit,Dairy
CUST7937,13,656.1538461538462,3.1538461538461537,31.307692307692307,0,1,JioMart,Beverages
CUST3093,13,708.4615384615385,3.923076923076923,28.846153846153847,0,0,JioMart,Personal Care
CUST2083,13,633.2307692307693,3.230769230769231,28.923076923076923,0,0,Blinkit,Fruits & Vegetables
CUST9209,13,488.6923076923077,3.4615384615384617,32.46153846153846,0,0,Swiggy Instamart,Grocery
CUST9568,13,460.61538461538464,3.4615384615384617,23.923076923076923,0,0,JioMart,Grocery
CUST6643,13,445.3076923076923,3.076923076923077,30.153846153846153,0,1,JioMart,Snacks
CUST1618,13,590.9230769230769,3.6153846153846154,29.53846153846154,0,0,Blinkit,Dairy
CUST6002,13,522.6153846153846,2.6153846153846154,30.0,0,1,Swiggy Instamart,Fruits & Vegetables
CUST3090,13,405.6923076923077,3.0,25.076923076923077,0,0,Blinkit,Fruits & Vegetables
CUST7694,13,622.3076923076923,2.769230769230769,26.0,0,1,Swiggy Instamart,Fruits & Vegetables
CUST8680,13,593.4615384615385,3.8461538461538463,32.07692307692308,0,0,Blinkit,Beverages
CUST4421,13,513.3076923076923,3.6153846153846154,31.923076923076923,0,0,JioMart,Snacks
CUST6593,13,758.3846153846154,3.923076923076923,34.61538461538461,0,0,Swiggy Instamart,Dairy
CUST7317,13,578.2307692307693,2.4615384615384617,27.923076923076923,0,1,JioMart,Dairy
CUST1490,13,670.0769230769231,3.230769230769231,32.46153846153846,0,1,Blinkit,Beverages
CUST9883,13,615.0769230769231,3.4615384615384617,34.53846153846154,0,0,Blinkit,Beverages
CUST8197,13,751.4615384615385,3.6153846153846154,26.692307692307693,0,0,JioMart,Personal Care
CUST3901,13,746.3846153846154,3.4615384615384617,27.53846153846154,0,0,JioMart,Beverages
CUST6538,13,504.84615384615387,3.0,31.23076923076923,0,1,Blinkit,Snacks
CUST9944,13,895.0,3.3846153846153846,33.46153846153846,0,0,Blinkit,Grocery
CUST2956,13,611.3076923076923,3.0,30.846153846153847,0,0,JioMart,Fruits & Vegetables
CUST8865,13,472.6923076923077,3.5384615384615383,29.0,0,0,JioMart,Snacks
CUST2015,13,629.9230769230769,2.923076923076923,30.0,0,1,Swiggy Instamart,Dairy
CUST9212,13,673.7692307692307,3.1538461538461537,25.384615384615383,0,1,JioMart,Beverages
CUST3626,13,726.7692307692307,2.923076923076923,29.846153846153847,0,1,Blinkit,Personal Care
CUST5846,13,704.6153846153846,3.3076923076923075,23.23076923076923,0,0,JioMart,Grocery
CUST3952,13,472.6923076923077,3.230769230769231,26.384615384615383,0,0,Swiggy Instamart,Dairy
CUST6070,13,560.7692307692307,2.923076923076923,32.84615384615385,0,1,JioMart,Dairy
CUST7445,13,430.0,3.0,30.153846153846153,0,1,JioMart,Fruits & Vegetables
CUST2343,13,360.0769230769231,3.3846153846153846,26.692307692307693,0,0,JioMart,Dairy
CUST5033,13,645.5384615384615,2.8461538461538463,25.384615384615383,0,1,Blinkit,Dairy
CUST7615,13,561.7692307692307,3.8461538461538463,26.384615384615383,0,0,JioMart,Dairy
CUST4853,13,530.1538461538462,2.6153846153846154,28.46153846153846,0,1,Blinkit,Snacks
CUST6718,13,713.6153846153846,2.923076923076923,31.692307692307693,0,1,Blinkit,Grocery
CUST1152,13,656.7692307692307,3.6923076923076925,25.46153846153846,0,0,Blinkit,Personal Care
CUST6406,13,627.5384615384615,3.1538461538461537,30.846153846153847,0,1,Blinkit,Snacks
CUST4473,13,717.4615384615385,3.1538461538461537,26.846153846153847,0,0,Blinkit,Grocery
CUST5596,13,672.7692307692307,3.3076923076923075,27.153846153846153,0,0,JioMart,Personal Care
CUST5403,13,613.0769230769231,3.5384615384615383,33.61538461538461,0,0,JioMart,Beverages
CUST9573,13,787.6153846153846,3.230769230769231,31.46153846153846,0,0,Blinkit,Dairy
CUST7030,13,429.0,3.0,31.0,0,1,Blinkit,Dairy
CUST4271,13,733.5384615384615,3.769230769230769,30.23076923076923,0,0,Blinkit,Personal Care
CUST7495,13,476.38461538461536,2.8461538461538463,32.07692307692308,0,1,Blinkit,Snacks
CUST6968,13,407.46153846153845,3.3076923076923075,24.23076923076923,0,0,JioMart,Dairy
CUST3054,13,572.3076923076923,4.538461538461538,33.30769230769231,0,0,JioMart,Beverages
CUST1576,13,551.6923076923077,2.5384615384615383,28.846153846153847,0,1,Blinkit,Dairy
CUST1957,13,664.3076923076923,3.230769230769231,27.846153846153847,0,1,JioMart,Beverages
CUST1396,13,650.8461538461538,3.230769230769231,26.076923076923077,0,0,JioMart,Personal Care
CUST7693,13,586.4615384615385,3.6153846153846154,28.307692307692307,0,0,Blinkit,Dairy
CUST4697,13,739.6923076923077,3.0,29.615384615384617,0,1,Blinkit,Grocery
CUST7688,13,510.3076923076923,3.3846153846153846,29.307692307692307,0,0,Swiggy Instamart,Snacks
CUST9057,13,566.0,3.1538461538461537,29.076923076923077,0,1,Blinkit,Fruits & Vegetables
CUST7436,13,460.6923076923077,2.8461538461538463,26.153846153846153,0,1,Blinkit,Grocery
CUST3618,13,518.7692307692307,2.923076923076923,28.384615384615383,0,0,Swiggy Instamart,Dairy
CUST6478,13,552.0769230769231,3.8461538461538463,28.0,0,0,Swiggy Instamart,Dairy
CUST5660,13,618.2307692307693,3.0,35.46153846153846,0,1,Blinkit,Fruits & Vegetables
CUST8331,13,434.53846153846155,3.0,27.923076923076923,0,1,JioMart,Snacks
CUST8167,13,609.1538461538462,3.1538461538461537,25.846153846153847,0,0,JioMart,Beverages
CUST8948,13,656.3076923076923,4.3076923076923075,29.23076923076923,0,0,Blinkit,Beverages
CUST6299,13,620.3076923076923,4.0,27.615384615384617,0,0,Swiggy Instamart,Fruits & Vegetables
CUST8329,13,582.6923076923077,3.076923076923077,27.923076923076923,0,1,Blinkit,Dairy
CUST8813,13,687.4615384615385,3.230769230769231,24.46153846153846,0,0,Blinkit,Dairy
CUST3402,13,734.5384615384615,3.076923076923077,31.076923076923077,0,1,JioMart,Grocery
CUST7802,13,745.0769230769231,3.8461538461538463,24.384615384615383,0,0,Blinkit,Dairy
CUST4105,13,972.0769230769231,2.769230769230769,31.46153846153846,0,1,Swiggy Instamart,Grocery
CUST9396,13,662.9230769230769,3.1538461538461537,29.23076923076923,0,0,Blinkit,Fruits & Vegetables
CUST1457,13,568.2307692307693,3.230769230769231,28.923076923076923,0,0,Blinkit,Fruits & Vegetables
CUST7568,13,463.46153846153845,2.1538461538461537,30.384615384615383,0,1,Blinkit,Beverages
CUST1862,13,445.53846153846155,3.769230769230769,27.53846153846154,0,0,Blinkit,Snacks
CUST7463,13,719.0769230769231,2.6153846153846154,31.23076923076923,0,1,Swiggy Instamart,Personal Care
CUST8729,13,532.2307692307693,3.1538461538461537,24.846153846153847,0,1,Swiggy Instamart,Beverages
CUST5006,13,675.8461538461538,2.769230769230769,33.69230769230769,0,1,Blinkit,Fruits & Vegetables
CUST3957,13,571.5384615384615,2.8461538461538463,30.384615384615383,0,0,Blinkit,Fruits & Vegetables
CUST8160,13,435.53846153846155,3.5384615384615383,27.846153846153847,0,0,JioMart,Dairy
CUST9782,13,795.6153846153846,3.5384615384615383,28.846153846153847,0,0,Swiggy Instamart,Dairy
CUST1058,13,881.9230769230769,3.3846153846153846,28.153846153846153,0,0,JioMart,Personal Care
CUST8057,13,626.4615384615385,3.6923076923076925,30.076923076923077,0,0,Blinkit,Fruits & Vegetables
CUST2161,13,578.2307692307693,3.076923076923077,29.923076923076923,0,1,Blinkit,Fruits & Vegetables
CUST8258,13,631.6153846153846,3.1538461538461537,28.307692307692307,0,0,Swiggy Instamart,Fruits & Vegetables
CUST7348,13,513.0,3.1538461538461537,32.23076923076923,0,0,JioMart,Snacks
CUST6224,13,404.2307692307692,3.4615384615384617,30.384615384615383,0,0,JioMart,Snacks
CUST4201,13,716.9230769230769,3.230769230769231,25.846153846153847,0,0,JioMart,Personal Care
CUST9083,13,660.3076923076923,3.0,30.692307692307693,0,0,Blinkit,Dairy
CUST7033,13,552.5384615384615,3.1538461538461537,29.923076923076923,0,0,Blinkit,Snacks
CUST9875,13,552.6923076923077,2.769230769230769,32.15384615384615,0,1,Swiggy Instamart,Fruits & Vegetables
CUST1042,13,421.6923076923077,3.6923076923076925,23.076923076923077,0,0,JioMart,Snacks
CUST7397,13,676.0769230769231,3.076923076923077,25.692307692307693,0,0,JioMart,Beverages
CUST8740,13,573.9230769230769,2.6153846153846154,29.307692307692307,0,1,Blinkit,Fruits & Vegetables
CUST4057,13,567.9230769230769,3.6153846153846154,28.46153846153846,0,0,Swiggy Instamart,Personal Care
CUST2309,13,596.4615384615385,2.769230769230769,32.53846153846154,0,1,JioMart,Fruits & Vegetables
CUST1849,13,629.3846153846154,3.230769230769231,31.307692307692307,0,0,Swiggy Instamart,Grocery
CUST1688,13,539.6923076923077,3.230769230769231,27.53846153846154,0,0,Swiggy Instamart,Dairy
CUST2960,13,710.0769230769231,2.8461538461538463,28.923076923076923,0,1,Blinkit,Personal Care
CUST6617,13,644.2307692307693,2.6923076923076925,28.615384615384617,0,1,JioMart,Personal Care
CUST8737,13,708.3846153846154,3.6923076923076925,31.076923076923077,0,0,Blinkit,Fruits & Vegetables
CUST5299,13,556.0,3.1538461538461537,33.38461538461539,0,1,Swiggy Instamart,Dairy
CUST1025,13,517.4615384615385,3.6153846153846154,31.615384615384617,0,0,Swiggy Instamart,Dairy
CUST9515,13,646.1538461538462,3.6153846153846154,34.92307692307692,0,0,JioMart,Personal Care
CUST4401,13,501.0,3.076923076923077,27.53846153846154,0,0,Blinkit,Beverages
CUST6625,13,509.9230769230769,2.4615384615384617,30.53846153846154,0,1,JioMart,Snacks
CUST4902,13,616.5384615384615,2.4615384615384617,31.615384615384617,0,1,Blinkit,Fruits & Vegetables
CUST4361,13,741.6923076923077,3.3846153846153846,32.07692307692308,0,0,JioMart,Personal Care
CUST1844,13,697.1538461538462,4.0,31.923076923076923,0,0,Blinkit,Beverages
CUST4303,13,748.1538461538462,3.769230769230769,32.07692307692308,0,0,JioMart,Personal Care
CUST1041,13,510.3076923076923,3.230769230769231,29.76923076923077,0,0,Blinkit,Beverages
CUST8460,13,443.84615384615387,3.3076923076923075,35.76923076923077,0,0,Blinkit,Dairy
CUST9538,13,638.6923076923077,3.3076923076923075,31.0,0,0,Blinkit,Dairy
CUST7429,13,637.1538461538462,2.923076923076923,33.07692307692308,0,1,Blinkit,Dairy
CUST2675,13,636.5384615384615,4.076923076923077,28.384615384615383,0,0,Swiggy Instamart,Fruits & Vegetables
CUST1290,13,640.3076923076923,3.230769230769231,29.384615384615383,0,0,Swiggy Instamart,Personal Care
CUST3238,13,685.0769230769231,2.3846153846153846,36.15384615384615,0,1,Blinkit,Fruits & Vegetables
CUST5664,13,373.7692307692308,3.0,28.46153846153846,0,1,Swiggy Instamart,Dairy
CUST7917,13,723.3846153846154,4.3076923076923075,30.307692307692307,0,0,Swiggy Instamart,Grocery
CUST8470,13,414.53846153846155,3.1538461538461537,32.76923076923077,0,0,Blinkit,Dairy
CUST6145,13,460.3076923076923,3.5384615384615383,25.923076923076923,0,0,Blinkit,Beverages
CUST2731,13,415.2307692307692,4.230769230769231,28.53846153846154,0,0,Blinkit,Snacks
CUST4321,13,614.0769230769231,3.6923076923076925,33.46153846153846,0,0,Swiggy Instamart,Snacks
CUST9578,13,459.0769230769231,3.1538461538461537,32.23076923076923,0,1,Swiggy Instamart,Dairy
CUST7530,13,629.1538461538462,3.076923076923077,26.692307692307693,0,1,JioMart,Dairy
CUST4213,13,595.4615384615385,2.769230769230769,27.307692307692307,0,1,JioMart,Dairy
CUST5778,13,577.4615384615385,2.3846153846153846,31.153846153846153,0,1,Blinkit,Personal Care
CUST2565,13,418.46153846153845,2.5384615384615383,29.076923076923077,0,1,JioMart,Snacks
CUST5409,13,802.2307692307693,4.153846153846154,30.692307692307693,0,0,Blinkit,Personal Care
CUST6850,13,452.3076923076923,3.6153846153846154,31.0,0,0,Blinkit,Dairy
CUST4068,13,705.7692307692307,3.3076923076923075,21.692307692307693,0,0,JioMart,Personal Care
CUST1787,13,691.5384615384615,3.3076923076923075,29.23076923076923,0,0,Swiggy Instamart,Personal Care
CUST4075,13,425.53846153846155,2.6923076923076925,29.23076923076923,0,1,Swiggy Instamart,Snacks
CUST5114,13,591.9230769230769,2.5384615384615383,30.384615384615383,0,1,Swiggy Instamart,Dairy
CUST5698,13,459.7692307692308,4.0,31.384615384615383,0,0,Swiggy Instamart,Fruits & Vegetables
CUST5896,13,812.8461538461538,3.769230769230769,30.0,0,0,Blinkit,Grocery
CUST1802,13,492.0769230769231,4.153846153846154,25.384615384615383,0,0,JioMart,Beverages
CUST8921,13,502.0769230769231,4.153846153846154,31.307692307692307,0,0,Blinkit,Dairy
CUST6096,13,638.6153846153846,3.3076923076923075,28.384615384615383,0,0,JioMart,Fruits & Vegetables
CUST7043,13,758.4615384615385,3.230769230769231,28.153846153846153,0,1,JioMart,Grocery
CUST7385,13,536.6923076923077,3.3076923076923075,25.46153846153846,0,1,Blinkit,Dairy
CUST5094,13,683.5384615384615,3.3846153846153846,30.0,0,0,Blinkit,Grocery
CUST1925,13,842.1538461538462,2.923076923076923,32.53846153846154,0,1,Blinkit,Personal Care
CUST6956,13,815.2307692307693,3.3076923076923075,28.153846153846153,0,0,JioMart,Grocery
CUST5206,13,732.3076923076923,3.3846153846153846,28.153846153846153,0,0,Blinkit,Grocery
CUST8327,13,534.0769230769231,3.3076923076923075,24.615384615384617,0,0,JioMart,Dairy
CUST1686,13,547.6923076923077,3.0,33.92307692307692,0,1,JioMart,Beverages
CUST4302,13,545.7692307692307,2.3846153846153846,30.615384615384617,0,1,Swiggy Instamart,Fruits & Vegetables
CUST3986,13,567.3846153846154,2.6153846153846154,35.30769230769231,0,1,Swiggy Instamart,Dairy
CUST8654,13,522.6923076923077,2.8461538461538463,29.46153846153846,0,1,Swiggy Instamart,Fruits & Vegetables
CUST3150,13,633.8461538461538,3.6923076923076925,30.0,0,0,Swiggy Instamart,Dairy
CUST3195,13,313.38461538461536,3.0,29.923076923076923,0,0,Blinkit,Beverages
CUST6551,13,480.15384615384613,2.8461538461538463,31.076923076923077,0,1,JioMart,Dairy
CUST4648,13,639.6923076923077,4.153846153846154,32.30769230769231,0,0,Blinkit,Dairy
CUST7439,13,562.6923076923077,3.3846153846153846,32.15384615384615,0,0,Swiggy Instamart,Fruits & Vegetables
CUST7750,13,516.1538461538462,3.6923076923076925,24.76923076923077,0,0,Blinkit,Personal Care
CUST6799,13,499.9230769230769,3.6153846153846154,26.923076923076923,0,0,Swiggy Instamart,Fruits & Vegetables
CUST8408,13,428.2307692307692,3.5384615384615383,25.53846153846154,0,0,Blinkit,Snacks
CUST6191,13,618.1538461538462,3.0,32.84615384615385,0,0,JioMart,Personal Care
CUST5265,13,720.6153846153846,3.076923076923077,29.615384615384617,0,0,Swiggy Instamart,Grocery
CUST6326,13,546.3846153846154,3.3846153846153846,27.76923076923077,0,0,Swiggy Instamart,Dairy
CUST3048,13,640.1538461538462,3.076923076923077,29.0,0,0,Swiggy Instamart,Dairy
CUST1033,13,715.4615384615385,3.3076923076923075,27.307692307692307,0,0,Blinkit,Grocery
CUST1387,13,678.7692307692307,3.6923076923076925,29.153846153846153,0,0,Blinkit,Dairy
CUST4728,13,623.6153846153846,2.6923076923076925,27.384615384615383,0,1,JioMart,Grocery
CUST7284,13,723.7692307692307,3.4615384615384617,31.384615384615383,0,0,JioMart,Beverages
CUST8905,13,551.5384615384615,2.769230769230769,29.23076923076923,0,1,Swiggy Instamart,Snacks
CUST3105,13,661.4615384615385,3.076923076923077,27.153846153846153,0,0,Blinkit,Fruits & Vegetables
CUST4526,13,496.84615384615387,3.3076923076923075,30.0,0,0,JioMart,Dairy
CUST9750,13,538.4615384615385,2.6153846153846154,25.46153846153846,0,1,Blinkit,Fruits & Vegetables
CUST2191,13,376.84615384615387,2.4615384615384617,30.307692307692307,0,1,Blinkit,Snacks
CUST1699,13,713.7692307692307,4.230769230769231,32.69230769230769,0,0,JioMart,Grocery
CUST7538,13,645.8461538461538,2.6153846153846154,28.076923076923077,0,1,Blinkit,Dairy
CUST7945,13,710.9230769230769,2.923076923076923,28.53846153846154,0,1,JioMart,Fruits & Vegetables
CUST8370,13,519.9230769230769,2.6153846153846154,28.23076923076923,0,1,JioMart,Beverages
CUST1781,13,850.1538461538462,3.6153846153846154,29.692307692307693,0,0,Blinkit,Personal Care
CUST3203,13,600.5384615384615,3.6923076923076925,29.23076923076923,0,0,JioMart,Personal Care
CUST4863,13,758.6923076923077,2.769230769230769,25.0,0,1,JioMart,Dairy
CUST4449,13,462.84615384615387,2.4615384615384617,28.692307692307693,0,1,Swiggy Instamart,Beverages
CUST8836,13,315.0769230769231,3.4615384615384617,34.46153846153846,0,0,Blinkit,Fruits & Vegetables
CUST1135,13,418.53846153846155,3.076923076923077,32.84615384615385,0,1,Blinkit,Fruits & Vegetables
CUST6746,13,531.2307692307693,3.6153846153846154,28.307692307692307,0,0,Swiggy Instamart,Fruits & Vegetables
CUST9921,13,612.2307692307693,3.3076923076923075,25.46153846153846,0,0,JioMart,Dairy
CUST1999,13,511.84615384615387,2.769230769230769,27.53846153846154,0,1,Swiggy Instamart,Fruits & Vegetables
CUST3328,13,528.1538461538462,2.769230769230769,27.692307692307693,0,1,Swiggy Instamart,Dairy
CUST7215,13,628.4615384615385,2.769230769230769,32.61538461538461,0,1,Blinkit,Snacks
CUST1974,13,628.7692307692307,2.6153846153846154,28.0,0,1,Swiggy Instamart,Personal Care
CUST8360,13,361.3076923076923,3.5384615384615383,32.0,0,0,Blinkit,Fruits & Vegetables
CUST7398,13,710.0769230769231,2.769230769230769,33.84615384615385,0,1,Blinkit,Beverages
CUST3938,13,624.0,3.1538461538461537,30.0,0,0,JioMart,Dairy
CUST1406,13,761.0,3.0,32.0,0,1,Blinkit,Personal Care
CUST4441,13,554.0,3.1538461538461537,30.153846153846153,0,0,Blinkit,Grocery
CUST5565,13,681.6923076923077,3.230769230769231,33.84615384615385,0,1,Swiggy Instamart,Grocery
CUST8807,13,644.8461538461538,3.6153846153846154,31.23076923076923,0,0,Blinkit,Fruits & Vegetables
CUST7536,13,696.0,2.6923076923076925,30.846153846153847,0,1,Blinkit,Beverages
CUST5148,13,558.3846153846154,3.076923076923077,27.153846153846153,0,1,Blinkit,Dairy
CUST9539,13,621.7692307692307,3.1538461538461537,27.53846153846154,0,0,JioMart,Fruits & Vegetables
CUST6952,13,560.3846153846154,2.8461538461538463,30.384615384615383,0,0,Swiggy Instamart,Beverages
CUST4347,13,527.2307692307693,3.6923076923076925,27.692307692307693,0,0,JioMart,Fruits & Vegetables
CUST2314,13,490.46153846153845,3.230769230769231,25.23076923076923,0,1,Swiggy Instamart,Fruits & Vegetables
CUST5060,13,577.3846153846154,3.5384615384615383,24.153846153846153,0,0,JioMart,Beverages
CUST5430,13,755.8461538461538,2.6923076923076925,33.76923076923077,0,1,Swiggy Instamart,Personal Care
CUST1939,13,810.7692307692307,3.0,35.15384615384615,0,1,Blinkit,Dairy
CUST8272,13,621.4615384615385,2.6153846153846154,31.692307692307693,0,1,Blinkit,Beverages
CUST5369,13,554.6923076923077,3.6923076923076925,27.384615384615383,0,0,Swiggy Instamart,Fruits & Vegetables
CUST1032,13,523.4615384615385,2.3846153846153846,32.69230769230769,0,1,Blinkit,Fruits & Vegetables
CUST9731,13,699.3846153846154,3.6923076923076925,27.46153846153846,0,0,JioMart,Beverages
CUST2065,13,671.2307692307693,3.6923076923076925,24.692307692307693,0,0,JioMart,Grocery
CUST5095,13,617.6153846153846,3.076923076923077,25.692307692307693,0,0,JioMart,Grocery
CUST3698,13,645.0769230769231,2.4615384615384617,32.38461538461539,0,1,JioMart,Personal Care
CUST2444,13,624.4615384615385,3.923076923076923,30.076923076923077,0,0,Blinkit,Dairy
CUST6753,13,621.8461538461538,2.6153846153846154,32.0,0,1,Blinkit,Grocery
CUST8477,13,537.1538461538462,3.769230769230769,32.92307692307692,0,0,JioMart,Personal Care
CUST8711,13,497.7692307692308,3.230769230769231,25.153846153846153,0,0,JioMart,Snacks
CUST8191,13,568.6153846153846,2.5384615384615383,29.692307692307693,0,1,Swiggy Instamart,Beverages
CUST7200,13,711.4615384615385,3.076923076923077,31.846153846153847,0,1,JioMart,Dairy
CUST3513,13,586.4615384615385,2.8461538461538463,24.307692307692307,0,1,Blinkit,Beverages
CUST8292,13,426.9230769230769,2.923076923076923,26.76923076923077,0,1,JioMart,Dairy
CUST2254,13,838.3076923076923,2.769230769230769,26.615384615384617,0,1,Blinkit,Grocery
CUST3650,13,663.9230769230769,2.923076923076923,31.0,0,0,Blinkit,Dairy
CUST7980,13,623.4615384615385,3.0,32.07692307692308,0,0,Blinkit,Dairy
CUST9536,13,647.9230769230769,4.153846153846154,25.846153846153847,0,0,JioMart,Dairy
CUST9723,13,904.7692307692307,3.3076923076923075,28.53846153846154,0,0,JioMart,Personal Care
CUST6588,13,683.6923076923077,2.6153846153846154,25.307692307692307,0,1,Swiggy Instamart,Fruits & Vegetables
CUST8796,13,742.0769230769231,3.6153846153846154,33.46153846153846,0,0,Swiggy Instamart,Personal Care
CUST2889,13,672.0769230769231,2.769230769230769,25.307692307692307,0,1,Blinkit,Beverages
CUST6425,13,518.6153846153846,3.076923076923077,27.923076923076923,0,0,JioMart,Snacks
CUST8088,13,587.3076923076923,3.8461538461538463,32.0,0,0,Blinkit,Beverages
CUST3981,13,331.7692307692308,3.0,28.692307692307693,0,1,Blinkit,Fruits & Vegetables
CUST1327,13,363.38461538461536,2.6923076923076925,32.07692307692308,0,1,Blinkit,Snacks
CUST2726,13,668.0769230769231,3.230769230769231,29.384615384615383,0,0,JioMart,Personal Care
CUST9492,13,594.8461538461538,2.769230769230769,26.923076923076923,0,1,Swiggy Instamart,Dairy
CUST5710,13,340.9230769230769,4.461538461538462,30.76923076923077,0,0,JioMart,Fruits & Vegetables
CUST5047,13,411.2307692307692,3.6153846153846154,29.76923076923077,0,0,Swiggy Instamart,Fruits & Vegetables
CUST6235,13,715.3846153846154,3.6923076923076925,33.15384615384615,0,0,Swiggy Instamart,Dairy
CUST3095,13,575.5384615384615,2.3076923076923075,29.53846153846154,0,1,Swiggy Instamart,Fruits & Vegetables
CUST9409,13,618.4615384615385,2.769230769230769,31.0,0,1,Blinkit,Personal Care
CUST5008,13,657.4615384615385,3.6923076923076925,32.0,0,0,JioMart,Dairy
CUST8018,13,510.0,3.5384615384615383,33.15384615384615,0,0,JioMart,Fruits & Vegetables
CUST4005,13,420.9230769230769,2.6923076923076925,31.076923076923077,0,1,Swiggy Instamart,Beverages
CUST2856,13,568.2307692307693,2.3846153846153846,33.38461538461539,0,1,Swiggy Instamart,Snacks
CUST2668,13,452.2307692307692,4.0,31.384615384615383,0,0,Blinkit,Snacks
CUST9882,13,419.53846153846155,2.3076923076923075,24.846153846153847,0,1,JioMart,Fruits & Vegetables
CUST8759,13,499.7692307692308,3.3846153846153846,27.53846153846154,0,0,Blinkit,Beverages
CUST2389,13,489.0769230769231,3.3076923076923075,38.38461538461539,1,0,JioMart,Grocery
CUST8066,13,534.0769230769231,3.3076923076923075,32.07692307692308,0,0,Blinkit,Snacks
CUST2661,13,659.4615384615385,3.1538461538461537,28.53846153846154,0,1,Blinkit,Snacks
CUST1702,13,789.0,3.0,33.76923076923077,0,1,Swiggy Instamart,Beverages
CUST2110,13,640.7692307692307,3.1538461538461537,31.384615384615383,0,1,Blinkit,Dairy
CUST5181,13,517.7692307692307,2.8461538461538463,29.0,0,1,Blinkit,Fruits & Vegetables
CUST6579,13,459.0769230769231,2.769230769230769,24.846153846153847,0,0,JioMart,Beverages
CUST1519,13,426.38461538461536,3.3846153846153846,27.307692307692307,0,0,JioMart,Fruits & Vegetables
CUST4228,13,686.7692307692307,3.3846153846153846,31.76923076923077,0,0,JioMart,Beverages
CUST5024,13,611.8461538461538,2.4615384615384617,30.692307692307693,0,1,JioMart,Personal Care
CUST6618,13,635.4615384615385,2.923076923076923,31.076923076923077,0,1,Blinkit,Beverages
CUST6961,13,633.3076923076923,2.6923076923076925,30.46153846153846,0,0,Blinkit,Personal Care
CUST1760,13,687.3076923076923,3.076923076923077,29.692307692307693,0,0,Swiggy Instamart,Personal Care
CUST2783,13,613.9230769230769,3.6153846153846154,30.46153846153846,0,0,JioMart,Grocery
CUST8978,13,538.8461538461538,3.0,30.53846153846154,0,1,Blinkit,Beverages
CUST8989,13,614.2307692307693,3.230769230769231,28.153846153846153,0,0,Blinkit,Fruits & Vegetables
CUST8583,13,576.0,3.6153846153846154,27.384615384615383,0,0,Swiggy Instamart,Beverages
CUST6889,13,641.4615384615385,3.5384615384615383,30.46153846153846,0,0,Swiggy Instamart,Snacks
CUST5873,13,594.8461538461538,3.230769230769231,29.153846153846153,0,0,JioMart,Beverages
CUST9476,13,617.9230769230769,3.1538461538461537,28.923076923076923,0,0,JioMart,Dairy
CUST5322,13,648.0769230769231,3.4615384615384617,30.153846153846153,0,0,Swiggy Instamart,Grocery
CUST1164,13,703.3846153846154,3.6153846153846154,33.69230769230769,0,0,JioMart,Dairy
CUST7207,13,438.7692307692308,3.3076923076923075,31.076923076923077,0,1,Swiggy Instamart,Personal Care
CUST7684,13,516.9230769230769,3.1538461538461537,31.153846153846153,0,1,JioMart,Fruits & Vegetables
CUST8466,13,690.0,3.0,27.53846153846154,0,1,JioMart,Personal Care
CUST3007,13,536.6153846153846,3.3076923076923075,30.23076923076923,0,0,JioMart,Grocery
CUST9437,13,485.6923076923077,4.076923076923077,25.923076923076923,0,0,Blinkit,Beverages
CUST6231,13,642.6923076923077,3.6153846153846154,30.692307692307693,0,0,JioMart,Snacks
CUST9740,13,657.3076923076923,3.6153846153846154,30.46153846153846,0,0,Swiggy Instamart,Grocery
CUST3882,13,596.8461538461538,3.076923076923077,32.38461538461539,0,0,JioMart,Beverages
CUST4654,13,548.0,3.6153846153846154,25.46153846153846,0,0,Blinkit,Snacks
CUST5909,13,594.6153846153846,3.4615384615384617,28.615384615384617,0,0,Blinkit,Grocery
CUST7456,13,458.3076923076923,2.769230769230769,28.846153846153847,0,1,JioMart,Personal Care
CUST1684,13,645.3076923076923,3.6153846153846154,31.923076923076923,0,0,Blinkit,Grocery
CUST5762,13,651.9230769230769,2.923076923076923,30.384615384615383,0,1,JioMart,Dairy
CUST5346,13,597.6923076923077,3.0,25.307692307692307,0,1,JioMart,Fruits & Vegetables
CUST1877,13,460.38461538461536,2.923076923076923,26.923076923076923,0,1,JioMart,Fruits & Vegetables
CUST8113,13,695.7692307692307,3.6153846153846154,27.076923076923077,0,0,JioMart,Grocery
CUST3973,13,773.3076923076923,3.5384615384615383,26.923076923076923,0,0,JioMart,Personal Care
CUST8245,13,411.38461538461536,3.4615384615384617,33.38461538461539,0,0,Swiggy Instamart,Beverages
CUST3610,13,549.1538461538462,3.4615384615384617,27.923076923076923,0,0,Swiggy Instamart,Beverages
CUST8912,13,603.0,3.4615384615384617,32.53846153846154,0,0,Swiggy Instamart,Personal Care
CUST9159,13,573.0,2.769230769230769,30.307692307692307,0,1,JioMart,Fruits & Vegetables
CUST9494,13,478.53846153846155,3.3846153846153846,30.0,0,0,Blinkit,Dairy
CUST3851,13,613.0769230769231,2.769230769230769,30.923076923076923,0,1,JioMart,Fruits & Vegetables
CUST4143,13,752.4615384615385,3.8461538461538463,29.53846153846154,0,0,Blinkit,Grocery
CUST6143,13,376.38461538461536,3.769230769230769,27.384615384615383,0,0,Swiggy Instamart,Snacks
CUST5127,13,535.5384615384615,3.3076923076923075,33.23076923076923,0,1,Blinkit,Personal Care
CUST2572,13,433.38461538461536,3.3846153846153846,28.384615384615383,0,0,Swiggy Instamart,Snacks
CUST4154,13,687.9230769230769,3.6923076923076925,32.92307692307692,0,0,Swiggy Instamart,Beverages
CUST8590,13,545.7692307692307,3.076923076923077,27.153846153846153,0,0,Blinkit,Beverages
CUST7087,13,507.38461538461536,3.3076923076923075,30.53846153846154,0,0,Swiggy Instamart,Dairy
CUST1181,13,649.6153846153846,3.8461538461538463,30.692307692307693,0,0,JioMart,Beverages
CUST8300,13,789.5384615384615,3.3076923076923075,31.384615384615383,0,1,Swiggy Instamart,Personal Care
CUST7143,13,673.0769230769231,3.6923076923076925,28.076923076923077,0,0,Blinkit,Dairy
CUST6037,13,569.6153846153846,2.769230769230769,29.076923076923077,0,1,Blinkit,Dairy
CUST6355,13,667.3846153846154,2.6923076923076925,28.846153846153847,0,0,Blinkit,Dairy
CUST6111,13,592.0,3.6923076923076925,30.153846153846153,0,0,JioMart,Fruits & Vegetables
CUST3977,13,776.8461538461538,2.076923076923077,29.53846153846154,0,1,Blinkit,Fruits & Vegetables
CUST3940,13,555.0,3.6923076923076925,31.76923076923077,0,0,Swiggy Instamart,Personal Care
CUST6034,13,426.46153846153845,2.6153846153846154,30.076923076923077,0,1,Swiggy Instamart,Dairy
CUST4368,13,376.6923076923077,2.230769230769231,25.615384615384617,0,1,Blinkit,Fruits & Vegetables
CUST2879,13,745.2307692307693,3.3076923076923075,31.923076923076923,0,0,JioMart,Grocery
CUST4495,13,629.3076923076923,3.0,29.923076923076923,0,1,Blinkit,Beverages
CUST2194,13,413.0769230769231,3.0,28.0,0,1,Swiggy Instamart,Fruits & Vegetables
CUST5518,13,579.0769230769231,3.1538461538461537,28.76923076923077,0,1,Blinkit,Beverages
CUST3415,13,738.6153846153846,2.6153846153846154,30.23076923076923,0,1,JioMart,Beverages
CUST8715,13,611.6153846153846,2.3846153846153846,30.615384615384617,0,1,Blinkit,Fruits & Vegetables
CUST3798,13,521.8461538461538,2.8461538461538463,25.53846153846154,0,1,Swiggy Instamart,Dairy
CUST2435,13,518.3076923076923,3.3076923076923075,31.53846153846154,0,0,Blinkit,Beverages
CUST5133,13,632.2307692307693,3.3076923076923075,32.23076923076923,0,0,Blinkit,Dairy
CUST8429,13,589.7692307692307,3.4615384615384617,25.615384615384617,0,0,JioMart,Grocery
CUST9972,13,516.6153846153846,3.5384615384615383,29.76923076923077,0,0,Swiggy Instamart,Beverages
CUST2530,13,589.6153846153846,3.6153846153846154,29.923076923076923,0,0,JioMart,Dairy
CUST6491,13,485.2307692307692,3.230769230769231,29.76923076923077,0,0,JioMart,Beverages
CUST5649,13,578.5384615384615,3.923076923076923,33.84615384615385,0,0,Blinkit,Fruits & Vegetables
CUST3520,13,627.3076923076923,3.6923076923076925,27.153846153846153,0,0,JioMart,Fruits & Vegetables
CUST5700,13,298.84615384615387,3.076923076923077,29.384615384615383,0,1,Swiggy Instamart,Beverages
CUST6737,13,562.0,3.8461538461538463,31.46153846153846,0,0,JioMart,Dairy
CUST9281,13,585.7692307692307,3.923076923076923,33.61538461538461,0,0,JioMart,Snacks
CUST2475,13,512.7692307692307,3.1538461538461537,29.923076923076923,0,0,Blinkit,Dairy
CUST3052,13,492.0,2.5384615384615383,33.61538461538461,0,1,Blinkit,Beverages
CUST9418,13,700.1538461538462,3.5384615384615383,30.615384615384617,0,0,Swiggy Instamart,Grocery
CUST2937,13,452.0,2.8461538461538463,35.23076923076923,0,1,JioMart,Beverages
CUST7650,13,488.46153846153845,3.8461538461538463,27.384615384615383,0,0,JioMart,Dairy
CUST4663,13,548.9230769230769,2.3076923076923075,30.46153846153846,0,1,JioMart,Fruits & Vegetables
CUST7690,13,578.7692307692307,3.076923076923077,25.615384615384617,0,0,JioMart,Beverages
CUST6700,13,441.46153846153845,3.076923076923077,31.692307692307693,0,1,JioMart,Fruits & Vegetables
CUST7858,13,661.2307692307693,2.0,21.53846153846154,0,1,Blinkit,Grocery
CUST4243,13,724.3076923076923,3.076923076923077,25.384615384615383,0,0,Blinkit,Grocery
CUST1615,13,738.6153846153846,3.3076923076923075,31.53846153846154,0,0,Swiggy Instamart,Grocery
CUST2008,13,481.15384615384613,3.1538461538461537,29.76923076923077,0,0,JioMart,Snacks
CUST5400,13,488.84615384615387,2.230769230769231,27.923076923076923,0,1,JioMart,Grocery
CUST1358,13,631.0769230769231,3.4615384615384617,31.46153846153846,0,0,JioMart,Grocery
CUST3518,13,556.8461538461538,3.3076923076923075,27.46153846153846,0,0,Swiggy Instamart,Fruits & Vegetables
CUST1756,13,617.9230769230769,3.230769230769231,29.46153846153846,0,1,Swiggy Instamart,Beverages
CUST6337,13,600.7692307692307,3.076923076923077,28.0,0,0,JioMart,Beverages
CUST1414,13,559.5384615384615,3.230769230769231,32.15384615384615,0,0,JioMart,Dairy
CUST7025,13,771.9230769230769,3.076923076923077,29.384615384615383,0,0,Swiggy Instamart,Grocery
CUST3451,13,676.4615384615385,3.6153846153846154,33.07692307692308,0,0,JioMart,Fruits & Vegetables
CUST2447,13,673.6153846153846,3.3846153846153846,29.384615384615383,0,0,Swiggy Instamart,Personal Care
CUST7389,13,864.0769230769231,2.923076923076923,30.0,0,1,JioMart,Dairy
CUST4467,13,478.0769230769231,2.923076923076923,26.53846153846154,0,1,Blinkit,Fruits & Vegetables
CUST5225,13,459.9230769230769,3.3076923076923075,29.076923076923077,0,0,Blinkit,Grocery
CUST8785,13,647.5384615384615,3.3076923076923075,29.153846153846153,0,1,JioMart,Dairy
CUST7121,13,482.15384615384613,3.5384615384615383,29.0,0,0,JioMart,Beverages
CUST3188,13,637.4615384615385,3.3076923076923075,29.0,0,0,Blinkit,Personal Care
CUST4590,13,517.3846153846154,2.6153846153846154,29.53846153846154,0,1,JioMart,Fruits & Vegetables
CUST2696,13,578.8461538461538,2.8461538461538463,24.615384615384617,0,1,JioMart,Fruits & Vegetables
CUST1795,13,786.8461538461538,2.6923076923076925,29.076923076923077,0,1,JioMart,Beverages
CUST9261,13,522.3846153846154,2.923076923076923,23.384615384615383,0,1,JioMart,Dairy
CUST6939,13,735.0,3.0,30.384615384615383,0,1,JioMart,Beverages
CUST8060,13,441.2307692307692,3.076923076923077,34.84615384615385,0,0,Blinkit,Grocery
CUST9508,13,733.2307692307693,4.0,32.76923076923077,0,0,Swiggy Instamart,Dairy
CUST1281,13,611.8461538461538,3.076923076923077,29.384615384615383,0,1,JioMart,Beverages
CUST4724,13,493.0,3.4615384615384617,30.615384615384617,0,0,JioMart,Dairy
CUST4262,13,743.3846153846154,3.230769230769231,32.84615384615385,0,1,JioMart,Personal Care
CUST4072,13,783.6923076923077,3.769230769230769,33.76923076923077,0,0,Swiggy Instamart,Personal Care
CUST4209,13,384.61538461538464,3.0,31.23076923076923,0,1,JioMart,Dairy
CUST7581,13,490.46153846153845,3.5384615384615383,30.615384615384617,0,0,Blinkit,Beverages
CUST8750,13,512.6153846153846,4.230769230769231,31.0,0,0,Blinkit,Dairy
CUST7671,13,452.53846153846155,3.923076923076923,29.384615384615383,0,0,JioMart,Beverages
CUST6586,13,559.3846153846154,2.8461538461538463,31.23076923076923,0,1,Swiggy Instamart,Fruits & Vegetables
CUST3325,13,525.0,3.0,31.076923076923077,0,1,Blinkit,Fruits & Vegetables
CUST5783,13,527.9230769230769,2.923076923076923,28.384615384615383,0,1,JioMart,Personal Care
CUST6953,13,706.5384615384615,2.5384615384615383,29.615384615384617,0,1,Blinkit,Grocery
CUST8474,13,840.3846153846154,3.3076923076923075,28.692307692307693,0,0,JioMart,Grocery
CUST3896,13,713.3076923076923,3.769230769230769,31.153846153846153,0,0,JioMart,Personal Care
CUST5860,13,624.0,3.0,32.23076923076923,0,1,Blinkit,Personal Care
CUST7576,13,706.3076923076923,3.4615384615384617,30.615384615384617,0,0,JioMart,Personal Care
CUST1291,13,729.8461538461538,2.923076923076923,31.846153846153847,0,0,JioMart,Personal Care
CUST4343,13,664.6153846153846,3.230769230769231,36.0,0,0,Blinkit,Personal Care
CUST2268,13,546.6153846153846,4.0,38.0,0,0,JioMart,Grocery
CUST9302,13,516.2307692307693,2.8461538461538463,28.076923076923077,0,1,Blinkit,Fruits & Vegetables
CUST5064,13,567.3846153846154,3.3846153846153846,29.846153846153847,0,0,JioMart,Fruits & Vegetables
CUST9054,13,436.46153846153845,2.6923076923076925,31.307692307692307,0,1,JioMart,Fruits & Vegetables
CUST8660,13,504.6923076923077,3.3846153846153846,26.76923076923077,0,0,Blinkit,Dairy
CUST4717,13,471.0,3.6923076923076925,31.307692307692307,0,0,JioMart,Beverages
CUST9283,13,674.0769230769231,3.076923076923077,24.846153846153847,0,1,JioMart,Snacks
CUST8862,13,549.1538461538462,2.769230769230769,29.153846153846153,0,1,Swiggy Instamart,Grocery
CUST5715,13,546.4615384615385,2.923076923076923,27.76923076923077,0,1,Blinkit,Fruits & Vegetables
CUST5480,13,566.6153846153846,3.3076923076923075,27.53846153846154,0,0,Blinkit,Personal Care
CUST1310,13,457.6923076923077,3.076923076923077,28.46153846153846,0,1,Blinkit,Dairy
CUST5286,13,719.3076923076923,2.8461538461538463,30.53846153846154,0,1,Blinkit,Personal Care
CUST8220,13,622.3076923076923,2.5384615384615383,31.46153846153846,0,1,Blinkit,Fruits & Vegetables
CUST7221,13,461.7692307692308,4.0,34.69230769230769,0,0,Swiggy Instamart,Beverages
CUST3969,13,459.0,3.3076923076923075,28.46153846153846,0,0,JioMart,Fruits & Vegetables
CUST5212,13,773.9230769230769,2.8461538461538463,24.46153846153846,0,1,JioMart,Personal Care
CUST3820,13,445.6923076923077,2.3846153846153846,32.07692307692308,0,1,Swiggy Instamart,Fruits & Vegetables
CUST8605,13,404.84615384615387,3.8461538461538463,28.307692307692307,0,0,Swiggy Instamart,Grocery
CUST7609,13,541.3846153846154,3.3846153846153846,32.38461538461539,0,0,Blinkit,Fruits & Vegetables
CUST5619,13,604.4615384615385,3.6153846153846154,35.92307692307692,0,0,JioMart,Snacks
CUST6979,13,528.0,3.3076923076923075,30.384615384615383,0,0,JioMart,Dairy
CUST2736,13,757.4615384615385,2.923076923076923,27.53846153846154,0,1,JioMart,Grocery
CUST3862,13,628.5384615384615,2.6153846153846154,36.07692307692308,0,1,Swiggy Instamart,Beverages
CUST5137,13,494.53846153846155,3.4615384615384617,28.846153846153847,0,0,Swiggy Instamart,Dairy
CUST7851,13,650.3076923076923,3.5384615384615383,30.53846153846154,0,0,JioMart,Fruits & Vegetables
CUST1044,13,747.9230769230769,3.6923076923076925,34.53846153846154,0,0,JioMart,Beverages
CUST4402,13,624.4615384615385,2.6153846153846154,26.76923076923077,0,1,Swiggy Instamart,Personal Care
CUST3036,13,566.9230769230769,3.076923076923077,30.846153846153847,0,1,JioMart,Grocery
CUST5104,13,482.0769230769231,3.1538461538461537,30.076923076923077,0,0,Swiggy Instamart,Beverages
CUST5598,13,499.0769230769231,3.3076923076923075,29.615384615384617,0,0,Swiggy Instamart,Fruits & Vegetables
CUST6825,13,635.3846153846154,3.3846153846153846,32.38461538461539,0,0,JioMart,Beverages
CUST9011,13,413.15384615384613,3.1538461538461537,25.307692307692307,0,1,Blinkit,Dairy
CUST5876,13,687.8461538461538,2.8461538461538463,29.53846153846154,0,1,JioMart,Fruits & Vegetables
CUST4684,13,515.7692307692307,3.3846153846153846,29.076923076923077,0,0,Blinkit,Fruits & Vegetables
CUST6486,13,661.2307692307693,3.4615384615384617,36.23076923076923,0,0,Swiggy Instamart,Dairy
CUST8696,13,637.2307692307693,3.3076923076923075,31.153846153846153,0,0,Blinkit,Dairy
CUST6421,13,576.3846153846154,3.076923076923077,27.692307692307693,0,0,Swiggy Instamart,Beverages
CUST5890,13,552.1538461538462,3.3846153846153846,29.692307692307693,0,0,JioMart,Grocery
CUST9700,13,626.9230769230769,3.3846153846153846,32.46153846153846,0,0,JioMart,Beverages
CUST6140,13,415.61538461538464,3.230769230769231,31.615384615384617,0,0,Blinkit,Snacks
CUST2741,13,774.3076923076923,3.3076923076923075,30.846153846153847,0,0,Blinkit,Fruits & Vegetables
CUST5499,13,632.0769230769231,3.3846153846153846,29.307692307692307,0,0,JioMart,Snacks
CUST4919,13,637.8461538461538,3.230769230769231,25.923076923076923,0,1,Blinkit,Grocery
CUST9702,13,483.0,3.769230769230769,26.692307692307693,0,0,Blinkit,Snacks
CUST6255,13,608.6923076923077,3.8461538461538463,26.76923076923077,0,0,Swiggy Instamart,Beverages
CUST9267,13,491.61538461538464,3.0,29.53846153846154,0,1,Blinkit,Dairy
CUST4087,13,688.0769230769231,3.769230769230769,23.692307692307693,0,0,JioMart,Fruits & Vegetables
CUST1667,13,558.7692307692307,3.6153846153846154,28.692307692307693,0,0,Blinkit,Dairy
CUST5031,13,567.6923076923077,3.0,28.846153846153847,0,1,Swiggy Instamart,Fruits & Vegetables
CUST6615,13,456.3076923076923,3.3076923076923075,27.692307692307693,0,0,Blinkit,Beverages
CUST5201,13,751.4615384615385,3.230769230769231,31.0,0,0,JioMart,Grocery
CUST2676,13,553.4615384615385,3.6923076923076925,28.307692307692307,0,0,JioMart,Beverages
CUST7857,13,557.3076923076923,3.1538461538461537,35.38461538461539,0,0,Swiggy Instamart,Fruits & Vegetables
CUST4586,13,551.0,3.230769230769231,31.76923076923077,0,0,JioMart,Fruits & Vegetables
CUST3192,13,509.9230769230769,3.923076923076923,25.846153846153847,0,0,Swiggy Instamart,Snacks
CUST9524,13,465.46153846153845,3.1538461538461537,30.846153846153847,0,0,JioMart,Snacks
CUST9761,13,636.6153846153846,3.0,30.76923076923077,0,1,Blinkit,Grocery
CUST7280,13,579.2307692307693,3.5384615384615383,37.0,0,0,JioMart,Beverages
CUST3231,13,609.6153846153846,3.0,28.0,0,1,JioMart,Fruits & Vegetables
CUST4187,13,585.0769230769231,3.230769230769231,25.615384615384617,0,0,Blinkit,Beverages
CUST1293,13,685.4615384615385,3.6923076923076925,29.46153846153846,0,0,Swiggy Instamart,Beverages
CUST8713,13,549.3846153846154,2.769230769230769,28.846153846153847,0,1,Blinkit,Grocery
CUST8794,13,631.0769230769231,3.6923076923076925,30.923076923076923,0,0,Blinkit,Dairy
CUST3441,13,549.3846153846154,2.6153846153846154,34.53846153846154,0,1,JioMart,Fruits & Vegetables
CUST7846,13,279.2307692307692,3.6923076923076925,30.53846153846154,0,0,Swiggy Instamart,Beverages
CUST7039,13,773.8461538461538,3.5384615384615383,29.923076923076923,0,0,Swiggy Instamart,Beverages
CUST3456,13,654.6923076923077,2.6923076923076925,31.53846153846154,0,0,Blinkit,Grocery
CUST1475,13,542.9230769230769,3.230769230769231,31.46153846153846,0,0,Blinkit,Dairy
CUST5471,13,680.8461538461538,3.923076923076923,26.384615384615383,0,0,Swiggy Instamart,Personal Care
CUST2269,13,805.0,3.5384615384615383,25.923076923076923,0,0,Swiggy Instamart,Personal Care
CUST1493,13,648.9230769230769,3.1538461538461537,23.923076923076923,0,1,Blinkit,Beverages
CUST7504,13,515.2307692307693,3.230769230769231,29.846153846153847,0,0,Blinkit,Snacks
CUST5987,13,522.0,3.4615384615384617,35.46153846153846,0,0,JioMart,Fruits & Vegetables
CUST6887,13,749.3076923076923,3.6923076923076925,30.692307692307693,0,0,JioMart,Personal Care
CUST3898,13,644.3076923076923,3.3846153846153846,25.615384615384617,0,0,Blinkit,Snacks
CUST7879,13,644.3076923076923,3.076923076923077,29.23076923076923,0,1,Blinkit,Grocery
CUST3959,13,479.7692307692308,3.230769230769231,26.0,0,1,JioMart,Beverages
CUST1455,13,501.3076923076923,3.230769230769231,27.615384615384617,0,0,Swiggy Instamart,Fruits & Vegetables
CUST9045,13,643.4615384615385,3.5384615384615383,24.0,0,0,JioMart,Grocery
CUST5263,12,503.75,2.4166666666666665,32.5,0,1,JioMart,Fruits & Vegetables
CUST7428,12,696.9166666666666,3.8333333333333335,25.666666666666668,0,0,Blinkit,Grocery
CUST5412,12,365.8333333333333,2.8333333333333335,29.416666666666668,0,0,JioMart,Fruits & Vegetables
CUST1488,12,596.6666666666666,2.75,28.333333333333332,0,1,Blinkit,Snacks
CUST7685,12,711.4166666666666,3.9166666666666665,34.75,0,0,Blinkit,Beverages
CUST8653,12,634.0833333333334,3.1666666666666665,27.583333333333332,0,0,Blinkit,Dairy
CUST7076,12,452.4166666666667,2.9166666666666665,29.833333333333332,0,1,Swiggy Instamart,Beverages
CUST2921,12,524.6666666666666,2.8333333333333335,34.833333333333336,0,1,Blinkit,Fruits & Vegetables
CUST3355,12,610.3333333333334,3.4166666666666665,31.333333333333332,0,0,JioMart,Beverages
CUST3615,12,566.3333333333334,3.25,30.25,0,0,Blinkit,Fruits & Vegetables
CUST6574,12,550.1666666666666,3.0833333333333335,31.166666666666668,0,0,Blinkit,Fruits & Vegetables
CUST1871,12,620.5833333333334,3.0833333333333335,35.666666666666664,0,0,JioMart,Dairy
CUST2169,12,861.3333333333334,2.8333333333333335,31.0,0,1,Swiggy Instamart,Grocery
CUST6881,12,502.25,3.9166666666666665,27.5,0,0,Swiggy Instamart,Dairy
CUST6635,12,403.75,3.75,29.583333333333332,0,0,Blinkit,Fruits & Vegetables
CUST1595,12,447.25,2.9166666666666665,26.333333333333332,0,0,JioMart,Fruits & Vegetables
CUST9188,12,567.25,3.5,29.333333333333332,0,0,JioMart,Beverages
CUST6342,12,417.9166666666667,4.0,27.0,0,0,JioMart,Fruits & Vegetables
CUST5681,12,489.1666666666667,3.3333333333333335,32.666666666666664,0,0,Swiggy Instamart,Beverages
CUST2320,12,700.25,3.0833333333333335,28.833333333333332,0,1,JioMart,Dairy
CUST5839,12,434.1666666666667,2.9166666666666665,31.166666666666668,0,1,Blinkit,Fruits & Vegetables
CUST8428,12,478.3333333333333,3.1666666666666665,31.916666666666668,0,0,JioMart,Beverages
CUST7065,12,503.1666666666667,3.3333333333333335,27.25,0,0,JioMart,Dairy
CUST2591,12,639.4166666666666,3.6666666666666665,22.833333333333332,0,0,Blinkit,Dairy
CUST1469,12,400.4166666666667,2.9166666666666665,26.416666666666668,0,0,Blinkit,Snacks
CUST3413,12,646.75,3.1666666666666665,32.0,0,1,Swiggy Instamart,Grocery
CUST7923,12,464.5833333333333,3.75,30.0,0,0,JioMart,Beverages
CUST8576,12,490.6666666666667,3.8333333333333335,31.916666666666668,0,0,Blinkit,Dairy
CUST2941,12,692.5833333333334,3.1666666666666665,35.083333333333336,0,0,JioMart,Dairy
CUST8598,12,654.25,2.9166666666666665,29.0,0,0,Blinkit,Beverages
CUST5101,12,525.5,3.0833333333333335,30.75,0,0,JioMart,Fruits & Vegetables
CUST9789,12,551.4166666666666,3.0833333333333335,25.583333333333332,0,0,Swiggy Instamart,Beverages
CUST6581,12,663.1666666666666,3.5833333333333335,29.25,0,0,Swiggy Instamart,Beverages
CUST8822,12,680.0,3.0833333333333335,29.166666666666668,0,0,JioMart,Grocery
CUST9767,12,548.8333333333334,3.3333333333333335,25.083333333333332,0,0,Blinkit,Snacks
CUST7989,12,568.5,2.5,28.166666666666668,0,1,JioMart,Beverages
CUST3156,12,643.4166666666666,2.9166666666666665,32.416666666666664,0,1,Blinkit,Fruits & Vegetables
CUST6006,12,433.5833333333333,3.25,24.666666666666668,0,0,Swiggy Instamart,Beverages
CUST7015,12,751.75,3.3333333333333335,30.25,0,0,Blinkit,Personal Care
CUST3232,12,721.25,3.1666666666666665,31.25,0,0,JioMart,Grocery
CUST8798,12,527.0,3.3333333333333335,26.666666666666668,0,0,Blinkit,Fruits & Vegetables
CUST1697,12,478.6666666666667,3.0,27.75,0,1,Blinkit,Beverages
CUST3718,12,637.9166666666666,3.25,33.333333333333336,0,0,Swiggy Instamart,Beverages
CUST5515,12,332.6666666666667,4.0,24.583333333333332,0,0,Swiggy Instamart,Snacks
CUST3997,12,758.9166666666666,2.9166666666666665,29.5,0,1,Blinkit,Personal Care
CUST8881,12,491.75,2.8333333333333335,30.0,0,1,Blinkit,Beverages
CUST3967,12,642.5,2.3333333333333335,32.833333333333336,0,1,Swiggy Instamart,Grocery
CUST6614,12,659.9166666666666,3.9166666666666665,29.583333333333332,0,0,Blinkit,Beverages
CUST2324,12,591.1666666666666,2.1666666666666665,35.583333333333336,0,1,Blinkit,Grocery
CUST4132,12,412.0833333333333,2.6666666666666665,29.083333333333332,0,0,Blinkit,Personal Care
CUST3362,12,422.0,2.9166666666666665,27.0,0,1,Swiggy Instamart,Snacks
CUST2745,12,470.5833333333333,3.1666666666666665,30.333333333333332,0,1,Swiggy Instamart,Dairy
CUST5419,12,574.9166666666666,3.5833333333333335,33.333333333333336,0,0,Blinkit,Beverages
CUST6443,12,409.25,3.5833333333333335,29.666666666666668,0,0,Blinkit,Beverages
CUST2036,12,946.75,3.4166666666666665,33.5,0,0,JioMart,Personal Care
CUST4208,12,574.5,3.6666666666666665,32.25,0,0,Swiggy Instamart,Beverages
CUST7205,12,608.5833333333334,2.9166666666666665,31.833333333333332,0,0,Swiggy Instamart,Grocery
CUST8105,12,328.75,3.25,29.916666666666668,0,0,Blinkit,Fruits & Vegetables
CUST8029,12,460.5,2.25,25.916666666666668,0,1,Blinkit,Fruits & Vegetables
CUST1076,12,546.5,3.6666666666666665,27.333333333333332,0,0,Swiggy Instamart,Grocery
CUST5190,12,579.1666666666666,3.0,28.666666666666668,0,1,Blinkit,Beverages
CUST9819,12,536.9166666666666,2.6666666666666665,24.75,0,1,Blinkit,Fruits & Vegetables
CUST8495,12,671.5,3.1666666666666665,30.583333333333332,0,0,JioMart,Beverages
CUST5468,12,628.5,3.0833333333333335,33.166666666666664,0,0,JioMart,Beverages
CUST3990,12,460.0833333333333,2.75,29.916666666666668,0,1,Swiggy Instamart,Dairy
CUST7722,12,539.25,3.5,33.666666666666664,0,0,Blinkit,Beverages
CUST6233,12,621.0833333333334,3.25,28.583333333333332,0,0,Blinkit,Snacks
CUST5270,12,584.0,3.5833333333333335,28.416666666666668,0,0,Swiggy Instamart,Beverages
CUST6367,12,518.1666666666666,3.0,23.916666666666668,0,0,Blinkit,Grocery
CUST9763,12,501.0,3.5,34.833333333333336,0,0,Blinkit,Beverages
CUST5929,12,729.8333333333334,3.6666666666666665,32.25,0,0,JioMart,Grocery
CUST4446,12,540.0,3.25,28.333333333333332,0,0,JioMart,Fruits & Vegetables
CUST6026,12,428.0833333333333,3.25,22.333333333333332,0,0,Blinkit,Fruits & Vegetables
CUST7642,12,663.8333333333334,3.6666666666666665,31.333333333333332,0,0,JioMart,Snacks
CUST5470,12,711.8333333333334,3.4166666666666665,32.416666666666664,0,0,Swiggy Instamart,Dairy
CUST5833,12,721.0,3.0,26.083333333333332,0,1,Blinkit,Beverages
CUST3875,12,766.4166666666666,2.1666666666666665,32.166666666666664,0,1,Blinkit,Beverages
CUST1449,12,585.8333333333334,2.9166666666666665,32.25,0,1,Blinkit,Beverages
CUST5408,12,745.6666666666666,3.6666666666666665,27.916666666666668,0,0,JioMart,Fruits & Vegetables
CUST5250,12,581.5833333333334,3.75,26.833333333333332,0,0,Blinkit,Beverages
CUST1120,12,583.25,3.5833333333333335,30.75,0,0,Swiggy Instamart,Dairy
CUST5360,12,510.75,3.5833333333333335,29.333333333333332,0,0,Blinkit,Snacks
CUST1223,12,662.0,3.25,29.5,0,0,Blinkit,Fruits & Vegetables
CUST8116,12,799.6666666666666,3.1666666666666665,22.583333333333332,0,0,Blinkit,Grocery
CUST2902,12,537.8333333333334,2.3333333333333335,27.833333333333332,0,1,Swiggy Instamart,Grocery
CUST9807,12,503.0833333333333,3.6666666666666665,28.916666666666668,0,0,Blinkit,Snacks
CUST7464,12,741.75,3.5,25.916666666666668,0,0,Blinkit,Personal Care
CUST5295,12,740.5,3.0833333333333335,27.833333333333332,0,1,Blinkit,Personal Care
CUST7242,12,574.8333333333334,2.8333333333333335,33.5,0,1,Blinkit,Dairy
CUST7086,12,601.9166666666666,3.0833333333333335,33.666666666666664,0,1,Blinkit,Fruits & Vegetables
CUST2294,12,615.1666666666666,3.25,28.833333333333332,0,0,Swiggy Instamart,Fruits & Vegetables
CUST9699,12,457.0,2.9166666666666665,28.083333333333332,0,0,Blinkit,Fruits & Vegetables
CUST3768,12,559.5833333333334,2.8333333333333335,28.333333333333332,0,1,JioMart,Snacks
CUST9381,12,729.5833333333334,3.75,32.25,0,0,JioMart,Dairy
CUST6198,12,506.0833333333333,3.25,27.083333333333332,0,0,Blinkit,Dairy
CUST8251,12,428.5,2.9166666666666665,28.25,0,0,JioMart,Dairy
CUST8305,12,604.4166666666666,3.8333333333333335,27.916666666666668,0,0,Swiggy Instamart,Snacks
CUST8777,12,596.9166666666666,3.5833333333333335,26.416666666666668,0,0,JioMart,Personal Care
CUST7173,12,609.0833333333334,3.0833333333333335,23.25,0,1,JioMart,Beverages
CUST3837,12,445.5,3.75,31.083333333333332,0,0,Blinkit,Fruits & Vegetables
CUST8662,12,535.9166666666666,3.0833333333333335,26.666666666666668,0,1,Swiggy Instamart,Dairy
CUST8047,12,590.5,2.9166666666666665,25.333333333333332,0,0,Swiggy Instamart,Snacks
CUST9915,12,529.1666666666666,4.0,31.583333333333332,0,0,JioMart,Beverages
CUST8791,12,551.6666666666666,3.4166666666666665,27.666666666666668,0,0,JioMart,Beverages
CUST6155,12,706.5,3.0833333333333335,33.333333333333336,0,0,Swiggy Instamart,Fruits & Vegetables
CUST7482,12,466.6666666666667,3.0833333333333335,27.083333333333332,0,0,Swiggy Instamart,Grocery
CUST3340,12,514.1666666666666,3.4166666666666665,32.416666666666664,0,0,JioMart,Snacks
CUST6291,12,502.5,3.5833333333333335,29.833333333333332,0,0,Blinkit,Snacks
CUST1304,12,567.75,3.0833333333333335,30.583333333333332,0,0,Blinkit,Snacks
CUST9457,12,543.5,4.75,28.5,0,0,JioMart,Fruits & Vegetables
CUST5023,12,476.9166666666667,4.0,28.666666666666668,0,0,Swiggy Instamart,Snacks
CUST6087,12,604.0,2.9166666666666665,29.583333333333332,0,0,Blinkit,Beverages
CUST7812,12,660.25,3.3333333333333335,26.416666666666668,0,0,Blinkit,Beverages
CUST7967,12,493.25,2.8333333333333335,25.75,0,1,JioMart,Dairy
CUST6777,12,878.5833333333334,3.25,29.916666666666668,0,0,Blinkit,Personal Care
CUST9116,12,634.75,3.1666666666666665,31.083333333333332,0,0,Swiggy Instamart,Dairy
CUST6489,12,710.0,3.1666666666666665,30.416666666666668,0,1,JioMart,Grocery
CUST2936,12,506.6666666666667,2.5,26.916666666666668,0,1,JioMart,Fruits & Vegetables
CUST9893,12,706.5833333333334,2.9166666666666665,26.833333333333332,0,1,Swiggy Instamart,Dairy
CUST5493,12,938.1666666666666,3.5833333333333335,29.083333333333332,0,0,Blinkit,Personal Care
CUST4221,12,703.4166666666666,3.75,27.0,0,0,Blinkit,Grocery
CUST2898,12,388.25,3.8333333333333335,33.25,0,0,Swiggy Instamart,Fruits & Vegetables
CUST7713,12,503.6666666666667,3.3333333333333335,25.75,0,0,JioMart,Dairy
CUST3627,12,615.5833333333334,3.6666666666666665,32.583333333333336,0,0,JioMart,Fruits & Vegetables
CUST3000,12,429.4166666666667,2.6666666666666665,31.916666666666668,0,1,Swiggy Instamart,Fruits & Vegetables
CUST6836,12,462.0,3.0833333333333335,30.75,0,0,Swiggy Instamart,Dairy
CUST9934,12,396.5833333333333,3.6666666666666665,30.666666666666668,0,0,JioMart,Beverages
CUST6220,12,559.5833333333334,3.3333333333333335,28.916666666666668,0,0,Swiggy Instamart,Beverages
CUST4305,12,553.8333333333334,3.3333333333333335,28.583333333333332,0,0,Blinkit,Grocery
CUST4830,12,598.6666666666666,2.5833333333333335,29.416666666666668,0,1,Blinkit,Fruits & Vegetables
CUST8529,12,656.6666666666666,3.3333333333333335,25.916666666666668,0,0,Swiggy Instamart,Beverages
CUST4326,12,613.25,3.6666666666666665,26.916666666666668,0,0,Swiggy Instamart,Personal Care
CUST4270,12,588.0,2.6666666666666665,25.583333333333332,0,1,Swiggy Instamart,Fruits & Vegetables
CUST9383,12,511.75,3.5833333333333335,31.916666666666668,0,0,JioMart,Beverages
CUST9899,12,530.3333333333334,3.1666666666666665,32.666666666666664,0,0,Blinkit,Grocery
CUST2496,12,598.75,2.6666666666666665,29.833333333333332,0,1,Blinkit,Grocery
CUST3189,12,410.1666666666667,3.0,26.916666666666668,0,1,Blinkit,Snacks
CUST4160,12,645.5,3.0,32.75,0,1,Swiggy Instamart,Beverages
CUST8769,12,577.4166666666666,3.4166666666666665,33.0,0,0,Swiggy Instamart,Snacks
CUST1910,12,631.5,3.4166666666666665,25.416666666666668,0,0,Blinkit,Beverages
CUST2746,12,632.3333333333334,3.75,32.083333333333336,0,0,JioMart,Fruits & Vegetables
CUST7965,12,608.0,3.0833333333333335,29.5,0,0,Blinkit,Grocery
CUST7909,12,840.0,2.6666666666666665,32.75,0,1,Blinkit,Personal Care
CUST3732,12,320.8333333333333,2.8333333333333335,32.083333333333336,0,1,JioMart,Fruits & Vegetables
CUST4283,12,451.3333333333333,2.9166666666666665,26.333333333333332,0,0,JioMart,Dairy
CUST8805,12,593.1666666666666,3.1666666666666665,34.75,0,1,Blinkit,Personal Care
CUST8594,12,632.5833333333334,3.75,29.333333333333332,0,0,Blinkit,Beverages
CUST2647,12,443.4166666666667,3.5833333333333335,29.75,0,0,Swiggy Instamart,Fruits & Vegetables
CUST5521,12,651.0833333333334,2.9166666666666665,23.583333333333332,0,1,JioMart,Dairy
CUST9123,12,684.3333333333334,3.0,25.833333333333332,0,0,JioMart,Snacks
CUST2609,12,447.25,4.0,28.916666666666668,0,0,JioMart,Snacks
CUST2075,12,480.5,4.333333333333333,25.166666666666668,0,0,JioMart,Fruits & Vegetables
CUST1045,12,344.0,3.75,29.25,0,0,Blinkit,Beverages
CUST3140,12,663.0,3.8333333333333335,26.833333333333332,0,0,Swiggy Instamart,Dairy
CUST5960,12,555.3333333333334,3.5,29.166666666666668,0,0,Swiggy Instamart,Personal Care
CUST1081,12,549.0,3.0833333333333335,28.333333333333332,0,0,Swiggy Instamart,Dairy
CUST8820,12,729.9166666666666,3.1666666666666665,32.666666666666664,0,0,JioMart,Grocery
CUST6647,12,675.3333333333334,2.75,27.416666666666668,0,1,JioMart,Personal Care
CUST5639,12,481.1666666666667,2.75,28.5,0,1,Swiggy Instamart,Dairy
CUST7412,12,597.5833333333334,3.6666666666666665,33.583333333333336,0,0,Swiggy Instamart,Beverages
CUST1739,12,680.75,2.8333333333333335,30.333333333333332,0,1,JioMart,Fruits & Vegetables
CUST3708,12,565.0,3.9166666666666665,28.583333333333332,0,0,JioMart,Personal Care
CUST3290,12,452.8333333333333,3.5833333333333335,32.166666666666664,0,0,Blinkit,Snacks
CUST1742,12,475.6666666666667,4.166666666666667,29.583333333333332,0,0,Swiggy Instamart,Grocery
CUST4965,12,480.4166666666667,2.5833333333333335,31.5,0,1,Blinkit,Fruits & Vegetables
CUST5407,12,579.5833333333334,3.0833333333333335,32.5,0,0,Blinkit,Dairy
CUST1105,12,344.25,3.3333333333333335,31.25,0,0,Swiggy Instamart,Snacks
CUST7367,12,614.1666666666666,3.0833333333333335,26.166666666666668,0,0,Swiggy Instamart,Beverages
CUST3793,12,568.4166666666666,2.6666666666666665,34.916666666666664,0,1,JioMart,Beverages
CUST6714,12,603.25,3.25,25.916666666666668,0,0,Swiggy Instamart,Beverages
CUST6542,12,722.75,2.9166666666666665,28.833333333333332,0,1,JioMart,Personal Care
CUST9662,12,731.8333333333334,2.3333333333333335,32.75,0,1,JioMart,Snacks
CUST9695,12,954.0,3.4166666666666665,31.083333333333332,0,0,Blinkit,Personal Care
CUST8091,12,844.9166666666666,3.5,31.0,0,0,JioMart,Grocery
CUST3709,12,526.5,3.75,31.0,0,0,Blinkit,Fruits & Vegetables
CUST5834,12,491.0833333333333,3.6666666666666665,25.666666666666668,0,0,Swiggy Instamart,Fruits & Vegetables
CUST7792,12,513.0,4.166666666666667,29.833333333333332,0,0,Blinkit,Beverages
CUST3059,12,467.9166666666667,3.0833333333333335,34.833333333333336,0,0,Blinkit,Grocery
CUST4074,12,477.75,3.75,30.083333333333332,0,0,Blinkit,Fruits & Vegetables
CUST8364,12,879.1666666666666,3.8333333333333335,31.666666666666668,0,0,Blinkit,Personal Care
CUST4852,12,606.5,2.75,30.166666666666668,0,1,Blinkit,Beverages
CUST5680,12,877.5,3.75,27.5,0,0,Blinkit,Grocery
CUST8340,12,507.8333333333333,2.6666666666666665,31.25,0,0,Blinkit,Dairy
CUST9354,12,455.5833333333333,3.5,29.666666666666668,0,0,Swiggy Instamart,Fruits & Vegetables
CUST4406,12,589.9166666666666,3.5,31.25,0,0,Blinkit,Fruits & Vegetables
CUST6817,12,550.25,3.6666666666666665,28.0,0,0,Blinkit,Beverages
CUST1278,12,549.4166666666666,3.25,30.25,0,0,Blinkit,Fruits & Vegetables
CUST9925,12,528.1666666666666,3.1666666666666665,32.75,0,0,JioMart,Personal Care
CUST8337,12,550.8333333333334,3.25,24.5,0,0,Blinkit,Beverages
CUST8375,12,741.4166666666666,2.5833333333333335,32.0,0,1,Swiggy Instamart,Fruits & Vegetables
CUST5217,12,548.0,2.75,28.5,0,1,JioMart,Grocery
CUST2221,12,601.0,3.3333333333333335,34.666666666666664,0,0,JioMart,Beverages
CUST8052,12,399.4166666666667,3.4166666666666665,26.25,0,0,Blinkit,Dairy
CUST1172,12,643.1666666666666,3.3333333333333335,27.666666666666668,0,0,Swiggy Instamart,Grocery
CUST5290,12,517.0,2.8333333333333335,28.833333333333332,0,0,Blinkit,Dairy
CUST9659,12,728.9166666666666,3.3333333333333335,29.75,0,0,Blinkit,Beverages
CUST4109,12,349.8333333333333,3.5,31.083333333333332,0,0,JioMart,Dairy
CUST9830,12,485.5833333333333,3.5833333333333335,29.083333333333332,0,0,Blinkit,Snacks
CUST7891,12,576.6666666666666,3.5833333333333335,30.416666666666668,0,0,Blinkit,Fruits & Vegetables
CUST2944,12,698.9166666666666,3.6666666666666665,32.083333333333336,0,0,Blinkit,Grocery
CUST1587,12,744.0833333333334,2.1666666666666665,24.833333333333332,0,1,JioMart,Beverages
CUST1002,12,563.6666666666666,3.75,29.083333333333332,0,0,JioMart,Grocery
CUST6990,12,551.1666666666666,2.6666666666666665,29.083333333333332,0,1,Swiggy Instamart,Personal Care
CUST3363,12,562.25,3.75,31.416666666666668,0,0,Blinkit,Beverages
CUST1637,12,697.0,3.3333333333333335,32.166666666666664,0,0,Blinkit,Personal Care
CUST8343,12,487.5833333333333,3.1666666666666665,30.583333333333332,0,0,JioMart,Dairy
CUST9140,12,567.25,2.9166666666666665,24.916666666666668,0,0,Blinkit,Beverages
CUST7784,12,652.1666666666666,3.0833333333333335,27.5,0,0,JioMart,Grocery
CUST6492,12,664.6666666666666,2.25,30.0,0,1,Swiggy Instamart,Snacks
CUST7715,12,605.1666666666666,3.8333333333333335,29.916666666666668,0,0,Blinkit,Personal Care
CUST3814,12,523.3333333333334,2.75,26.916666666666668,0,0,Swiggy Instamart,Dairy
CUST3226,12,408.25,2.75,31.0,0,0,Swiggy Instamart,Fruits & Vegetables
CUST3348,12,689.0833333333334,3.0,29.166666666666668,0,1,JioMart,Beverages
CUST3011,12,461.6666666666667,3.0,26.416666666666668,0,1,JioMart,Beverages
CUST9623,12,658.5833333333334,3.25,28.083333333333332,0,0,Blinkit,Personal Care
CUST1581,12,345.6666666666667,2.8333333333333335,30.25,0,1,JioMart,Snacks
CUST4001,12,504.75,2.4166666666666665,31.083333333333332,0,1,Blinkit,Beverages
CUST3008,12,656.4166666666666,3.0833333333333335,33.0,0,0,JioMart,Beverages
CUST8445,12,1072.25,3.8333333333333335,25.0,0,0,Blinkit,Grocery
CUST8414,12,458.3333333333333,3.4166666666666665,28.583333333333332,0,0,Swiggy Instamart,Snacks
CUST8476,12,487.25,3.0833333333333335,35.083333333333336,0,0,JioMart,Beverages
CUST5795,12,557.25,3.3333333333333335,34.916666666666664,0,0,Swiggy Instamart,Beverages
CUST2709,12,525.6666666666666,3.0833333333333335,30.166666666666668,0,0,JioMart,Snacks
CUST4058,12,559.9166666666666,4.0,30.083333333333332,0,0,Swiggy Instamart,Grocery
CUST4260,12,508.8333333333333,2.8333333333333335,30.333333333333332,0,1,JioMart,Personal Care
CUST4079,12,502.1666666666667,3.9166666666666665,27.666666666666668,0,0,JioMart,Beverages
CUST2730,12,435.3333333333333,3.4166666666666665,29.0,0,0,Blinkit,Beverages
CUST3821,12,603.5,3.5,29.583333333333332,0,0,Swiggy Instamart,Grocery
CUST3963,12,548.4166666666666,3.6666666666666665,33.416666666666664,0,0,Blinkit,Fruits & Vegetables
CUST1479,12,551.5,3.1666666666666665,27.5,0,0,Blinkit,Personal Care
CUST7494,12,404.6666666666667,3.1666666666666665,27.166666666666668,0,0,JioMart,Snacks
CUST5208,12,657.5833333333334,3.75,25.083333333333332,0,0,JioMart,Grocery
CUST2907,12,594.1666666666666,3.25,35.083333333333336,0,0,Blinkit,Dairy
CUST1800,12,467.8333333333333,2.8333333333333335,27.083333333333332,0,1,Blinkit,Personal Care
CUST6698,12,603.8333333333334,2.5,31.833333333333332,0,1,Blinkit,Snacks
CUST9272,12,690.9166666666666,3.1666666666666665,27.333333333333332,0,1,JioMart,Beverages
CUST4291,12,465.0833333333333,3.0833333333333335,30.25,0,1,JioMart,Snacks
CUST6657,12,481.1666666666667,3.5,30.833333333333332,0,0,Blinkit,Beverages
CUST7185,12,718.5833333333334,3.25,27.916666666666668,0,0,Blinkit,Personal Care
CUST1459,12,655.4166666666666,3.25,27.833333333333332,0,0,Blinkit,Beverages
CUST3666,12,499.3333333333333,3.4166666666666665,33.666666666666664,0,0,Swiggy Instamart,Fruits & Vegetables
CUST8451,12,419.9166666666667,3.5,27.083333333333332,0,0,Swiggy Instamart,Dairy
CUST4573,12,696.0,3.0,29.583333333333332,0,0,Blinkit,Dairy
CUST2761,12,626.4166666666666,2.5,33.416666666666664,0,1,Swiggy Instamart,Snacks
CUST3283,12,703.0,3.6666666666666665,27.5,0,0,Swiggy Instamart,Grocery
CUST1761,12,762.6666666666666,2.25,34.083333333333336,0,1,Swiggy Instamart,Beverages
CUST3018,12,383.6666666666667,2.8333333333333335,32.083333333333336,0,1,JioMart,Fruits & Vegetables
CUST8413,12,492.0833333333333,2.9166666666666665,31.416666666666668,0,0,Swiggy Instamart,Grocery
CUST2203,12,420.5833333333333,2.3333333333333335,30.583333333333332,0,1,JioMart,Snacks
CUST5628,12,449.3333333333333,2.3333333333333335,28.916666666666668,0,1,Blinkit,Snacks
CUST8834,12,605.4166666666666,3.9166666666666665,31.083333333333332,0,0,Blinkit,Beverages
CUST6726,12,677.25,3.3333333333333335,26.083333333333332,0,0,Swiggy Instamart,Personal Care
CUST6232,12,434.4166666666667,3.5833333333333335,32.25,0,0,JioMart,Fruits & Vegetables
CUST6763,12,667.1666666666666,3.0,27.333333333333332,0,1,JioMart,Dairy
CUST5482,12,544.6666666666666,4.0,24.333333333333332,0,0,JioMart,Beverages
CUST5897,12,497.3333333333333,3.8333333333333335,28.75,0,0,JioMart,Dairy
CUST3049,12,473.9166666666667,3.75,24.75,0,0,Swiggy Instamart,Grocery
CUST8856,12,552.25,3.25,27.166666666666668,0,0,Blinkit,Snacks
CUST1422,12,701.75,3.5833333333333335,32.166666666666664,0,0,JioMart,Beverages
CUST6869,12,690.8333333333334,3.0,30.666666666666668,0,1,Blinkit,Dairy
CUST8031,12,816.0,3.75,31.833333333333332,0,0,JioMart,Personal Care
CUST4704,12,722.8333333333334,4.083333333333333,30.333333333333332,0,0,Blinkit,Dairy
CUST3984,12,618.5,3.5,28.916666666666668,0,0,Blinkit,Grocery
CUST8198,12,458.4166666666667,2.9166666666666665,34.916666666666664,0,1,JioMart,Dairy
CUST6604,12,682.0,3.0833333333333335,34.666666666666664,0,0,JioMart,Grocery
CUST4218,12,469.1666666666667,2.75,26.333333333333332,0,1,JioMart,Beverages
CUST8870,12,471.3333333333333,2.1666666666666665,34.833333333333336,0,1,JioMart,Snacks
CUST7034,12,594.0,3.8333333333333335,27.25,0,0,Swiggy Instamart,Beverages
CUST6209,12,656.75,3.6666666666666665,21.583333333333332,0,0,JioMart,Dairy
CUST9249,12,466.5,3.0833333333333335,29.583333333333332,0,0,Blinkit,Fruits & Vegetables
CUST9648,12,602.5833333333334,2.6666666666666665,29.0,0,1,JioMart,Grocery
CUST2179,12,346.4166666666667,2.5833333333333335,36.0,0,1,Blinkit,Snacks
CUST3660,12,473.25,3.6666666666666665,31.166666666666668,0,0,Swiggy Instamart,Beverages
CUST2247,12,584.8333333333334,3.25,24.083333333333332,0,0,JioMart,Grocery
CUST9777,12,667.9166666666666,4.0,28.833333333333332,0,0,Blinkit,Beverages
CUST5593,12,465.25,3.0,32.666666666666664,0,1,Blinkit,Dairy
CUST9625,12,905.4166666666666,3.75,30.333333333333332,0,0,Swiggy Instamart,Beverages
CUST9560,12,538.5833333333334,4.5,27.916666666666668,0,0,JioMart,Beverages
CUST8735,12,648.25,3.0833333333333335,30.25,0,0,Blinkit,Personal Care
CUST6927,12,312.0,3.5833333333333335,27.416666666666668,0,0,Swiggy Instamart,Snacks
CUST7736,12,523.75,3.0833333333333335,29.833333333333332,0,1,Blinkit,Beverages
CUST4423,12,598.5,3.3333333333333335,27.666666666666668,0,0,JioMart,Dairy
CUST6623,12,588.3333333333334,3.6666666666666665,25.25,0,0,JioMart,Snacks
CUST5244,12,444.9166666666667,3.5,32.75,0,0,Swiggy Instamart,Fruits & Vegetables
CUST8731,12,848.6666666666666,2.9166666666666665,30.75,0,0,Swiggy Instamart,Grocery
CUST6237,12,526.25,3.6666666666666665,29.25,0,0,Swiggy Instamart,Snacks
CUST8553,12,601.25,3.5833333333333335,27.583333333333332,0,0,Swiggy Instamart,Beverages
CUST1866,12,505.9166666666667,4.333333333333333,29.583333333333332,0,0,JioMart,Snacks
CUST6495,12,519.5833333333334,4.666666666666667,28.083333333333332,0,0,Swiggy Instamart,Personal Care
CUST9348,12,545.1666666666666,3.75,33.916666666666664,0,0,Blinkit,Beverages
CUST3504,12,412.5,3.0833333333333335,33.583333333333336,0,1,Blinkit,Beverages
CUST2832,12,579.1666666666666,2.6666666666666665,28.583333333333332,0,1,Blinkit,Snacks
CUST9557,12,554.1666666666666,3.5,35.083333333333336,0,0,Swiggy Instamart,Fruits & Vegetables
CUST1772,12,586.5,3.5,29.75,0,0,JioMart,Snacks
CUST8851,12,492.8333333333333,3.25,29.5,0,0,Swiggy Instamart,Personal Care
CUST9796,12,796.1666666666666,3.5,29.833333333333332,0,0,Swiggy Instamart,Fruits & Vegetables
CUST2791,12,535.8333333333334,3.25,36.583333333333336,0,0,JioMart,Beverages
CUST6230,12,516.5,2.4166666666666665,28.583333333333332,0,1,Swiggy Instamart,Beverages
CUST4235,12,574.25,3.6666666666666665,33.333333333333336,0,0,JioMart,Beverages
CUST6069,12,446.3333333333333,3.1666666666666665,27.333333333333332,0,0,JioMart,Snacks
CUST6095,12,483.75,3.4166666666666665,33.166666666666664,0,0,Blinkit,Beverages
CUST1501,12,571.5,3.4166666666666665,29.166666666666668,0,0,JioMart,Snacks
CUST5801,12,829.25,3.25,26.5,0,0,JioMart,Fruits & Vegetables
CUST7692,12,638.9166666666666,2.8333333333333335,27.25,0,1,Blinkit,Dairy
CUST8648,12,498.5833333333333,3.1666666666666665,30.166666666666668,0,1,JioMart,Grocery
CUST6055,12,759.1666666666666,3.25,26.833333333333332,0,0,Blinkit,Dairy
CUST7442,12,678.9166666666666,4.166666666666667,24.666666666666668,0,0,JioMart,Fruits & Vegetables
CUST6287,12,647.5833333333334,3.0833333333333335,28.5,0,1,Swiggy Instamart,Beverages
CUST5260,12,653.9166666666666,3.4166666666666665,35.5,0,0,JioMart,Dairy
CUST2431,12,715.5833333333334,2.9166666666666665,29.916666666666668,0,0,Swiggy Instamart,Grocery
CUST5303,12,477.25,3.4166666666666665,31.166666666666668,0,0,Swiggy Instamart,Fruits & Vegetables
CUST2813,12,559.5,3.25,29.583333333333332,0,0,JioMart,Fruits & Vegetables
CUST3950,12,617.5833333333334,3.9166666666666665,27.5,0,0,Blinkit,Beverages
CUST1966,12,737.4166666666666,3.3333333333333335,31.0,0,0,Swiggy Instamart,Fruits & Vegetables
CUST8710,12,502.75,3.0833333333333335,31.583333333333332,0,0,JioMart,Personal Care
CUST3455,12,631.5,2.9166666666666665,33.583333333333336,0,1,JioMart,Fruits & Vegetables
CUST3178,12,650.25,3.4166666666666665,32.0,0,0,Blinkit,Beverages
CUST1062,12,666.75,3.6666666666666665,31.5,0,0,JioMart,Dairy
CUST7151,12,618.5833333333334,3.5,34.666666666666664,0,0,Swiggy Instamart,Grocery
CUST4056,12,831.5,3.3333333333333335,28.666666666666668,0,0,Swiggy Instamart,Dairy
CUST5292,12,509.0833333333333,3.5833333333333335,26.333333333333332,0,0,Swiggy Instamart,Beverages
CUST8182,12,714.1666666666666,2.8333333333333335,24.083333333333332,0,1,Swiggy Instamart,Beverages
CUST3358,12,566.25,3.0,34.25,0,0,JioMart,Beverages
CUST8847,12,536.5,3.0833333333333335,33.0,0,0,JioMart,Beverages
CUST2786,12,714.25,3.3333333333333335,28.083333333333332,0,0,Swiggy Instamart,Dairy
CUST8866,12,359.0,3.3333333333333335,27.416666666666668,0,0,Blinkit,Beverages
CUST9798,12,770.5833333333334,3.25,28.75,0,0,Swiggy Instamart,Grocery
CUST3353,12,532.25,2.75,29.166666666666668,0,1,Blinkit,Grocery
CUST1481,12,810.0833333333334,3.25,27.0,0,0,Swiggy Instamart,Personal Care
CUST7342,12,458.8333333333333,3.3333333333333335,31.166666666666668,0,0,Swiggy Instamart,Snacks
CUST1049,12,467.0,3.4166666666666665,29.666666666666668,0,0,Swiggy Instamart,Dairy
CUST3722,12,583.1666666666666,3.0,31.75,0,0,Blinkit,Dairy
CUST4233,12,566.5,3.75,31.083333333333332,0,0,JioMart,Dairy
CUST5553,12,652.3333333333334,3.0833333333333335,29.166666666666668,0,0,Blinkit,Fruits & Vegetables
CUST1775,12,418.0833333333333,3.6666666666666665,30.666666666666668,0,0,Swiggy Instamart,Fruits & Vegetables
CUST3987,12,557.6666666666666,4.083333333333333,30.666666666666668,0,0,Blinkit,Beverages
CUST7127,12,491.6666666666667,3.25,25.583333333333332,0,0,Blinkit,Beverages
CUST9708,12,652.5833333333334,3.9166666666666665,30.333333333333332,0,0,JioMart,Dairy
CUST7240,12,753.1666666666666,2.5833333333333335,33.166666666666664,0,1,Blinkit,Grocery
CUST5831,12,457.1666666666667,3.1666666666666665,29.75,0,0,Blinkit,Beverages
CUST3514,12,758.0833333333334,3.5,30.25,0,0,Blinkit,Fruits & Vegetables
CUST6756,12,535.5833333333334,2.8333333333333335,24.5,0,1,JioMart,Beverages
CUST8278,12,505.3333333333333,3.6666666666666665,29.916666666666668,0,0,Swiggy Instamart,Fruits & Vegetables
CUST8776,12,575.75,2.5,27.75,0,1,Blinkit,Personal Care
CUST2716,12,777.8333333333334,3.8333333333333335,29.083333333333332,0,0,Swiggy Instamart,Personal Care
CUST5392,12,525.75,3.5,31.166666666666668,0,0,Swiggy Instamart,Personal Care
CUST2586,12,839.25,3.3333333333333335,33.416666666666664,0,0,JioMart,Grocery
CUST2857,12,636.5,3.5,30.583333333333332,0,0,JioMart,Personal Care
CUST9468,12,800.75,3.1666666666666665,24.583333333333332,0,0,Blinkit,Grocery
CUST9814,12,839.6666666666666,2.5833333333333335,30.666666666666668,0,1,JioMart,Beverages
CUST9736,12,668.5833333333334,2.9166666666666665,30.0,0,1,JioMart,Personal Care
CUST4799,12,517.75,3.5833333333333335,32.833333333333336,0,0,Blinkit,Snacks
CUST3469,12,665.25,2.6666666666666665,31.333333333333332,0,1,Blinkit,Personal Care
CUST4371,12,565.4166666666666,3.75,30.0,0,0,Blinkit,Grocery
CUST4180,12,504.9166666666667,3.1666666666666665,30.0,0,0,Blinkit,Personal Care
CUST9954,12,465.75,2.8333333333333335,29.75,0,1,Swiggy Instamart,Snacks
CUST1554,12,435.75,3.0,27.416666666666668,0,0,Blinkit,Beverages
CUST4374,12,548.8333333333334,3.8333333333333335,30.0,0,0,JioMart,Personal Care
CUST8094,12,604.9166666666666,3.1666666666666665,30.583333333333332,0,0,JioMart,Snacks
CUST6860,12,534.3333333333334,3.25,30.333333333333332,0,0,Swiggy Instamart,Fruits & Vegetables
CUST7638,12,712.25,2.6666666666666665,31.583333333333332,0,1,JioMart,Dairy
CUST5937,12,534.0833333333334,2.6666666666666665,29.416666666666668,0,1,Swiggy Instamart,Beverages
CUST7888,12,429.6666666666667,3.25,35.416666666666664,0,0,JioMart,Fruits & Vegetables
CUST1757,12,495.25,3.8333333333333335,27.333333333333332,0,0,Swiggy Instamart,Fruits & Vegetables
CUST1674,12,610.9166666666666,3.3333333333333335,31.5,0,0,JioMart,Beverages
CUST8966,12,522.6666666666666,3.25,27.583333333333332,0,0,JioMart,Fruits & Vegetables
CUST2831,12,611.8333333333334,3.5833333333333335,30.25,0,0,Swiggy Instamart,Beverages
CUST3106,12,495.3333333333333,2.6666666666666665,32.75,0,1,Swiggy Instamart,Fruits & Vegetables
CUST3163,12,602.5,3.5,27.416666666666668,0,0,Blinkit,Snacks
CUST4097,12,770.1666666666666,3.3333333333333335,34.833333333333336,0,0,Swiggy Instamart,Personal Care
CUST2031,12,529.5833333333334,3.8333333333333335,29.666666666666668,0,0,JioMart,Fruits & Vegetables
CUST2365,12,706.5833333333334,4.0,22.916666666666668,0,0,Blinkit,Snacks
CUST5545,12,488.75,2.8333333333333335,32.25,0,0,Blinkit,Fruits & Vegetables
CUST7739,12,500.4166666666667,3.25,33.5,0,0,Blinkit,Grocery
CUST1194,12,574.5,3.0,30.916666666666668,0,1,JioMart,Grocery
CUST8690,12,694.5,4.083333333333333,28.583333333333332,0,0,Swiggy Instamart,Fruits & Vegetables
CUST5294,12,694.5833333333334,2.5833333333333335,29.833333333333332,0,1,Blinkit,Fruits & Vegetables
CUST9028,12,526.5833333333334,3.5833333333333335,26.833333333333332,0,0,JioMart,Fruits & Vegetables
CUST8801,12,786.5,2.5833333333333335,29.75,0,0,Blinkit,Beverages
CUST2313,12,605.9166666666666,3.1666666666666665,28.333333333333332,0,0,JioMart,Beverages
CUST3699,12,439.4166666666667,2.8333333333333335,30.916666666666668,0,1,Blinkit,Fruits & Vegetables
CUST6487,12,536.5833333333334,4.166666666666667,37.666666666666664,0,0,Blinkit,Personal Care
CUST9250,12,482.1666666666667,2.5,29.583333333333332,0,1,Swiggy Instamart,Dairy
CUST5336,12,648.25,3.0,23.916666666666668,0,1,Swiggy Instamart,Fruits & Vegetables
CUST7855,12,508.3333333333333,3.0,29.416666666666668,0,0,Swiggy Instamart,Beverages
CUST6075,12,547.0,3.5,28.0,0,0,Swiggy Instamart,Dairy
CUST3601,12,481.4166666666667,3.3333333333333335,32.583333333333336,0,0,JioMart,Dairy
CUST6424,12,755.0833333333334,2.75,31.833333333333332,0,1,JioMart,Dairy
CUST4112,12,636.75,3.9166666666666665,25.666666666666668,0,0,JioMart,Grocery
CUST7705,12,600.1666666666666,3.5,24.0,0,0,Swiggy Instamart,Grocery
CUST1569,12,571.25,2.5,30.75,0,1,Swiggy Instamart,Beverages
CUST1435,12,565.0,3.1666666666666665,24.166666666666668,0,0,Blinkit,Fruits & Vegetables
CUST9941,12,591.6666666666666,2.8333333333333335,29.083333333333332,0,0,Blinkit,Grocery
CUST3333,12,656.3333333333334,3.0833333333333335,29.0,0,0,Swiggy Instamart,Grocery
CUST3366,12,593.75,3.0,25.5,0,0,Swiggy Instamart,Snacks
CUST6595,12,371.25,3.75,30.333333333333332,0,0,Swiggy Instamart,Snacks
CUST2513,12,636.5,3.0,27.666666666666668,0,0,Blinkit,Personal Care
CUST5559,12,606.4166666666666,3.0,30.916666666666668,0,0,Blinkit,Dairy
CUST4741,12,508.0,3.5,34.0,0,0,Blinkit,Dairy
CUST6553,12,874.9166666666666,3.5,31.25,0,0,JioMart,Grocery
CUST8075,12,462.75,3.0,25.333333333333332,0,1,JioMart,Beverages
CUST2954,12,466.4166666666667,2.6666666666666665,28.25,0,1,Blinkit,Fruits & Vegetables
CUST5120,12,451.6666666666667,3.0833333333333335,26.916666666666668,0,0,Blinkit,Fruits & Vegetables
CUST2518,12,533.8333333333334,3.0833333333333335,26.0,0,0,Blinkit,Snacks
CUST9689,12,566.9166666666666,2.75,28.333333333333332,0,1,Blinkit,Dairy
CUST1484,12,492.5,3.5,26.333333333333332,0,0,Blinkit,Beverages
CUST6710,12,468.4166666666667,3.6666666666666665,30.0,0,0,JioMart,Beverages
CUST6091,12,648.4166666666666,3.0833333333333335,22.666666666666668,0,0,JioMart,Fruits & Vegetables
CUST1143,12,550.0,3.1666666666666665,28.416666666666668,0,0,JioMart,Fruits & Vegetables
CUST6951,12,728.5,4.0,34.5,0,0,Blinkit,Grocery
CUST8440,12,666.25,2.8333333333333335,26.083333333333332,0,1,Blinkit,Fruits & Vegetables
CUST9386,12,661.3333333333334,3.0833333333333335,26.75,0,0,Blinkit,Dairy
CUST4065,12,382.0833333333333,3.25,28.083333333333332,0,0,Blinkit,Dairy
CUST9637,12,730.5,3.3333333333333335,28.333333333333332,0,0,Blinkit,Beverages
CUST2867,12,482.8333333333333,3.0,31.916666666666668,0,1,Blinkit,Snacks
CUST3755,12,880.8333333333334,3.3333333333333335,25.166666666666668,0,0,Blinkit,Dairy
CUST3258,12,903.5,3.0833333333333335,22.083333333333332,0,0,Swiggy Instamart,Personal Care
CUST1166,12,594.25,2.8333333333333335,36.25,0,1,Swiggy Instamart,Beverages
CUST2402,12,534.4166666666666,3.5,27.333333333333332,0,0,Blinkit,Dairy
CUST5194,12,720.4166666666666,3.5,25.583333333333332,0,0,Swiggy Instamart,Personal Care
CUST5627,12,528.25,2.75,29.166666666666668,0,1,Blinkit,Snacks
CUST3115,12,544.25,2.9166666666666665,27.416666666666668,0,1,JioMart,Grocery
CUST5790,12,650.25,3.1666666666666665,31.083333333333332,0,0,Swiggy Instamart,Beverages
CUST7047,12,811.25,4.083333333333333,21.833333333333332,0,0,Blinkit,Dairy
CUST3870,12,605.0833333333334,2.3333333333333335,27.5,0,1,Swiggy Instamart,Fruits & Vegetables
CUST6194,12,700.25,3.4166666666666665,33.666666666666664,0,0,Swiggy Instamart,Beverages
CUST5105,12,529.5833333333334,3.8333333333333335,27.916666666666668,0,0,JioMart,Dairy
CUST9864,12,404.25,3.4166666666666665,26.5,0,0,Blinkit,Fruits & Vegetables
CUST4846,12,488.75,3.5833333333333335,28.25,0,0,Blinkit,Dairy
CUST5712,12,467.5833333333333,2.0,25.333333333333332,0,1,Swiggy Instamart,Snacks
CUST2210,12,785.9166666666666,3.1666666666666665,31.5,0,0,Swiggy Instamart,Fruits & Vegetables
CUST5195,12,574.8333333333334,2.6666666666666665,30.0,0,1,Swiggy Instamart,Beverages
CUST8365,12,540.6666666666666,4.416666666666667,28.833333333333332,0,0,JioMart,Fruits & Vegetables
CUST8962,12,557.25,3.1666666666666665,31.25,0,1,Blinkit,Fruits & Vegetables
CUST6017,12,525.3333333333334,2.6666666666666665,31.916666666666668,0,1,Blinkit,Beverages
CUST8716,12,492.75,4.25,29.333333333333332,0,0,Blinkit,Snacks
CUST3374,12,631.5,3.4166666666666665,28.0,0,0,Blinkit,Grocery
CUST1511,12,566.0,3.25,28.083333333333332,0,0,JioMart,Personal Care
CUST9362,12,845.25,3.25,31.333333333333332,0,0,JioMart,Dairy
CUST2483,12,609.9166666666666,2.75,27.666666666666668,0,1,Blinkit,Snacks
CUST9227,12,548.8333333333334,3.0,29.166666666666668,0,1,Blinkit,Fruits & Vegetables
CUST3299,12,422.25,3.0,26.666666666666668,0,0,Blinkit,Beverages
CUST6944,12,610.5833333333334,3.75,28.666666666666668,0,0,Blinkit,Dairy
CUST5768,12,708.8333333333334,3.75,20.416666666666668,0,0,Swiggy Instamart,Beverages
CUST2894,12,745.4166666666666,2.8333333333333335,30.666666666666668,0,1,JioMart,Beverages
CUST1727,12,459.6666666666667,2.6666666666666665,29.75,0,1,Swiggy Instamart,Dairy
CUST9821,12,514.75,3.0,32.416666666666664,0,1,JioMart,Personal Care
CUST9012,12,671.75,3.5,30.416666666666668,0,0,Blinkit,Beverages
CUST1036,12,564.1666666666666,3.3333333333333335,33.666666666666664,0,0,JioMart,Dairy
CUST7962,12,555.4166666666666,3.8333333333333335,27.666666666666668,0,0,Swiggy Instamart,Personal Care
CUST1964,12,808.5833333333334,3.9166666666666665,30.083333333333332,0,0,Blinkit,Grocery
CUST4750,12,572.5833333333334,4.166666666666667,27.583333333333332,0,0,JioMart,Snacks
CUST1709,12,578.25,3.5,31.666666666666668,0,0,Blinkit,Fruits & Vegetables
CUST6336,12,500.5,2.5,30.0,0,1,JioMart,Fruits & Vegetables
CUST9036,12,755.8333333333334,2.9166666666666665,32.583333333333336,0,0,JioMart,Grocery
CUST5385,12,645.3333333333334,2.5833333333333335,21.666666666666668,0,1,JioMart,Dairy
CUST8002,12,494.6666666666667,3.1666666666666665,32.583333333333336,0,0,Blinkit,Dairy
CUST8431,12,361.75,3.6666666666666665,28.166666666666668,0,0,Blinkit,Snacks
CUST2178,12,535.8333333333334,2.5,30.5,0,1,JioMart,Dairy
CUST9304,12,523.5,2.9166666666666665,28.083333333333332,0,0,Blinkit,Fruits & Vegetables
CUST6967,12,730.1666666666666,2.75,29.5,0,1,Swiggy Instamart,Fruits & Vegetables
CUST4966,12,533.75,3.0833333333333335,24.5,0,1,Swiggy Instamart,Beverages
CUST6742,12,544.0833333333334,2.1666666666666665,27.916666666666668,0,1,Swiggy Instamart,Dairy
CUST7027,12,496.75,3.75,31.083333333333332,0,0,Blinkit,Grocery
CUST1294,12,571.0833333333334,3.6666666666666665,25.083333333333332,0,0,Swiggy Instamart,Dairy
CUST1446,12,646.3333333333334,3.6666666666666665,28.916666666666668,0,0,Swiggy Instamart,Beverages
CUST3275,12,616.25,3.3333333333333335,30.75,0,0,Swiggy Instamart,Grocery
CUST2322,12,712.75,4.0,27.833333333333332,0,0,JioMart,Fruits & Vegetables
CUST5648,12,581.8333333333334,3.5833333333333335,30.333333333333332,0,0,Blinkit,Snacks
CUST5235,12,437.8333333333333,4.166666666666667,26.833333333333332,0,0,JioMart,Personal Care
CUST3573,12,579.8333333333334,2.3333333333333335,26.166666666666668,0,1,Blinkit,Dairy
CUST6582,12,591.3333333333334,3.3333333333333335,30.5,0,0,JioMart,Snacks
CUST1878,12,517.6666666666666,3.4166666666666665,27.583333333333332,0,0,Swiggy Instamart,Beverages
CUST1837,12,527.5,3.9166666666666665,30.833333333333332,0,0,Swiggy Instamart,Grocery
CUST4592,12,912.3333333333334,2.8333333333333335,28.5,0,1,Blinkit,Personal Care
CUST8436,12,676.0833333333334,4.333333333333333,32.166666666666664,0,0,JioMart,Grocery
CUST7619,12,689.5,3.3333333333333335,29.25,0,0,JioMart,Beverages
CUST2629,12,711.25,3.5833333333333335,29.916666666666668,0,0,JioMart,Grocery
CUST9684,12,749.5833333333334,3.8333333333333335,30.5,0,0,JioMart,Dairy
CUST6677,12,447.0,2.4166666666666665,28.5,0,1,Swiggy Instamart,Beverages
CUST4796,12,784.9166666666666,3.0833333333333335,24.833333333333332,0,0,Swiggy Instamart,Dairy
CUST5394,12,651.25,3.0,29.083333333333332,0,0,Blinkit,Dairy
CUST4493,12,653.9166666666666,2.9166666666666665,26.666666666666668,0,0,Swiggy Instamart,Dairy
CUST6089,12,491.8333333333333,3.0,31.083333333333332,0,1,Blinkit,Fruits & Vegetables
CUST2370,12,550.1666666666666,2.8333333333333335,29.833333333333332,0,0,Blinkit,Personal Care
CUST9575,12,602.0833333333334,3.5,28.0,0,0,Blinkit,Dairy
CUST7747,12,690.75,3.5,28.583333333333332,0,0,Blinkit,Dairy
CUST8194,12,549.25,3.0833333333333335,30.583333333333332,0,0,Swiggy Instamart,Dairy
CUST7811,12,648.5,2.5833333333333335,31.416666666666668,0,0,JioMart,Grocery
CUST6496,12,519.8333333333334,3.0833333333333335,28.666666666666668,0,1,Blinkit,Beverages
CUST3314,12,651.4166666666666,3.75,36.333333333333336,0,0,Blinkit,Grocery
CUST4991,12,476.75,3.75,30.5,0,0,Swiggy Instamart,Fruits & Vegetables
CUST6019,12,649.5,3.4166666666666665,31.416666666666668,0,0,Swiggy Instamart,Fruits & Vegetables
CUST4651,12,453.0,3.8333333333333335,27.916666666666668,0,0,JioMart,Snacks
CUST6692,12,700.5,3.8333333333333335,31.916666666666668,0,0,Blinkit,Grocery
CUST2063,12,420.0833333333333,3.1666666666666665,26.583333333333332,0,0,Blinkit,Dairy
CUST8178,12,627.5833333333334,3.4166666666666665,35.5,0,0,Blinkit,Beverages
CUST8184,12,393.9166666666667,2.9166666666666665,27.0,0,1,Blinkit,Fruits & Vegetables
CUST5939,12,606.5833333333334,2.9166666666666665,32.416666666666664,0,0,JioMart,Beverages
CUST4153,12,678.9166666666666,3.5,28.333333333333332,0,0,Blinkit,Dairy
CUST4723,12,543.5833333333334,3.8333333333333335,29.666666666666668,0,0,Blinkit,Dairy
CUST8389,12,495.6666666666667,3.5833333333333335,31.5,0,0,Blinkit,Fruits & Vegetables
CUST1505,12,515.0833333333334,3.0833333333333335,29.416666666666668,0,1,Blinkit,Fruits & Vegetables
CUST2677,12,557.3333333333334,3.5833333333333335,31.916666666666668,0,0,Blinkit,Fruits & Vegetables
CUST1528,12,561.1666666666666,2.75,27.083333333333332,0,1,Blinkit,Fruits & Vegetables
CUST2615,12,573.3333333333334,4.25,30.5,0,0,JioMart,Snacks
CUST4768,12,697.0833333333334,3.25,36.0,0,0,Blinkit,Grocery
CUST1744,12,732.0833333333334,3.6666666666666665,26.25,0,0,Blinkit,Personal Care
CUST9691,12,626.3333333333334,3.4166666666666665,34.5,0,0,Blinkit,Dairy
CUST4976,12,530.75,2.25,35.25,0,1,JioMart,Dairy
CUST4062,12,464.5833333333333,3.5833333333333335,24.333333333333332,0,0,Blinkit,Snacks
CUST7793,12,452.5,3.4166666666666665,30.5,0,0,Swiggy Instamart,Dairy
CUST6410,12,514.3333333333334,3.75,31.083333333333332,0,0,Blinkit,Fruits & Vegetables
CUST1296,12,534.0,3.0,28.0,0,0,Swiggy Instamart,Beverages
CUST1853,12,725.0,3.9166666666666665,24.333333333333332,0,0,Blinkit,Grocery
CUST7071,12,424.5,3.6666666666666665,29.166666666666668,0,0,JioMart,Beverages
CUST1416,12,749.6666666666666,3.3333333333333335,32.333333333333336,0,0,Swiggy Instamart,Dairy
CUST1743,12,514.25,3.3333333333333335,29.25,0,0,Blinkit,Dairy
CUST2318,12,641.6666666666666,3.75,34.833333333333336,0,0,Swiggy Instamart,Personal Care
CUST9739,12,578.4166666666666,3.6666666666666665,27.166666666666668,0,0,JioMart,Beverages
CUST7970,12,510.75,3.75,29.666666666666668,0,0,Swiggy Instamart,Beverages
CUST5969,12,540.1666666666666,4.0,27.5,0,0,JioMart,Personal Care
CUST3949,12,506.8333333333333,3.25,28.25,0,0,Swiggy Instamart,Fruits & Vegetables
CUST3794,12,703.1666666666666,2.4166666666666665,32.666666666666664,0,1,JioMart,Fruits & Vegetables
CUST3747,12,420.3333333333333,3.0,25.416666666666668,0,1,Blinkit,Fruits & Vegetables
CUST1116,12,553.6666666666666,3.25,32.416666666666664,0,0,Blinkit,Grocery
CUST9822,12,633.75,3.25,29.166666666666668,0,0,JioMart,Fruits & Vegetables
CUST6236,12,311.3333333333333,3.4166666666666665,29.916666666666668,0,0,Swiggy Instamart,Snacks
CUST2930,12,749.9166666666666,2.6666666666666665,27.833333333333332,0,1,Blinkit,Personal Care
CUST9263,12,495.0833333333333,2.9166666666666665,29.916666666666668,0,1,JioMart,Snacks
CUST3450,12,511.25,3.6666666666666665,25.333333333333332,0,0,Swiggy Instamart,Beverages
CUST3864,12,739.5,3.0833333333333335,27.833333333333332,0,1,JioMart,Dairy
CUST2230,12,564.5833333333334,2.3333333333333335,31.666666666666668,0,1,Blinkit,Beverages
CUST7013,12,653.0,3.3333333333333335,28.833333333333332,0,0,Blinkit,Fruits & Vegetables
CUST2855,12,633.4166666666666,3.3333333333333335,30.416666666666668,0,0,Blinkit,Grocery
CUST5752,12,487.1666666666667,3.0,32.416666666666664,0,1,Swiggy Instamart,Fruits & Vegetables
CUST3152,12,531.25,4.166666666666667,32.083333333333336,0,0,JioMart,Fruits & Vegetables
CUST1545,12,696.0833333333334,4.083333333333333,27.916666666666668,0,0,Swiggy Instamart,Personal Care
CUST4572,12,358.25,2.6666666666666665,32.25,0,1,Swiggy Instamart,Dairy
CUST9790,12,580.0,3.4166666666666665,28.333333333333332,0,0,Blinkit,Grocery
CUST5955,12,567.25,3.6666666666666665,31.083333333333332,0,0,JioMart,Grocery
CUST3483,12,416.6666666666667,2.0833333333333335,30.916666666666668,0,1,JioMart,Fruits & Vegetables
CUST1060,12,635.6666666666666,3.6666666666666665,29.166666666666668,0,0,Swiggy Instamart,Beverages
CUST9039,12,369.4166666666667,3.5833333333333335,27.75,0,0,JioMart,Fruits & Vegetables
CUST7548,12,416.0833333333333,3.3333333333333335,33.666666666666664,0,0,Blinkit,Snacks
CUST4229,12,827.25,3.5,33.416666666666664,0,0,Blinkit,Personal Care
CUST7559,12,450.9166666666667,3.0833333333333335,36.583333333333336,0,1,JioMart,Dairy
CUST2577,12,781.4166666666666,3.9166666666666665,33.666666666666664,0,0,Blinkit,Personal Care
CUST9553,12,564.4166666666666,3.0833333333333335,34.666666666666664,0,0,Swiggy Instamart,Beverages
CUST7345,12,456.6666666666667,3.25,34.75,0,0,Swiggy Instamart,Fruits & Vegetables
CUST1089,12,392.0,3.5833333333333335,32.166666666666664,0,0,Blinkit,Snacks
CUST7144,12,631.5,3.5,28.416666666666668,0,0,JioMart,Beverages
CUST4337,12,524.5833333333334,2.75,38.75,0,0,Swiggy Instamart,Fruits & Vegetables
CUST3009,12,553.4166666666666,3.1666666666666665,30.25,0,0,Blinkit,Fruits & Vegetables
CUST3828,12,737.75,2.9166666666666665,27.083333333333332,0,1,Swiggy Instamart,Fruits & Vegetables
CUST7272,12,686.1666666666666,2.4166666666666665,31.916666666666668,0,1,Swiggy Instamart,Fruits & Vegetables
CUST2259,12,458.75,3.3333333333333335,29.333333333333332,0,0,Blinkit,Snacks
CUST7074,12,582.0833333333334,2.75,27.416666666666668,0,1,Swiggy Instamart,Grocery
CUST6801,12,470.6666666666667,2.25,31.083333333333332,0,1,Swiggy Instamart,Personal Care
CUST6530,12,563.0,3.5,25.666666666666668,0,0,Swiggy Instamart,Fruits & Vegetables
CUST1280,12,635.0833333333334,3.5,33.25,0,0,Blinkit,Fruits & Vegetables
CUST5416,12,618.4166666666666,3.0833333333333335,30.25,0,0,Blinkit,Snacks
CUST9141,12,678.3333333333334,3.0,29.25,0,1,JioMart,Dairy
CUST1972,12,620.1666666666666,2.8333333333333335,34.166666666666664,0,1,JioMart,Dairy
CUST1514,12,550.0,2.8333333333333335,30.5,0,0,JioMart,Dairy
CUST1724,12,512.6666666666666,3.75,32.916666666666664,0,0,JioMart,Fruits & Vegetables
CUST3911,12,494.75,3.25,25.75,0,0,Blinkit,Beverages
CUST2705,12,652.75,3.25,29.833333333333332,0,0,JioMart,Fruits & Vegetables
CUST4167,12,642.75,2.3333333333333335,32.333333333333336,0,1,JioMart,Dairy
CUST1975,12,492.3333333333333,3.3333333333333335,28.75,0,0,Blinkit,Snacks
CUST7399,12,370.75,2.6666666666666665,33.0,0,1,JioMart,Snacks
CUST7044,12,589.9166666666666,2.75,31.5,0,0,JioMart,Beverages
CUST9852,12,551.5833333333334,3.4166666666666665,35.5,0,0,JioMart,Snacks
CUST7544,12,446.6666666666667,3.6666666666666665,30.416666666666668,0,0,Blinkit,Snacks
CUST2477,12,619.5833333333334,3.25,30.0,0,0,JioMart,Fruits & Vegetables
CUST4513,12,836.75,3.5833333333333335,31.916666666666668,0,0,Swiggy Instamart,Fruits & Vegetables
CUST4163,12,779.9166666666666,3.9166666666666665,28.916666666666668,0,0,Blinkit,Grocery
CUST2212,12,667.4166666666666,2.9166666666666665,31.25,0,0,JioMart,Grocery
CUST8234,12,669.25,3.0833333333333335,33.083333333333336,0,0,JioMart,Grocery
CUST5243,12,520.25,3.1666666666666665,24.333333333333332,0,0,Blinkit,Grocery
CUST4129,12,673.9166666666666,2.75,28.916666666666668,0,1,Swiggy Instamart,Dairy
CUST4119,12,665.5,2.3333333333333335,28.583333333333332,0,1,JioMart,Fruits & Vegetables
CUST1342,12,433.9166666666667,3.0833333333333335,26.333333333333332,0,0,Blinkit,Dairy
CUST3710,12,808.75,3.0833333333333335,32.333333333333336,0,0,JioMart,Beverages
CUST5733,12,597.75,3.1666666666666665,32.833333333333336,0,0,JioMart,Grocery
CUST1064,12,694.0833333333334,1.8333333333333333,27.666666666666668,0,1,Blinkit,Dairy
CUST8335,12,560.5833333333334,3.25,30.416666666666668,0,0,Swiggy Instamart,Snacks
CUST5573,12,554.8333333333334,2.9166666666666665,29.166666666666668,0,1,Blinkit,Fruits & Vegetables
CUST7296,12,528.9166666666666,3.5,35.25,0,0,JioMart,Fruits & Vegetables
CUST4392,12,507.25,2.75,33.75,0,1,Swiggy Instamart,Dairy
CUST9050,12,410.5833333333333,3.0833333333333335,26.75,0,0,Swiggy Instamart,Dairy
CUST1175,12,1041.1666666666667,3.4166666666666665,30.583333333333332,0,0,JioMart,Personal Care
CUST8385,12,498.9166666666667,3.5,29.583333333333332,0,0,Swiggy Instamart,Dairy
CUST4995,12,752.5,3.1666666666666665,30.083333333333332,0,0,Swiggy Instamart,Fruits & Vegetables
CUST1470,12,495.3333333333333,2.75,26.583333333333332,0,1,Blinkit,Dairy
CUST9098,12,685.8333333333334,3.3333333333333335,33.916666666666664,0,0,JioMart,Dairy
CUST8988,12,809.6666666666666,3.5833333333333335,30.333333333333332,0,0,JioMart,Grocery
CUST8434,12,491.6666666666667,3.4166666666666665,26.833333333333332,0,0,Blinkit,Beverages
CUST5438,12,688.5833333333334,3.25,23.833333333333332,0,0,Blinkit,Beverages
CUST6576,12,714.4166666666666,2.8333333333333335,31.5,0,1,Swiggy Instamart,Dairy
CUST2774,12,360.9166666666667,3.4166666666666665,29.416666666666668,0,0,JioMart,Dairy
CUST8650,12,432.1666666666667,3.3333333333333335,34.5,0,0,Blinkit,Snacks
CUST9724,12,548.0,3.8333333333333335,35.833333333333336,0,0,Blinkit,Beverages
CUST7390,12,551.4166666666666,3.0,33.583333333333336,0,0,JioMart,Personal Care
CUST4795,12,521.0,3.3333333333333335,29.666666666666668,0,0,Blinkit,Beverages
CUST2474,12,440.5833333333333,2.5,32.5,0,1,Blinkit,Snacks
CUST8437,12,518.8333333333334,2.8333333333333335,30.25,0,1,Blinkit,Beverages
CUST3867,12,649.5,3.5833333333333335,27.333333333333332,0,0,Blinkit,Beverages
CUST2185,12,747.0,3.25,27.916666666666668,0,0,Blinkit,Beverages
CUST3183,12,710.3333333333334,3.5,23.5,0,0,Swiggy Instamart,Snacks
CUST7955,12,608.6666666666666,2.8333333333333335,28.416666666666668,0,0,JioMart,Beverages
CUST6262,12,631.5833333333334,3.25,35.083333333333336,0,0,JioMart,Fruits & Vegetables
CUST8126,12,423.1666666666667,3.0833333333333335,28.833333333333332,0,1,JioMart,Dairy
CUST5498,12,405.9166666666667,3.5833333333333335,27.75,0,0,JioMart,Snacks
CUST7655,12,586.4166666666666,4.0,30.5,0,0,Swiggy Instamart,Grocery
CUST9622,12,520.5833333333334,3.0,26.333333333333332,0,0,Blinkit,Beverages
CUST5366,12,489.9166666666667,3.0,32.916666666666664,0,0,JioMart,Beverages
CUST7135,12,733.75,2.75,28.083333333333332,0,1,Swiggy Instamart,Personal Care
CUST7184,12,590.9166666666666,2.8333333333333335,31.0,0,1,Blinkit,Fruits & Vegetables
CUST6093,12,461.25,3.5833333333333335,32.0,0,0,Swiggy Instamart,Snacks
CUST4849,12,587.3333333333334,3.5,32.916666666666664,0,0,Swiggy Instamart,Snacks
CUST3339,12,608.0,2.5833333333333335,28.0,0,1,Swiggy Instamart,Personal Care
CUST4322,12,443.3333333333333,3.1666666666666665,28.583333333333332,0,1,JioMart,Fruits & Vegetables
CUST5091,12,611.4166666666666,3.0,31.0,0,1,Blinkit,Beverages
CUST5743,12,704.5833333333334,2.4166666666666665,31.916666666666668,0,1,JioMart,Personal Care
CUST7475,12,563.3333333333334,3.25,29.583333333333332,0,0,Swiggy Instamart,Dairy
CUST3248,12,811.25,2.8333333333333335,28.5,0,1,Swiggy Instamart,Personal Care
CUST5186,12,502.75,3.5,29.25,0,0,Blinkit,Personal Care
CUST4360,12,699.1666666666666,3.25,28.166666666666668,0,0,JioMart,Snacks
CUST8749,12,472.25,2.75,35.666666666666664,0,1,Blinkit,Fruits & Vegetables
CUST2604,12,373.6666666666667,3.25,27.083333333333332,0,0,Blinkit,Beverages
CUST1828,12,506.4166666666667,3.0833333333333335,30.833333333333332,0,0,JioMart,Dairy
CUST9720,12,635.0833333333334,2.8333333333333335,31.25,0,1,Swiggy Instamart,Dairy
CUST5380,12,635.75,2.75,33.166666666666664,0,1,JioMart,Dairy
CUST4985,12,689.1666666666666,3.0833333333333335,28.916666666666668,0,0,Blinkit,Personal Care
CUST8548,12,695.0833333333334,3.75,32.083333333333336,0,0,Blinkit,Personal Care
CUST9776,12,595.0833333333334,3.3333333333333335,31.166666666666668,0,0,Swiggy Instamart,Dairy
CUST8741,12,474.5,3.9166666666666665,31.25,0,0,JioMart,Snacks
CUST8659,12,515.25,3.8333333333333335,28.25,0,0,Blinkit,Beverages
CUST7681,12,652.9166666666666,3.5833333333333335,30.25,0,0,Swiggy Instamart,Grocery
CUST3691,12,567.5,3.0,29.916666666666668,0,0,JioMart,Grocery
CUST6603,12,686.6666666666666,3.0,27.666666666666668,0,0,Blinkit,Fruits & Vegetables
CUST6792,12,377.0833333333333,3.5,31.666666666666668,0,0,Blinkit,Beverages
CUST9125,12,537.5833333333334,3.6666666666666665,30.416666666666668,0,0,Blinkit,Beverages
CUST4454,12,594.1666666666666,3.25,29.583333333333332,0,0,Blinkit,Beverages
CUST2346,12,665.0833333333334,3.1666666666666665,29.916666666666668,0,0,Blinkit,Beverages
CUST8407,12,482.0,2.9166666666666665,33.0,0,1,JioMart,Dairy
CUST9314,12,536.75,3.25,32.75,0,0,Blinkit,Dairy
CUST6157,12,491.3333333333333,3.4166666666666665,29.166666666666668,0,0,JioMart,Dairy
CUST8111,12,374.1666666666667,3.3333333333333335,30.166666666666668,0,0,Swiggy Instamart,Beverages
CUST1607,12,679.6666666666666,3.1666666666666665,29.0,0,0,Blinkit,Beverages
CUST3766,12,860.6666666666666,2.4166666666666665,30.583333333333332,0,1,Swiggy Instamart,Personal Care
CUST7769,12,652.5833333333334,3.0833333333333335,30.333333333333332,0,0,Swiggy Instamart,Grocery
CUST2270,12,644.75,3.4166666666666665,26.583333333333332,0,0,JioMart,Fruits & Vegetables
CUST1653,12,529.25,3.3333333333333335,33.75,0,0,JioMart,Beverages
CUST3900,12,355.4166666666667,2.8333333333333335,30.833333333333332,0,1,JioMart,Snacks
CUST9229,12,687.75,3.9166666666666665,29.916666666666668,0,0,Blinkit,Dairy
CUST7743,12,734.5,3.1666666666666665,30.333333333333332,0,0,Blinkit,Fruits & Vegetables
CUST3078,12,637.5,2.9166666666666665,27.25,0,0,JioMart,Personal Care
CUST5090,12,734.1666666666666,3.4166666666666665,25.416666666666668,0,0,JioMart,Dairy
CUST3329,12,458.9166666666667,3.3333333333333335,32.166666666666664,0,0,Swiggy Instamart,Snacks
CUST7146,12,561.0,2.75,27.083333333333332,0,1,JioMart,Beverages
CUST3756,12,388.25,2.75,33.333333333333336,0,1,Swiggy Instamart,Dairy
CUST9009,12,518.6666666666666,3.1666666666666665,27.583333333333332,0,0,JioMart,Beverages
CUST3868,12,403.5833333333333,2.5,27.416666666666668,0,1,Blinkit,Snacks
CUST9752,12,540.8333333333334,3.5833333333333335,30.583333333333332,0,0,JioMart,Grocery
CUST3759,12,552.5833333333334,3.25,31.416666666666668,0,0,Swiggy Instamart,Dairy
CUST9566,12,378.4166666666667,4.0,35.583333333333336,0,0,Blinkit,Beverages
CUST9360,12,698.75,2.25,30.083333333333332,0,1,Blinkit,Fruits & Vegetables
CUST6848,12,609.8333333333334,3.1666666666666665,24.25,0,0,Swiggy Instamart,Beverages
CUST1783,12,647.5833333333334,2.8333333333333335,30.416666666666668,0,1,Swiggy Instamart,Dairy
CUST9959,12,600.1666666666666,3.3333333333333335,29.25,0,0,Swiggy Instamart,Beverages
CUST9786,12,498.5,2.9166666666666665,29.5,0,0,JioMart,Dairy
CUST8350,12,481.75,3.25,28.083333333333332,0,0,Blinkit,Beverages
CUST7988,12,493.5,3.6666666666666665,26.5,0,0,Blinkit,Fruits & Vegetables
CUST8055,12,461.5,3.8333333333333335,34.25,0,0,Blinkit,Grocery
CUST1900,12,604.9166666666666,3.25,26.083333333333332,0,0,Swiggy Instamart,Dairy
CUST7933,12,550.0,3.8333333333333335,33.25,0,0,JioMart,Beverages
CUST1489,12,531.9166666666666,3.25,30.0,0,0,JioMart,Beverages
CUST9490,12,692.4166666666666,1.9166666666666667,30.25,0,1,Blinkit,Personal Care
CUST7099,12,588.5833333333334,3.8333333333333335,29.75,0,0,Blinkit,Beverages
CUST3389,12,496.1666666666667,3.0833333333333335,26.333333333333332,0,0,JioMart,Fruits & Vegetables
CUST2272,12,791.75,3.8333333333333335,29.166666666666668,0,0,JioMart,Grocery
CUST6914,12,354.0,3.0833333333333335,32.166666666666664,0,1,Blinkit,Snacks
CUST7657,12,735.6666666666666,3.75,30.083333333333332,0,0,JioMart,Beverages
CUST5651,12,427.5833333333333,2.9166666666666665,32.5,0,1,JioMart,Dairy
CUST4477,12,585.25,3.4166666666666665,28.166666666666668,0,0,Blinkit,Grocery
CUST7636,12,864.1666666666666,3.3333333333333335,31.083333333333332,0,0,Swiggy Instamart,Personal Care
CUST3815,12,455.3333333333333,3.4166666666666665,36.833333333333336,0,0,JioMart,Snacks
CUST9584,12,829.75,3.5833333333333335,26.916666666666668,0,0,JioMart,Grocery
CUST1383,12,523.5,3.5833333333333335,28.5,0,0,JioMart,Beverages
CUST2612,12,779.3333333333334,3.3333333333333335,34.083333333333336,0,0,Blinkit,Personal Care
CUST1993,12,501.4166666666667,2.9166666666666665,34.5,0,1,Blinkit,Snacks
CUST2434,12,560.4166666666666,2.75,28.583333333333332,0,1,Blinkit,Beverages
CUST3110,12,667.0,3.0833333333333335,27.75,0,0,JioMart,Grocery
CUST2506,12,402.75,3.8333333333333335,29.916666666666668,0,0,JioMart,Beverages
CUST8728,12,463.3333333333333,3.5,28.75,0,0,JioMart,Beverages
CUST7526,12,460.8333333333333,3.5833333333333335,25.333333333333332,0,0,Swiggy Instamart,Fruits & Vegetables
CUST3752,12,577.1666666666666,3.1666666666666665,30.25,0,0,JioMart,Fruits & Vegetables
CUST4690,12,628.9166666666666,2.9166666666666665,31.583333333333332,0,1,Blinkit,Snacks
CUST7069,12,587.4166666666666,3.1666666666666665,30.583333333333332,0,0,Swiggy Instamart,Dairy
CUST9161,12,934.25,3.1666666666666665,24.833333333333332,0,0,Swiggy Instamart,Grocery
CUST2526,12,716.3333333333334,3.0833333333333335,25.75,0,0,Swiggy Instamart,Fruits & Vegetables
CUST1017,12,472.6666666666667,3.5833333333333335,29.583333333333332,0,0,JioMart,Beverages
CUST3139,12,765.5833333333334,3.4166666666666665,24.916666666666668,0,0,Blinkit,Grocery
CUST8951,12,718.8333333333334,3.0833333333333335,23.0,0,1,Blinkit,Grocery
CUST1752,12,558.25,3.3333333333333335,35.5,0,0,Swiggy Instamart,Beverages
CUST2631,12,586.5833333333334,3.0,28.833333333333332,0,0,Swiggy Instamart,Beverages
CUST8009,12,706.25,3.5833333333333335,29.083333333333332,0,0,Blinkit,Beverages
CUST7271,12,580.0833333333334,3.1666666666666665,29.5,0,0,JioMart,Grocery
CUST9931,12,742.75,2.9166666666666665,31.083333333333332,0,1,Swiggy Instamart,Beverages
CUST2094,12,648.3333333333334,3.0,31.25,0,0,Blinkit,Beverages
CUST8283,12,770.5,3.3333333333333335,29.666666666666668,0,0,Blinkit,Grocery
CUST5925,12,581.9166666666666,2.8333333333333335,29.333333333333332,0,0,Swiggy Instamart,Fruits & Vegetables
CUST3291,12,512.0,4.333333333333333,31.5,0,0,Blinkit,Dairy
CUST3369,12,649.0833333333334,3.5833333333333335,30.166666666666668,0,0,Blinkit,Personal Care
CUST4122,12,751.5833333333334,3.0833333333333335,27.333333333333332,0,0,Blinkit,Dairy
CUST3492,12,656.4166666666666,3.1666666666666665,28.666666666666668,0,0,Swiggy Instamart,Grocery
CUST6650,12,692.25,3.4166666666666665,28.666666666666668,0,0,JioMart,Fruits & Vegetables
CUST4284,12,709.4166666666666,3.9166666666666665,27.083333333333332,0,0,Blinkit,Beverages
CUST1920,12,597.0833333333334,3.4166666666666665,32.25,0,0,Swiggy Instamart,Beverages
CUST9312,12,592.0,3.4166666666666665,37.5,0,0,Blinkit,Personal Care
CUST9693,12,513.9166666666666,3.1666666666666665,30.916666666666668,0,0,Blinkit,Snacks
CUST8085,12,668.75,3.1666666666666665,30.333333333333332,0,1,JioMart,Beverages
CUST4627,12,579.5,3.4166666666666665,32.416666666666664,0,0,Swiggy Instamart,Dairy
CUST8584,12,548.9166666666666,3.1666666666666665,28.333333333333332,0,0,Blinkit,Personal Care
CUST2781,12,516.75,2.4166666666666665,31.416666666666668,0,1,Swiggy Instamart,Dairy
CUST9704,12,483.0833333333333,3.9166666666666665,30.083333333333332,0,0,Swiggy Instamart,Snacks
CUST5122,12,616.75,2.8333333333333335,31.416666666666668,0,1,Blinkit,Grocery
CUST8987,12,623.3333333333334,3.4166666666666665,32.833333333333336,0,0,Swiggy Instamart,Beverages
CUST7243,12,500.0,2.4166666666666665,27.5,0,1,Swiggy Instamart,Fruits & Vegetables
CUST1315,12,421.4166666666667,3.5833333333333335,31.166666666666668,0,0,Blinkit,Beverages
CUST4352,12,661.5833333333334,3.0,26.416666666666668,0,1,Blinkit,Dairy
CUST2748,12,653.8333333333334,3.9166666666666665,24.666666666666668,0,0,Blinkit,Personal Care
CUST6444,12,480.8333333333333,3.9166666666666665,23.166666666666668,0,0,JioMart,Dairy
CUST1610,12,698.25,3.25,30.083333333333332,0,0,JioMart,Personal Care
CUST7575,12,529.4166666666666,3.1666666666666665,28.333333333333332,0,1,JioMart,Dairy
CUST7480,12,733.5833333333334,2.9166666666666665,33.5,0,1,JioMart,Beverages
CUST5074,12,656.0,3.75,27.916666666666668,0,0,JioMart,Personal Care
CUST9322,12,568.4166666666666,2.4166666666666665,33.75,0,1,Swiggy Instamart,Beverages
CUST7362,12,727.75,2.75,29.166666666666668,0,1,Blinkit,Dairy
CUST5112,12,449.5833333333333,3.0,32.083333333333336,0,0,Blinkit,Beverages
CUST6950,12,601.1666666666666,3.25,28.75,0,0,JioMart,Grocery
CUST1586,12,638.0,2.9166666666666665,30.5,0,1,Blinkit,Fruits & Vegetables
CUST4059,12,596.4166666666666,2.8333333333333335,28.333333333333332,0,1,Blinkit,Dairy
CUST1372,12,600.1666666666666,3.8333333333333335,30.666666666666668,0,0,Blinkit,Dairy
CUST7214,12,615.1666666666666,3.8333333333333335,30.5,0,0,Blinkit,Dairy
CUST5055,12,539.75,4.0,24.75,0,0,Blinkit,Dairy
CUST8377,12,681.0,3.4166666666666665,28.583333333333332,0,0,Blinkit,Fruits & Vegetables
CUST6068,12,568.4166666666666,2.8333333333333335,32.333333333333336,0,1,Blinkit,Beverages
CUST4871,12,574.75,3.75,31.583333333333332,0,0,JioMart,Grocery
CUST4895,12,474.8333333333333,3.8333333333333335,34.75,0,0,Swiggy Instamart,Grocery
CUST1679,12,477.3333333333333,3.75,32.0,0,0,Blinkit,Beverages
CUST4147,12,474.5,3.6666666666666665,31.0,0,0,Blinkit,Grocery
CUST1443,12,640.0,3.75,27.25,0,0,Blinkit,Grocery
CUST4236,12,692.0833333333334,3.0,26.666666666666668,0,1,Blinkit,Beverages
CUST6840,12,612.6666666666666,3.75,24.166666666666668,0,0,Swiggy Instamart,Grocery
CUST9170,12,537.5,3.4166666666666665,34.083333333333336,0,0,JioMart,Grocery
CUST3437,12,679.1666666666666,2.8333333333333335,35.833333333333336,0,0,Swiggy Instamart,Personal Care
CUST6295,12,444.5,3.25,26.416666666666668,0,0,JioMart,Snacks
CUST5961,12,517.8333333333334,3.4166666666666665,29.083333333333332,0,0,Blinkit,Dairy
CUST6328,12,611.6666666666666,2.9166666666666665,34.75,0,1,Blinkit,Grocery
CUST7553,12,497.1666666666667,3.75,26.75,0,0,JioMart,Dairy
CUST8104,12,625.25,3.5833333333333335,31.166666666666668,0,0,Blinkit,Fruits & Vegetables
CUST4725,12,635.0,3.4166666666666665,30.416666666666668,0,0,JioMart,Grocery
CUST8480,12,819.25,3.3333333333333335,29.166666666666668,0,0,Blinkit,Beverages
CUST4721,12,528.0833333333334,3.25,27.0,0,0,JioMart,Dairy
CUST9060,12,547.0833333333334,3.0,29.0,0,1,JioMart,Grocery
CUST4076,12,838.3333333333334,3.6666666666666665,27.583333333333332,0,0,Blinkit,Personal Care
CUST1207,12,616.5,3.5833333333333335,29.0,0,0,Swiggy Instamart,Personal Care
CUST8135,12,449.4166666666667,2.9166666666666665,29.333333333333332,0,1,Blinkit,Beverages
CUST5319,12,609.5,3.5,28.25,0,0,Blinkit,Grocery
CUST2295,12,590.4166666666666,2.8333333333333335,26.583333333333332,0,1,Blinkit,Personal Care
CUST4328,12,842.0,2.25,35.75,0,1,JioMart,Personal Care
CUST1749,12,765.25,3.8333333333333335,35.916666666666664,0,0,Blinkit,Grocery
CUST8649,12,751.5,2.3333333333333335,29.666666666666668,0,1,Swiggy Instamart,Grocery
CUST8227,12,738.3333333333334,3.25,26.916666666666668,0,0,Blinkit,Beverages
CUST8556,12,414.9166666666667,3.4166666666666665,27.666666666666668,0,0,JioMart,Fruits & Vegetables
CUST2167,12,420.6666666666667,3.3333333333333335,27.333333333333332,0,0,Swiggy Instamart,Dairy
CUST1826,12,797.0,2.8333333333333335,28.0,0,1,Swiggy Instamart,Grocery
CUST6870,12,569.6666666666666,3.0,26.166666666666668,0,1,Blinkit,Dairy
CUST4571,12,570.0,3.75,29.416666666666668,0,0,JioMart,Beverages
CUST3132,12,552.8333333333334,3.0833333333333335,30.583333333333332,0,0,JioMart,Fruits & Vegetables
CUST6828,12,601.0833333333334,3.5833333333333335,28.916666666666668,0,0,Blinkit,Personal Care
CUST3848,12,444.0833333333333,3.5833333333333335,30.166666666666668,0,0,Blinkit,Dairy
CUST1832,12,548.1666666666666,4.083333333333333,24.083333333333332,0,0,JioMart,Fruits & Vegetables
CUST9771,12,508.75,3.3333333333333335,31.083333333333332,0,0,Blinkit,Snacks
CUST9597,12,809.4166666666666,3.4166666666666665,32.833333333333336,0,0,Blinkit,Grocery
CUST7701,12,612.0,2.9166666666666665,28.916666666666668,0,1,JioMart,Dairy
CUST7008,12,417.5833333333333,4.0,33.916666666666664,0,0,JioMart,Beverages
CUST2367,12,613.9166666666666,2.8333333333333335,33.75,0,1,Blinkit,Fruits & Vegetables
CUST1934,12,352.5,3.0,29.916666666666668,0,1,Swiggy Instamart,Dairy
CUST5318,12,598.75,2.75,32.583333333333336,0,1,Blinkit,Beverages
CUST1748,12,649.6666666666666,3.1666666666666665,24.583333333333332,0,0,Blinkit,Fruits & Vegetables
CUST5065,12,634.1666666666666,3.5833333333333335,33.083333333333336,0,0,JioMart,Grocery
CUST2053,12,501.5,3.75,34.833333333333336,0,0,Swiggy Instamart,Fruits & Vegetables
CUST7825,12,650.8333333333334,3.3333333333333335,35.083333333333336,0,0,Swiggy Instamart,Fruits & Vegetables
CUST2108,12,525.0,3.6666666666666665,33.083333333333336,0,0,Blinkit,Beverages
CUST1713,12,675.8333333333334,3.1666666666666665,27.916666666666668,0,0,Blinkit,Grocery
CUST2698,12,685.5833333333334,3.6666666666666665,28.666666666666668,0,0,Swiggy Instamart,Personal Care
CUST8840,12,459.9166666666667,2.6666666666666665,33.0,0,1,JioMart,Beverages
CUST8159,12,516.9166666666666,3.5833333333333335,30.416666666666668,0,0,JioMart,Dairy
CUST3057,12,482.5833333333333,4.0,24.666666666666668,0,0,JioMart,Fruits & Vegetables
CUST7664,12,552.1666666666666,3.9166666666666665,28.416666666666668,0,0,Blinkit,Fruits & Vegetables
CUST9854,12,615.6666666666666,3.6666666666666665,32.583333333333336,0,0,Blinkit,Beverages
CUST6757,12,488.25,3.4166666666666665,27.833333333333332,0,0,JioMart,Fruits & Vegetables
CUST8082,12,504.0,3.4166666666666665,31.166666666666668,0,0,Blinkit,Dairy
CUST3141,12,389.5,3.4166666666666665,28.166666666666668,0,0,Blinkit,Dairy
CUST6161,12,507.3333333333333,3.0,29.583333333333332,0,0,Swiggy Instamart,Dairy
CUST2785,12,424.6666666666667,2.9166666666666665,25.166666666666668,0,1,Blinkit,Beverages
CUST3693,12,699.1666666666666,3.4166666666666665,29.333333333333332,0,0,Blinkit,Grocery
CUST6165,12,465.4166666666667,3.0833333333333335,36.75,0,0,JioMart,Snacks
CUST4831,12,846.5,4.25,29.583333333333332,0,0,JioMart,Grocery
CUST8907,12,668.3333333333334,2.75,30.5,0,1,JioMart,Dairy
CUST2385,12,724.3333333333334,4.0,29.333333333333332,0,0,Swiggy Instamart,Dairy
CUST2215,12,518.9166666666666,3.0,26.5,0,0,JioMart,Snacks
CUST7041,12,479.6666666666667,3.75,31.5,0,0,Blinkit,Dairy
CUST4412,12,526.5,3.0,30.25,0,1,Swiggy Instamart,Fruits & Vegetables
CUST1647,12,430.75,2.25,26.333333333333332,0,1,Swiggy Instamart,Snacks
CUST4422,12,691.0833333333334,3.75,27.666666666666668,0,0,JioMart,Snacks
CUST8291,12,473.5833333333333,3.0833333333333335,30.333333333333332,0,0,Swiggy Instamart,Snacks
CUST8826,12,509.8333333333333,3.4166666666666665,28.083333333333332,0,0,Blinkit,Beverages
CUST6133,12,537.0,3.6666666666666665,28.916666666666668,0,0,JioMart,Dairy
CUST3119,12,700.3333333333334,3.4166666666666665,33.0,0,0,Blinkit,Dairy
CUST9068,12,826.9166666666666,3.8333333333333335,31.75,0,0,Blinkit,Dairy
CUST4924,12,404.25,3.75,31.833333333333332,0,0,Blinkit,Beverages
CUST5410,12,563.0,2.8333333333333335,28.083333333333332,0,0,Blinkit,Grocery
CUST3468,12,509.1666666666667,3.0,31.083333333333332,0,0,Swiggy Instamart,Dairy
CUST5078,12,690.9166666666666,3.75,28.25,0,0,Blinkit,Grocery
CUST6293,12,385.25,2.6666666666666665,28.916666666666668,0,1,Blinkit,Dairy
CUST4090,12,537.8333333333334,3.9166666666666665,27.25,0,0,Blinkit,Snacks
CUST2482,12,409.9166666666667,3.25,32.25,0,0,Blinkit,Beverages
CUST2013,12,681.5833333333334,3.0,29.083333333333332,0,1,Blinkit,Personal Care
CUST7347,12,526.6666666666666,3.6666666666666665,32.083333333333336,0,0,Blinkit,Dairy
CUST9162,12,484.75,3.3333333333333335,30.25,0,0,Swiggy Instamart,Grocery
CUST8956,12,532.5833333333334,2.8333333333333335,30.083333333333332,0,1,JioMart,Dairy
CUST9565,12,514.25,3.6666666666666665,28.416666666666668,0,0,Blinkit,Dairy
CUST5272,12,688.9166666666666,3.5833333333333335,35.5,0,0,Blinkit,Snacks
CUST9219,12,579.4166666666666,3.4166666666666665,28.916666666666668,0,0,Blinkit,Dairy
CUST3449,12,652.3333333333334,3.3333333333333335,31.083333333333332,0,0,Blinkit,Dairy
CUST3869,12,559.0833333333334,2.4166666666666665,33.5,0,1,Swiggy Instamart,Grocery
CUST5367,12,459.4166666666667,2.8333333333333335,30.083333333333332,0,0,JioMart,Dairy
CUST4120,12,741.4166666666666,3.4166666666666665,27.083333333333332,0,0,Swiggy Instamart,Beverages
CUST9680,12,512.3333333333334,2.8333333333333335,26.833333333333332,0,1,Blinkit,Beverages
CUST4631,12,937.9166666666666,3.75,34.75,0,0,Swiggy Instamart,Personal Care
CUST3332,12,588.5,3.3333333333333335,32.833333333333336,0,0,Swiggy Instamart,Grocery
CUST1719,12,651.4166666666666,2.1666666666666665,29.583333333333332,0,1,JioMart,Dairy
CUST4941,12,697.8333333333334,3.6666666666666665,29.0,0,0,Blinkit,Personal Care
CUST9187,12,794.3333333333334,3.3333333333333335,23.833333333333332,0,0,Blinkit,Grocery
CUST5956,12,538.4166666666666,3.1666666666666665,28.833333333333332,0,1,Swiggy Instamart,Beverages
CUST9666,12,463.9166666666667,2.8333333333333335,29.333333333333332,0,0,Blinkit,Dairy
CUST9301,12,415.0833333333333,3.4166666666666665,28.333333333333332,0,0,Swiggy Instamart,Beverages
CUST6307,12,811.75,3.0833333333333335,31.083333333333332,0,1,Blinkit,Grocery
CUST9635,12,588.0833333333334,3.75,29.416666666666668,0,0,Blinkit,Beverages
CUST5705,12,586.0833333333334,2.6666666666666665,25.25,0,0,Blinkit,Dairy
CUST6797,12,582.1666666666666,3.5,28.916666666666668,0,0,Blinkit,Fruits & Vegetables
CUST7611,12,579.4166666666666,3.0,31.333333333333332,0,1,Swiggy Instamart,Fruits & Vegetables
CUST8124,12,613.5833333333334,3.6666666666666665,33.833333333333336,0,0,Swiggy Instamart,Fruits & Vegetables
CUST1566,12,615.9166666666666,3.6666666666666665,25.25,0,0,JioMart,Grocery
CUST3570,12,913.4166666666666,3.5,32.833333333333336,0,0,Blinkit,Fruits & Vegetables
CUST9262,12,545.25,3.1666666666666665,25.5,0,0,Blinkit,Dairy
CUST4450,12,718.8333333333334,3.5,28.25,0,0,JioMart,Beverages
CUST5075,12,647.0,3.6666666666666665,26.416666666666668,0,0,Swiggy Instamart,Fruits & Vegetables
CUST3241,12,533.5833333333334,2.8333333333333335,25.416666666666668,0,1,Swiggy Instamart,Snacks
CUST2981,12,501.8333333333333,3.3333333333333335,28.75,0,0,Swiggy Instamart,Dairy
CUST4925,12,446.25,2.5833333333333335,31.416666666666668,0,0,Blinkit,Fruits & Vegetables
CUST4874,12,469.0,3.75,30.333333333333332,0,0,Swiggy Instamart,Beverages
CUST6189,12,529.1666666666666,3.6666666666666665,30.666666666666668,0,0,Blinkit,Beverages
CUST6690,12,443.9166666666667,4.083333333333333,37.666666666666664,0,0,Blinkit,Grocery
CUST8168,12,453.9166666666667,3.0,29.916666666666668,0,0,Swiggy Instamart,Snacks
CUST6216,12,466.5833333333333,3.0833333333333335,26.833333333333332,0,0,JioMart,Dairy
CUST8952,12,558.3333333333334,3.0833333333333335,24.5,0,1,JioMart,Beverages
CUST2617,12,575.5,4.833333333333333,30.416666666666668,0,0,Swiggy Instamart,Dairy
CUST7366,12,483.25,2.75,28.583333333333332,0,1,Blinkit,Personal Care
CUST9026,12,587.0,3.5833333333333335,29.333333333333332,0,0,JioMart,Beverages
CUST6696,12,708.1666666666666,2.6666666666666665,28.5,0,1,Blinkit,Personal Care
CUST8674,12,433.25,2.4166666666666665,31.0,0,1,JioMart,Dairy
CUST3521,12,429.6666666666667,3.0,33.166666666666664,0,1,JioMart,Fruits & Vegetables
CUST2863,12,764.3333333333334,3.3333333333333335,29.0,0,0,Blinkit,Snacks
CUST9824,12,769.9166666666666,3.1666666666666665,29.416666666666668,0,0,JioMart,Beverages
CUST8692,12,489.0833333333333,4.0,27.916666666666668,0,0,Blinkit,Fruits & Vegetables
CUST3004,12,540.5,2.5833333333333335,27.75,0,1,JioMart,Dairy
CUST8883,12,489.25,2.75,28.75,0,0,Blinkit,Fruits & Vegetables
CUST7181,12,759.75,3.75,28.833333333333332,0,0,Swiggy Instamart,Beverages
CUST3175,12,621.9166666666666,4.083333333333333,27.25,0,0,Blinkit,Grocery
CUST1682,12,790.5833333333334,3.8333333333333335,26.333333333333332,0,0,Blinkit,Personal Care
CUST3459,12,692.3333333333334,3.3333333333333335,34.916666666666664,0,0,Blinkit,Dairy
CUST1840,12,596.1666666666666,3.1666666666666665,29.166666666666668,0,0,JioMart,Beverages
CUST5731,12,762.25,3.5,24.25,0,0,Swiggy Instamart,Grocery
CUST5759,12,643.4166666666666,4.0,32.333333333333336,0,0,Swiggy Instamart,Grocery
CUST4897,12,581.0833333333334,3.4166666666666665,30.75,0,0,Swiggy Instamart,Fruits & Vegetables
CUST5556,12,400.0833333333333,3.6666666666666665,27.166666666666668,0,0,JioMart,Fruits & Vegetables
CUST4028,12,659.4166666666666,2.9166666666666665,27.583333333333332,0,1,Swiggy Instamart,Grocery
CUST2102,12,697.5833333333334,3.8333333333333335,26.75,0,0,JioMart,Fruits & Vegetables
CUST5923,12,577.3333333333334,2.5,29.75,0,1,Blinkit,Beverages
CUST6446,12,614.25,3.9166666666666665,30.416666666666668,0,0,JioMart,Dairy
CUST3317,12,715.8333333333334,3.25,33.166666666666664,0,0,Swiggy Instamart,Beverages
CUST4490,12,581.5,3.5833333333333335,30.0,0,0,Swiggy Instamart,Dairy
CUST8248,12,506.9166666666667,3.0,25.833333333333332,0,1,Swiggy Instamart,Snacks
CUST5942,12,727.4166666666666,3.75,33.416666666666664,0,0,Blinkit,Dairy
CUST1728,12,650.9166666666666,2.9166666666666665,30.166666666666668,0,1,JioMart,Grocery
CUST1876,12,520.25,3.8333333333333335,27.916666666666668,0,0,Swiggy Instamart,Fruits & Vegetables
CUST4948,12,413.8333333333333,2.3333333333333335,29.666666666666668,0,1,Blinkit,Snacks
CUST1698,12,582.75,2.75,27.333333333333332,0,1,Blinkit,Grocery
CUST7421,12,437.3333333333333,3.4166666666666665,25.25,0,0,JioMart,Dairy
CUST3797,12,462.25,2.6666666666666665,34.25,0,1,Blinkit,Snacks
CUST6276,12,735.6666666666666,3.1666666666666665,30.083333333333332,0,0,Blinkit,Dairy
CUST3926,12,538.25,3.4166666666666665,27.75,0,0,Blinkit,Beverages
CUST9940,12,638.0833333333334,3.6666666666666665,39.5,0,0,JioMart,Grocery
CUST5153,12,558.9166666666666,3.3333333333333335,27.666666666666668,0,0,Blinkit,Grocery
CUST7255,12,789.4166666666666,3.0833333333333335,25.166666666666668,0,0,Blinkit,Personal Care
CUST7554,12,473.5833333333333,3.0,29.5,0,0,Swiggy Instamart,Snacks
CUST5025,12,682.8333333333334,2.9166666666666665,30.0,0,1,Swiggy Instamart,Dairy
CUST8558,12,614.9166666666666,3.8333333333333335,33.083333333333336,0,0,Swiggy Instamart,Fruits & Vegetables
CUST7306,12,774.9166666666666,2.6666666666666665,31.0,0,0,Swiggy Instamart,Dairy
CUST4514,12,525.5,3.6666666666666665,24.416666666666668,0,0,JioMart,Snacks
CUST8595,12,690.5833333333334,3.4166666666666665,27.75,0,0,Swiggy Instamart,Dairy
CUST3945,12,566.1666666666666,3.75,28.666666666666668,0,0,Swiggy Instamart,Fruits & Vegetables
CUST1458,12,748.8333333333334,3.6666666666666665,32.833333333333336,0,0,JioMart,Beverages
CUST4338,12,704.8333333333334,3.0,32.333333333333336,0,1,Blinkit,Personal Care
CUST9189,12,537.3333333333334,2.6666666666666665,27.333333333333332,0,1,JioMart,Beverages
CUST9443,12,548.5833333333334,3.8333333333333335,30.916666666666668,0,0,JioMart,Dairy
CUST4678,12,696.4166666666666,2.9166666666666665,37.25,0,1,Swiggy Instamart,Beverages
CUST6493,12,767.5833333333334,3.75,27.833333333333332,0,0,Blinkit,Dairy
CUST9900,12,403.3333333333333,3.4166666666666665,33.916666666666664,0,0,Swiggy Instamart,Grocery
CUST3272,12,600.3333333333334,3.8333333333333335,34.75,0,0,Swiggy Instamart,Grocery
CUST1394,12,454.0,3.6666666666666665,28.75,0,0,Blinkit,Beverages
CUST3772,12,606.4166666666666,3.75,28.583333333333332,0,0,Blinkit,Fruits & Vegetables
CUST8614,12,659.25,2.6666666666666665,32.083333333333336,0,1,Blinkit,Dairy
CUST2388,12,655.1666666666666,3.8333333333333335,28.0,0,0,JioMart,Dairy
CUST3282,12,419.9166666666667,3.0,31.833333333333332,0,1,Swiggy Instamart,Snacks
CUST2028,12,750.75,3.0,29.333333333333332,0,0,Blinkit,Fruits & Vegetables
CUST1522,12,527.1666666666666,3.0833333333333335,35.666666666666664,0,0,JioMart,Snacks
CUST9474,12,698.0833333333334,2.8333333333333335,27.583333333333332,0,1,JioMart,Personal Care
CUST1652,12,448.0,3.3333333333333335,31.916666666666668,0,0,JioMart,Beverages
CUST9788,12,646.6666666666666,3.8333333333333335,31.666666666666668,0,0,Blinkit,Fruits & Vegetables
CUST7171,12,654.5833333333334,3.6666666666666665,29.0,0,0,Swiggy Instamart,Dairy
CUST7292,12,419.3333333333333,2.9166666666666665,32.5,0,1,Blinkit,Beverages
CUST3619,12,743.0833333333334,2.8333333333333335,31.833333333333332,0,1,Swiggy Instamart,Grocery
CUST6983,12,743.6666666666666,2.3333333333333335,28.5,0,1,JioMart,Personal Care
CUST6672,12,767.75,3.5,25.5,0,0,JioMart,Dairy
CUST1080,12,684.4166666666666,3.25,27.583333333333332,0,0,Swiggy Instamart,Dairy
CUST1786,12,641.9166666666666,2.75,31.0,0,1,Blinkit,Dairy
CUST9580,12,558.1666666666666,3.8333333333333335,25.916666666666668,0,0,Swiggy Instamart,Dairy
CUST8620,12,530.3333333333334,3.0833333333333335,27.666666666666668,0,0,Blinkit,Beverages
CUST7081,12,639.0833333333334,3.0833333333333335,32.75,0,0,JioMart,Personal Care
CUST9452,12,700.9166666666666,3.1666666666666665,28.0,0,0,Blinkit,Fruits & Vegetables
CUST6219,12,624.6666666666666,3.3333333333333335,29.75,0,0,Blinkit,Snacks
CUST3638,12,586.5833333333334,3.9166666666666665,30.666666666666668,0,0,JioMart,Beverages
CUST6203,12,665.4166666666666,2.8333333333333335,30.75,0,1,Blinkit,Dairy
CUST5970,12,504.4166666666667,3.1666666666666665,29.666666666666668,0,0,JioMart,Snacks
CUST5485,12,527.1666666666666,2.75,28.083333333333332,0,1,Blinkit,Fruits & Vegetables
CUST3489,12,557.8333333333334,3.4166666666666665,28.416666666666668,0,0,Blinkit,Grocery
CUST4026,12,592.6666666666666,4.0,29.166666666666668,0,0,Blinkit,Dairy
CUST5421,12,623.8333333333334,3.4166666666666665,22.5,0,0,Swiggy Instamart,Fruits & Vegetables
CUST9711,12,665.1666666666666,3.0833333333333335,28.833333333333332,0,0,Blinkit,Grocery
CUST8458,12,813.25,3.4166666666666665,32.416666666666664,0,0,Blinkit,Dairy
CUST7172,12,619.5,2.75,23.583333333333332,0,1,JioMart,Grocery
CUST1311,12,551.4166666666666,2.75,31.333333333333332,0,1,Blinkit,Snacks
CUST1450,12,532.5,3.25,28.333333333333332,0,0,Blinkit,Grocery
CUST4637,12,740.9166666666666,2.75,27.75,0,1,JioMart,Personal Care
CUST7550,12,659.25,3.9166666666666665,31.25,0,0,Blinkit,Personal Care
CUST6118,12,475.4166666666667,2.5833333333333335,27.0,0,1,Blinkit,Grocery
CUST8189,12,691.4166666666666,3.8333333333333335,25.916666666666668,0,0,Swiggy Instamart,Grocery
CUST3734,12,743.6666666666666,3.3333333333333335,26.833333333333332,0,0,JioMart,Beverages
CUST6338,12,740.0833333333334,3.4166666666666665,31.75,0,0,Swiggy Instamart,Personal Care
CUST2900,12,360.25,3.5,32.083333333333336,0,0,JioMart,Fruits & Vegetables
CUST1843,12,320.1666666666667,2.8333333333333335,28.833333333333332,0,1,Swiggy Instamart,Snacks
CUST5043,12,539.3333333333334,3.75,23.833333333333332,0,0,Swiggy Instamart,Snacks
CUST9378,12,801.6666666666666,3.9166666666666665,26.666666666666668,0,0,JioMart,Personal Care
CUST8115,12,677.5,4.5,27.75,0,0,Blinkit,Grocery
CUST2974,12,487.1666666666667,3.0833333333333335,30.416666666666668,0,0,Swiggy Instamart,Snacks
CUST1886,12,520.75,3.6666666666666665,32.333333333333336,0,0,Swiggy Instamart,Snacks
CUST3674,12,570.4166666666666,3.75,25.0,0,0,Swiggy Instamart,Dairy
CUST1827,12,611.25,2.5,29.75,0,1,Blinkit,Beverages
CUST3425,12,727.6666666666666,2.9166666666666665,28.083333333333332,0,0,Blinkit,Fruits & Vegetables
CUST3534,12,420.5833333333333,3.9166666666666665,27.833333333333332,0,0,JioMart,Fruits & Vegetables
CUST9869,12,675.3333333333334,3.0,31.833333333333332,0,0,Blinkit,Grocery
CUST1298,12,795.5833333333334,2.9166666666666665,30.75,0,1,JioMart,Fruits & Vegetables
CUST8684,12,495.5833333333333,3.9166666666666665,28.833333333333332,0,0,Blinkit,Beverages
CUST4178,12,654.8333333333334,3.5,29.833333333333332,0,0,Swiggy Instamart,Dairy
CUST2264,12,537.9166666666666,3.25,28.583333333333332,0,0,JioMart,Dairy
CUST6681,12,579.3333333333334,3.4166666666666665,27.833333333333332,0,0,JioMart,Dairy
CUST6822,12,538.0,2.4166666666666665,29.916666666666668,0,1,Blinkit,Grocery
CUST5519,12,475.9166666666667,3.3333333333333335,31.0,0,0,Swiggy Instamart,Beverages
CUST5221,12,473.25,3.0833333333333335,28.25,0,0,JioMart,Beverages
CUST4726,12,587.5,3.0833333333333335,28.583333333333332,0,1,JioMart,Grocery
CUST7987,12,481.5833333333333,3.75,33.25,0,0,Blinkit,Snacks
CUST2249,12,763.5833333333334,2.6666666666666665,28.0,0,1,Swiggy Instamart,Personal Care
CUST4475,12,665.75,3.0833333333333335,24.583333333333332,0,1,Blinkit,Grocery
CUST1721,12,524.8333333333334,3.6666666666666665,30.333333333333332,0,0,Blinkit,Fruits & Vegetables
CUST6222,12,713.5,2.8333333333333335,31.166666666666668,0,0,Blinkit,Dairy
CUST7821,12,532.4166666666666,3.5833333333333335,31.583333333333332,0,0,Swiggy Instamart,Dairy
CUST9561,12,518.5833333333334,3.25,32.5,0,0,Blinkit,Personal Care
CUST8253,12,732.0,2.6666666666666665,33.5,0,1,JioMart,Personal Care
CUST5871,12,666.4166666666666,2.8333333333333335,23.833333333333332,0,1,Blinkit,Beverages
CUST6729,12,625.9166666666666,2.5,33.166666666666664,0,1,Swiggy Instamart,Fruits & Vegetables
CUST4667,12,709.3333333333334,4.083333333333333,34.75,0,0,Blinkit,Dairy
CUST2613,12,602.9166666666666,3.5,29.5,0,0,Blinkit,Grocery
CUST8246,12,563.9166666666666,2.8333333333333335,35.166666666666664,0,0,Blinkit,Dairy
CUST8355,12,406.4166666666667,3.8333333333333335,26.25,0,0,Blinkit,Fruits & Vegetables
CUST9749,12,506.4166666666667,3.3333333333333335,26.333333333333332,0,0,JioMart,Dairy
CUST9224,12,705.1666666666666,2.6666666666666665,27.5,0,1,JioMart,Dairy
CUST2337,12,581.1666666666666,3.5833333333333335,25.25,0,0,JioMart,Beverages
CUST7859,12,560.3333333333334,2.75,34.416666666666664,0,1,Swiggy Instamart,Personal Care
CUST5214,12,686.3333333333334,2.8333333333333335,31.0,0,1,Swiggy Instamart,Grocery
CUST4424,12,576.3333333333334,2.9166666666666665,28.333333333333332,0,0,Swiggy Instamart,Fruits & Vegetables
CUST5792,12,597.0833333333334,3.1666666666666665,31.583333333333332,0,0,Blinkit,Beverages
CUST9202,12,424.4166666666667,3.3333333333333335,30.416666666666668,0,0,Blinkit,Snacks
CUST5995,12,616.3333333333334,3.6666666666666665,30.833333333333332,0,0,Blinkit,Personal Care
CUST6240,12,703.8333333333334,3.25,30.666666666666668,0,0,Blinkit,Beverages
CUST3134,12,622.25,3.0833333333333335,27.0,0,0,Blinkit,Personal Care
CUST4034,12,677.9166666666666,3.5,28.666666666666668,0,0,Blinkit,Grocery
CUST6725,12,778.75,3.0,30.416666666666668,0,1,Blinkit,Beverages
CUST1929,12,913.6666666666666,2.9166666666666665,28.583333333333332,0,0,JioMart,Grocery
CUST5766,12,341.0833333333333,3.8333333333333335,28.333333333333332,0,0,Blinkit,Dairy
CUST7531,12,483.4166666666667,3.0,26.416666666666668,0,1,Blinkit,Dairy
CUST8954,12,503.0,3.8333333333333335,34.25,0,0,Blinkit,Beverages
CUST4761,12,481.25,3.25,31.166666666666668,0,0,JioMart,Snacks
CUST2262,12,468.6666666666667,3.25,27.5,0,0,Swiggy Instamart,Fruits & Vegetables
CUST9368,12,539.8333333333334,2.4166666666666665,27.833333333333332,0,1,Swiggy Instamart,Dairy
CUST3577,12,982.3333333333334,2.8333333333333335,31.166666666666668,0,1,Swiggy Instamart,Personal Care
CUST9070,12,663.0,3.0,28.75,0,0,JioMart,Snacks
CUST1915,12,546.5,2.0,27.166666666666668,0,1,Blinkit,Beverages
CUST5180,12,533.6666666666666,3.4166666666666665,27.166666666666668,0,0,Swiggy Instamart,Fruits & Vegetables
CUST2737,12,421.5,2.9166666666666665,26.25,0,0,Blinkit,Fruits & Vegetables
CUST8235,12,810.0833333333334,3.0,22.833333333333332,0,1,JioMart,Dairy
CUST6128,12,574.5833333333334,3.3333333333333335,28.0,0,0,Blinkit,Dairy
CUST8388,12,763.0833333333334,3.6666666666666665,33.333333333333336,0,0,Blinkit,Beverages
CUST8097,12,543.9166666666666,2.9166666666666665,29.583333333333332,0,1,Swiggy Instamart,Beverages
CUST2707,12,590.0833333333334,3.5,30.333333333333332,0,0,Blinkit,Dairy
CUST9911,12,660.5,4.083333333333333,26.833333333333332,0,0,Swiggy Instamart,Beverages
CUST6912,12,402.8333333333333,3.0,35.166666666666664,0,1,Blinkit,Fruits & Vegetables
CUST5494,12,672.9166666666666,3.5833333333333335,29.833333333333332,0,0,Blinkit,Dairy
CUST4457,12,681.4166666666666,2.6666666666666665,33.166666666666664,0,1,Swiggy Instamart,Beverages
CUST1668,11,879.8181818181819,2.8181818181818183,31.636363636363637,0,1,Blinkit,Personal Care
CUST2330,11,498.09090909090907,2.4545454545454546,28.818181818181817,0,1,JioMart,Grocery
CUST4404,11,600.1818181818181,2.727272727272727,26.09090909090909,0,1,Blinkit,Fruits & Vegetables
CUST9042,11,629.6363636363636,2.909090909090909,30.454545454545453,0,1,Blinkit,Snacks
CUST6666,11,516.5454545454545,3.272727272727273,35.45454545454545,0,1,Blinkit,Snacks
CUST1473,11,596.6363636363636,3.6363636363636362,33.09090909090909,0,0,Blinkit,Beverages
CUST7241,11,637.7272727272727,2.909090909090909,29.0,0,1,JioMart,Grocery
CUST1087,11,881.0909090909091,3.4545454545454546,32.18181818181818,0,0,JioMart,Personal Care
CUST4102,11,622.8181818181819,2.8181818181818183,29.363636363636363,0,1,JioMart,Grocery
CUST4747,11,746.5454545454545,2.909090909090909,30.545454545454547,0,1,JioMart,Dairy
CUST7953,11,427.8181818181818,3.0,37.45454545454545,1,1,JioMart,Snacks
CUST6772,11,599.7272727272727,3.6363636363636362,31.636363636363637,0,0,Swiggy Instamart,Dairy
CUST5106,11,780.1818181818181,2.727272727272727,31.09090909090909,0,1,JioMart,Personal Care
CUST6704,11,574.0909090909091,2.8181818181818183,23.0,0,1,Blinkit,Fruits & Vegetables
CUST1174,11,534.3636363636364,2.909090909090909,23.181818181818183,0,0,Blinkit,Snacks
CUST5635,11,612.8181818181819,3.090909090909091,30.272727272727273,0,1,JioMart,Fruits & Vegetables
CUST6428,11,1013.2727272727273,3.0,32.54545454545455,0,1,JioMart,Personal Care
CUST4544,11,879.5454545454545,3.090909090909091,28.818181818181817,0,0,JioMart,Personal Care
CUST5650,11,726.2727272727273,3.272727272727273,29.181818181818183,0,1,Swiggy Instamart,Beverages
CUST1969,11,762.6363636363636,3.8181818181818183,27.181818181818183,0,0,Swiggy Instamart,Fruits & Vegetables
CUST7567,11,580.7272727272727,3.272727272727273,31.545454545454547,0,0,Blinkit,Dairy
CUST8743,11,540.6363636363636,4.0,24.272727272727273,0,0,Blinkit,Dairy
CUST3249,11,686.1818181818181,3.4545454545454546,29.363636363636363,0,0,JioMart,Fruits & Vegetables
CUST6411,11,707.3636363636364,3.4545454545454546,32.72727272727273,0,0,Blinkit,Grocery
CUST2880,11,558.0,2.727272727272727,28.454545454545453,0,1,Blinkit,Beverages
CUST8503,11,518.2727272727273,3.0,29.181818181818183,0,1,Swiggy Instamart,Fruits & Vegetables
CUST6465,11,428.3636363636364,2.8181818181818183,31.636363636363637,0,1,Blinkit,Beverages
CUST9905,11,291.1818181818182,2.4545454545454546,32.72727272727273,0,1,Blinkit,Snacks
CUST4492,11,591.8181818181819,3.1818181818181817,28.545454545454547,0,0,Blinkit,Beverages
CUST9400,11,731.0909090909091,1.9090909090909092,25.727272727272727,0,1,JioMart,Beverages
CUST8217,11,543.8181818181819,3.4545454545454546,28.90909090909091,0,0,JioMart,Fruits & Vegetables
CUST8334,11,613.3636363636364,3.4545454545454546,33.09090909090909,0,0,Blinkit,Grocery
CUST2450,11,688.4545454545455,4.181818181818182,36.90909090909091,0,0,Blinkit,Personal Care
CUST3944,11,663.4545454545455,2.8181818181818183,27.90909090909091,0,1,JioMart,Beverages
CUST9741,11,620.5454545454545,2.5454545454545454,25.454545454545453,0,1,Blinkit,Grocery
CUST7274,11,694.6363636363636,3.1818181818181817,23.727272727272727,0,1,Swiggy Instamart,Dairy
CUST9602,11,461.90909090909093,3.0,28.545454545454547,0,1,JioMart,Snacks
CUST9072,11,783.3636363636364,4.454545454545454,28.90909090909091,0,0,Swiggy Instamart,Fruits & Vegetables
CUST9582,11,703.3636363636364,3.272727272727273,33.54545454545455,0,0,JioMart,Personal Care
CUST5777,11,781.3636363636364,3.5454545454545454,31.0,0,0,JioMart,Grocery
CUST5979,11,791.2727272727273,2.6363636363636362,25.0,0,1,Swiggy Instamart,Personal Care
CUST7170,11,602.6363636363636,4.181818181818182,29.09090909090909,0,0,Swiggy Instamart,Beverages
CUST7476,11,536.8181818181819,3.090909090909091,30.454545454545453,0,1,JioMart,Dairy
CUST7314,11,403.72727272727275,2.909090909090909,26.09090909090909,0,1,Blinkit,Dairy
CUST4918,11,561.5454545454545,2.8181818181818183,25.545454545454547,0,1,Blinkit,Grocery
CUST7621,11,576.5454545454545,2.4545454545454546,27.90909090909091,0,1,Blinkit,Dairy
CUST1316,11,833.0,4.181818181818182,36.0,0,0,JioMart,Grocery
CUST2374,11,822.6363636363636,2.6363636363636362,25.0,0,1,JioMart,Grocery
CUST8683,11,581.0,3.0,26.636363636363637,0,1,Blinkit,Beverages
CUST6906,11,454.27272727272725,3.0,29.363636363636363,0,1,JioMart,Dairy
CUST5982,11,598.3636363636364,2.727272727272727,35.27272727272727,0,1,JioMart,Dairy
CUST3847,11,595.7272727272727,3.3636363636363638,24.818181818181817,0,0,Blinkit,Fruits & Vegetables
CUST1735,11,620.3636363636364,3.909090909090909,26.90909090909091,0,0,Blinkit,Dairy
CUST2405,11,454.72727272727275,2.5454545454545454,25.272727272727273,0,1,Swiggy Instamart,Snacks
CUST8850,11,519.9090909090909,3.6363636363636362,28.90909090909091,0,0,JioMart,Snacks
CUST5668,11,498.0,3.090909090909091,30.636363636363637,0,1,Swiggy Instamart,Snacks
CUST8218,11,747.0909090909091,3.3636363636363638,26.181818181818183,0,0,Swiggy Instamart,Grocery
CUST2505,11,657.3636363636364,4.181818181818182,34.54545454545455,0,0,Swiggy Instamart,Beverages
CUST5921,11,642.9090909090909,3.4545454545454546,25.545454545454547,0,0,JioMart,Beverages
CUST8256,11,687.8181818181819,3.0,26.818181818181817,0,0,Swiggy Instamart,Fruits & Vegetables
CUST5005,11,777.2727272727273,3.3636363636363638,31.545454545454547,0,0,JioMart,Beverages
CUST8118,11,573.5454545454545,2.727272727272727,25.09090909090909,0,1,Blinkit,Fruits & Vegetables
CUST3684,11,411.3636363636364,3.0,30.636363636363637,0,0,Swiggy Instamart,Personal Care
CUST5309,11,416.45454545454544,3.1818181818181817,29.272727272727273,0,0,JioMart,Fruits & Vegetables
CUST6440,11,606.0909090909091,3.5454545454545454,31.272727272727273,0,0,Blinkit,Snacks
CUST4348,11,512.7272727272727,4.181818181818182,35.09090909090909,0,0,Swiggy Instamart,Fruits & Vegetables
CUST4525,11,1035.3636363636363,2.8181818181818183,30.727272727272727,0,1,Blinkit,Personal Care
CUST9478,11,748.6363636363636,3.727272727272727,31.0,0,0,Swiggy Instamart,Grocery
CUST2590,11,410.09090909090907,3.5454545454545454,25.363636363636363,0,0,Swiggy Instamart,Fruits & Vegetables
CUST7460,11,568.7272727272727,2.6363636363636362,28.454545454545453,0,1,Blinkit,Grocery
CUST4245,11,529.0,3.6363636363636362,31.181818181818183,0,0,Blinkit,Beverages
CUST3315,11,439.6363636363636,3.1818181818181817,30.272727272727273,0,1,Blinkit,Dairy
CUST1301,11,569.8181818181819,4.0,26.272727272727273,0,0,Swiggy Instamart,Beverages
CUST5607,11,659.1818181818181,2.909090909090909,28.454545454545453,0,1,JioMart,Fruits & Vegetables
CUST1655,11,588.1818181818181,2.727272727272727,29.0,0,1,JioMart,Beverages
CUST9732,11,684.5454545454545,3.4545454545454546,28.272727272727273,0,0,Swiggy Instamart,Fruits & Vegetables
CUST1733,11,585.9090909090909,3.4545454545454546,32.18181818181818,0,0,JioMart,Beverages
CUST4356,11,730.6363636363636,2.909090909090909,30.09090909090909,0,1,Blinkit,Fruits & Vegetables
CUST6162,11,630.1818181818181,3.272727272727273,26.181818181818183,0,0,Blinkit,Fruits & Vegetables
CUST5879,11,586.4545454545455,2.4545454545454546,29.0,0,1,Swiggy Instamart,Fruits & Vegetables
CUST9562,11,543.3636363636364,2.727272727272727,29.818181818181817,0,1,Blinkit,Fruits & Vegetables
CUST7372,11,439.90909090909093,2.5454545454545454,29.545454545454547,0,1,Blinkit,Fruits & Vegetables
CUST4564,11,518.5454545454545,3.090909090909091,30.272727272727273,0,0,JioMart,Dairy
CUST6727,11,704.9090909090909,3.6363636363636362,30.454545454545453,0,0,JioMart,Beverages
CUST2538,11,502.1818181818182,3.0,32.18181818181818,0,1,JioMart,Grocery
CUST4504,11,523.7272727272727,3.272727272727273,28.0,0,0,Blinkit,Dairy
CUST7145,11,700.1818181818181,3.272727272727273,27.545454545454547,0,0,Blinkit,Dairy
CUST2544,11,562.5454545454545,3.8181818181818183,32.36363636363637,0,0,JioMart,Dairy
CUST8542,11,548.3636363636364,2.727272727272727,24.90909090909091,0,1,JioMart,Snacks
CUST5355,11,565.1818181818181,3.4545454545454546,28.727272727272727,0,0,Blinkit,Personal Care
CUST2733,11,486.0,2.272727272727273,30.545454545454547,0,1,Swiggy Instamart,Beverages
CUST2878,11,403.27272727272725,3.727272727272727,30.90909090909091,0,0,JioMart,Fruits & Vegetables
CUST9244,11,604.3636363636364,3.3636363636363638,27.545454545454547,0,0,Blinkit,Snacks
CUST3294,11,362.8181818181818,3.8181818181818183,33.54545454545455,0,0,JioMart,Fruits & Vegetables
CUST7322,11,531.8181818181819,3.1818181818181817,30.727272727272727,0,0,Swiggy Instamart,Fruits & Vegetables
CUST5693,11,620.0909090909091,2.727272727272727,25.545454545454547,0,1,Swiggy Instamart,Beverages
CUST3501,11,627.0909090909091,3.3636363636363638,28.818181818181817,0,0,Swiggy Instamart,Fruits & Vegetables
CUST6077,11,620.6363636363636,3.0,27.818181818181817,0,1,Swiggy Instamart,Fruits & Vegetables
CUST7061,11,609.8181818181819,3.727272727272727,31.181818181818183,0,0,Blinkit,Personal Care
CUST5632,11,364.72727272727275,2.909090909090909,33.45454545454545,0,1,Swiggy Instamart,Dairy
CUST1201,11,850.6363636363636,2.8181818181818183,25.181818181818183,0,1,JioMart,Personal Care
CUST6998,11,697.0,2.8181818181818183,29.09090909090909,0,1,JioMart,Personal Care
CUST5444,11,609.6363636363636,3.727272727272727,33.72727272727273,0,0,JioMart,Snacks
CUST3931,11,614.2727272727273,2.3636363636363638,33.27272727272727,0,1,JioMart,Grocery
CUST8515,11,543.4545454545455,3.1818181818181817,31.181818181818183,0,1,Blinkit,Beverages
CUST5351,11,470.6363636363636,3.1818181818181817,31.636363636363637,0,0,Blinkit,Fruits & Vegetables
CUST5915,11,481.6363636363636,2.727272727272727,30.09090909090909,0,1,JioMart,Personal Care
CUST2127,11,654.0,3.5454545454545454,26.181818181818183,0,0,Blinkit,Beverages
CUST8179,11,666.2727272727273,3.6363636363636362,26.0,0,0,JioMart,Beverages
CUST1630,11,690.2727272727273,2.4545454545454546,26.727272727272727,0,1,Blinkit,Dairy
CUST9812,11,476.0,3.5454545454545454,27.454545454545453,0,0,Blinkit,Dairy
CUST9329,11,579.8181818181819,3.909090909090909,31.636363636363637,0,0,JioMart,Beverages
CUST5823,11,507.27272727272725,3.6363636363636362,25.363636363636363,0,0,JioMart,Fruits & Vegetables
CUST7440,11,646.2727272727273,2.6363636363636362,29.09090909090909,0,1,Blinkit,Beverages
CUST1381,11,560.6363636363636,3.272727272727273,30.454545454545453,0,0,JioMart,Dairy
CUST2079,11,818.3636363636364,3.1818181818181817,24.90909090909091,0,0,JioMart,Grocery
CUST7333,11,633.8181818181819,2.8181818181818183,31.818181818181817,0,1,Blinkit,Fruits & Vegetables
CUST6461,11,605.1818181818181,3.090909090909091,26.363636363636363,0,0,JioMart,Dairy
CUST4156,11,443.09090909090907,3.5454545454545454,30.272727272727273,0,0,JioMart,Beverages
CUST7876,11,646.2727272727273,3.5454545454545454,22.818181818181817,0,0,Blinkit,Personal Care
CUST1627,11,611.8181818181819,3.0,23.727272727272727,0,1,JioMart,Grocery
CUST6546,11,498.45454545454544,2.8181818181818183,24.818181818181817,0,1,JioMart,Fruits & Vegetables
CUST2500,11,634.5454545454545,2.4545454545454546,28.272727272727273,0,1,JioMart,Fruits & Vegetables
CUST2003,11,415.3636363636364,3.8181818181818183,28.272727272727273,0,0,Blinkit,Beverages
CUST7754,11,538.3636363636364,2.1818181818181817,30.727272727272727,0,1,Blinkit,Fruits & Vegetables
CUST3017,11,637.4545454545455,2.8181818181818183,25.818181818181817,0,1,Blinkit,Dairy
CUST8676,11,691.2727272727273,2.909090909090909,29.181818181818183,0,1,Blinkit,Dairy
CUST2614,11,739.7272727272727,3.090909090909091,28.636363636363637,0,1,Blinkit,Beverages
CUST3472,11,526.8181818181819,3.1818181818181817,33.18181818181818,0,1,Blinkit,Fruits & Vegetables
CUST9158,11,476.72727272727275,3.5454545454545454,25.454545454545453,0,0,JioMart,Grocery
CUST6022,11,414.54545454545456,3.3636363636363638,33.27272727272727,0,0,Blinkit,Beverages
CUST9572,11,541.3636363636364,3.3636363636363638,26.636363636363637,0,0,Blinkit,Beverages
CUST9268,11,471.1818181818182,1.7272727272727273,29.09090909090909,0,1,JioMart,Beverages
CUST4616,11,309.72727272727275,2.909090909090909,23.90909090909091,0,1,Blinkit,Snacks
CUST7863,11,631.1818181818181,3.1818181818181817,29.727272727272727,0,0,Swiggy Instamart,Fruits & Vegetables
CUST9403,11,447.90909090909093,3.0,29.636363636363637,0,0,JioMart,Dairy
CUST3454,11,624.5454545454545,2.6363636363636362,35.09090909090909,0,1,Blinkit,Personal Care
CUST5147,11,637.4545454545455,2.272727272727273,31.818181818181817,0,1,JioMart,Grocery
CUST7798,11,501.90909090909093,2.909090909090909,23.09090909090909,0,1,Blinkit,Beverages
CUST6568,11,613.0,3.727272727272727,25.272727272727273,0,0,Blinkit,Dairy
CUST6251,11,626.5454545454545,2.6363636363636362,29.636363636363637,0,1,Blinkit,Grocery
CUST9547,11,723.5454545454545,3.272727272727273,30.09090909090909,0,0,Blinkit,Personal Care
CUST8931,11,668.2727272727273,3.090909090909091,29.0,0,0,JioMart,Grocery
CUST3920,11,551.7272727272727,3.1818181818181817,28.636363636363637,0,0,Swiggy Instamart,Dairy
CUST7472,11,472.90909090909093,2.8181818181818183,31.636363636363637,0,1,Blinkit,Dairy
CUST4807,11,604.0,2.909090909090909,30.363636363636363,0,1,Blinkit,Personal Care
CUST3844,11,513.7272727272727,3.727272727272727,34.0,0,0,Swiggy Instamart,Beverages
CUST2021,11,622.3636363636364,3.090909090909091,27.90909090909091,0,0,JioMart,Fruits & Vegetables
CUST3466,11,543.9090909090909,2.5454545454545454,32.36363636363637,0,1,JioMart,Grocery
CUST6675,11,662.5454545454545,3.090909090909091,28.181818181818183,0,0,JioMart,Beverages
CUST4943,11,589.3636363636364,2.4545454545454546,26.0,0,1,Swiggy Instamart,Beverages
CUST4376,11,478.90909090909093,4.090909090909091,22.636363636363637,0,0,JioMart,Fruits & Vegetables
CUST2653,11,753.0,3.0,31.0,0,1,Swiggy Instamart,Grocery
CUST2304,11,451.90909090909093,2.6363636363636362,37.81818181818182,0,1,Blinkit,Fruits & Vegetables
CUST8001,11,450.27272727272725,3.4545454545454546,27.363636363636363,0,0,JioMart,Grocery
CUST5797,11,645.8181818181819,3.6363636363636362,30.363636363636363,0,0,Swiggy Instamart,Grocery
CUST2914,11,540.7272727272727,3.0,29.545454545454547,0,1,JioMart,Fruits & Vegetables
CUST3998,11,644.3636363636364,3.272727272727273,33.18181818181818,0,0,Blinkit,Beverages
CUST9583,11,761.5454545454545,4.363636363636363,27.363636363636363,0,0,JioMart,Beverages
CUST7975,11,544.7272727272727,3.090909090909091,31.0,0,0,Blinkit,Grocery
CUST8041,11,460.0,3.6363636363636362,27.363636363636363,0,0,Swiggy Instamart,Beverages
CUST6316,11,582.5454545454545,4.090909090909091,32.81818181818182,0,0,JioMart,Personal Care
CUST7425,11,518.0909090909091,3.909090909090909,32.18181818181818,0,0,JioMart,Dairy
CUST8187,11,688.2727272727273,3.909090909090909,29.636363636363637,0,0,Swiggy Instamart,Dairy
CUST6868,11,589.7272727272727,2.909090909090909,28.272727272727273,0,1,Blinkit,Dairy
CUST1989,11,632.5454545454545,2.727272727272727,33.81818181818182,0,1,JioMart,Grocery
CUST9906,11,745.2727272727273,2.4545454545454546,29.0,0,1,Blinkit,Beverages
CUST8685,11,773.3636363636364,2.5454545454545454,29.636363636363637,0,1,Swiggy Instamart,Personal Care
CUST9618,11,510.1818181818182,2.909090909090909,28.90909090909091,0,0,Swiggy Instamart,Dairy
CUST2998,11,552.6363636363636,3.3636363636363638,29.272727272727273,0,0,Swiggy Instamart,Beverages
CUST8257,11,830.7272727272727,3.0,33.09090909090909,0,1,JioMart,Personal Care
CUST5049,11,505.3636363636364,4.7272727272727275,26.272727272727273,0,0,Swiggy Instamart,Fruits & Vegetables
CUST3598,11,656.7272727272727,3.090909090909091,28.90909090909091,0,1,JioMart,Personal Care
CUST2470,11,687.7272727272727,2.8181818181818183,27.636363636363637,0,1,Swiggy Instamart,Beverages
CUST3649,11,459.6363636363636,3.5454545454545454,30.727272727272727,0,0,Blinkit,Fruits & Vegetables
CUST6626,11,415.72727272727275,3.272727272727273,35.72727272727273,0,0,Swiggy Instamart,Personal Care
CUST3978,11,410.45454545454544,2.272727272727273,26.181818181818183,0,1,Swiggy Instamart,Personal Care
CUST7570,11,625.7272727272727,3.0,31.363636363636363,0,1,Swiggy Instamart,Snacks
CUST9661,11,546.8181818181819,3.909090909090909,24.90909090909091,0,0,Blinkit,Beverages
CUST9768,11,646.8181818181819,3.1818181818181817,29.90909090909091,0,1,Blinkit,Grocery
CUST4577,11,640.7272727272727,3.4545454545454546,32.54545454545455,0,0,Blinkit,Beverages
CUST4171,11,617.9090909090909,3.0,29.818181818181817,0,1,JioMart,Grocery
CUST4265,11,709.3636363636364,3.5454545454545454,32.90909090909091,0,0,Blinkit,Dairy
CUST4293,11,624.0,3.8181818181818183,27.0,0,0,Swiggy Instamart,Beverages
CUST9775,11,498.3636363636364,3.5454545454545454,29.363636363636363,0,0,Blinkit,Grocery
CUST6084,11,590.7272727272727,3.5454545454545454,30.727272727272727,0,0,Blinkit,Dairy
CUST6490,11,540.0909090909091,3.0,30.545454545454547,0,0,Blinkit,Snacks
CUST4296,11,639.2727272727273,3.3636363636363638,30.636363636363637,0,0,Blinkit,Fruits & Vegetables
CUST5320,11,587.4545454545455,3.090909090909091,29.272727272727273,0,0,Blinkit,Fruits & Vegetables
CUST5842,11,640.7272727272727,2.909090909090909,27.545454545454547,0,1,Blinkit,Fruits & Vegetables
CUST2690,11,377.6363636363636,3.3636363636363638,28.727272727272727,0,1,JioMart,Fruits & Vegetables
CUST7895,11,433.1818181818182,2.6363636363636362,32.18181818181818,0,1,Blinkit,Snacks
CUST3688,11,561.7272727272727,2.8181818181818183,32.63636363636363,0,1,Blinkit,Dairy
CUST8210,11,818.7272727272727,2.909090909090909,31.818181818181817,0,0,Blinkit,Personal Care
CUST9020,11,420.1818181818182,3.3636363636363638,28.818181818181817,0,0,Blinkit,Beverages
CUST9286,11,635.5454545454545,2.8181818181818183,30.09090909090909,0,1,Blinkit,Snacks
CUST3511,11,522.6363636363636,2.8181818181818183,29.818181818181817,0,1,JioMart,Snacks
CUST3099,11,475.09090909090907,3.1818181818181817,30.90909090909091,0,1,Blinkit,Dairy
CUST4883,11,606.4545454545455,3.4545454545454546,33.18181818181818,0,0,JioMart,Dairy
CUST6361,11,581.4545454545455,3.6363636363636362,35.27272727272727,0,0,JioMart,Grocery
CUST1979,11,576.1818181818181,2.8181818181818183,29.0,0,1,JioMart,Beverages
CUST1008,11,582.3636363636364,2.3636363636363638,27.818181818181817,0,1,JioMart,Dairy
CUST2423,11,405.54545454545456,2.5454545454545454,29.818181818181817,0,1,Blinkit,Beverages
CUST6345,11,585.1818181818181,3.272727272727273,32.90909090909091,0,0,Blinkit,Grocery
CUST7040,11,470.1818181818182,2.6363636363636362,31.90909090909091,0,1,JioMart,Beverages
CUST5580,11,492.6363636363636,3.090909090909091,29.90909090909091,0,1,Blinkit,Fruits & Vegetables
CUST7660,11,834.0,2.5454545454545454,26.545454545454547,0,1,Blinkit,Dairy
CUST6835,11,433.27272727272725,3.1818181818181817,26.272727272727273,0,1,Blinkit,Beverages
CUST1277,11,775.3636363636364,3.6363636363636362,29.545454545454547,0,0,Blinkit,Grocery
CUST5816,11,461.27272727272725,4.090909090909091,24.0,0,0,Swiggy Instamart,Dairy
CUST8961,11,633.3636363636364,2.909090909090909,25.636363636363637,0,1,JioMart,Grocery
CUST6572,11,662.1818181818181,3.3636363636363638,29.90909090909091,0,1,Blinkit,Beverages
CUST4911,11,479.09090909090907,2.090909090909091,28.90909090909091,0,1,Swiggy Instamart,Snacks
CUST3802,11,524.6363636363636,2.8181818181818183,29.636363636363637,0,1,Blinkit,Fruits & Vegetables
CUST2534,11,420.09090909090907,3.090909090909091,26.90909090909091,0,0,JioMart,Dairy
CUST1616,11,520.7272727272727,2.727272727272727,29.545454545454547,0,1,Swiggy Instamart,Dairy
CUST8581,11,606.6363636363636,3.5454545454545454,28.454545454545453,0,0,JioMart,Fruits & Vegetables
CUST2116,11,574.1818181818181,2.8181818181818183,29.181818181818183,0,0,JioMart,Dairy
CUST8926,11,427.72727272727275,3.0,26.545454545454547,0,1,Blinkit,Snacks
CUST3446,11,579.3636363636364,3.1818181818181817,28.272727272727273,0,0,Blinkit,Personal Care
CUST6556,11,933.6363636363636,3.909090909090909,33.18181818181818,0,0,Swiggy Instamart,Personal Care
CUST6436,11,774.8181818181819,3.5454545454545454,31.545454545454547,0,0,JioMart,Grocery
CUST5958,11,350.27272727272725,3.6363636363636362,26.454545454545453,0,0,JioMart,Dairy
CUST3388,11,502.0,3.3636363636363638,27.272727272727273,0,0,Blinkit,Snacks
CUST5696,11,627.2727272727273,4.181818181818182,31.545454545454547,0,0,Swiggy Instamart,Fruits & Vegetables
CUST2725,11,694.7272727272727,3.3636363636363638,30.272727272727273,0,0,Blinkit,Personal Care
CUST4242,11,366.6363636363636,2.090909090909091,23.454545454545453,0,1,Blinkit,Fruits & Vegetables
CUST9701,11,634.5454545454545,3.1818181818181817,31.272727272727273,0,1,Swiggy Instamart,Grocery
CUST6056,11,736.0,4.454545454545454,36.0,1,0,Blinkit,Beverages
CUST6843,11,570.3636363636364,3.4545454545454546,31.90909090909091,0,0,JioMart,Dairy
CUST7116,11,488.0,3.272727272727273,30.545454545454547,0,0,JioMart,Personal Care
CUST5155,11,643.2727272727273,3.727272727272727,27.0,0,0,JioMart,Snacks
CUST8401,11,588.6363636363636,2.909090909090909,30.181818181818183,0,1,JioMart,Beverages
CUST7753,11,768.9090909090909,3.3636363636363638,30.181818181818183,0,0,Blinkit,Grocery
CUST3233,11,521.8181818181819,2.727272727272727,32.45454545454545,0,1,Blinkit,Snacks
CUST2363,11,759.0909090909091,2.727272727272727,33.54545454545455,0,1,JioMart,Beverages
CUST9041,11,479.1818181818182,3.090909090909091,27.454545454545453,0,0,Swiggy Instamart,Snacks
CUST2524,11,724.6363636363636,4.0,28.545454545454547,0,0,JioMart,Fruits & Vegetables
CUST5820,11,742.9090909090909,4.0,26.818181818181817,0,0,JioMart,Personal Care
CUST4331,11,778.6363636363636,3.5454545454545454,24.90909090909091,0,0,Blinkit,Fruits & Vegetables
CUST2514,11,529.1818181818181,3.3636363636363638,32.0,0,0,Blinkit,Snacks
CUST9764,11,810.2727272727273,2.8181818181818183,34.18181818181818,0,1,Blinkit,Fruits & Vegetables
CUST3683,11,677.9090909090909,2.272727272727273,28.90909090909091,0,1,JioMart,Dairy
CUST8136,11,603.4545454545455,2.8181818181818183,30.818181818181817,0,1,JioMart,Beverages
CUST9367,11,358.0,3.0,24.727272727272727,0,1,Swiggy Instamart,Snacks
CUST9815,11,655.1818181818181,3.090909090909091,30.818181818181817,0,0,Blinkit,Dairy
CUST6445,11,673.2727272727273,3.727272727272727,30.09090909090909,0,0,JioMart,Personal Care
CUST6938,11,705.1818181818181,3.4545454545454546,26.545454545454547,0,0,Swiggy Instamart,Beverages
CUST5533,11,616.0,3.909090909090909,27.181818181818183,0,0,Swiggy Instamart,Snacks
CUST3831,11,441.27272727272725,3.8181818181818183,29.272727272727273,0,0,Swiggy Instamart,Beverages
CUST4066,11,414.90909090909093,2.3636363636363638,25.727272727272727,0,1,Blinkit,Personal Care
CUST2551,11,464.54545454545456,3.909090909090909,26.0,0,0,Blinkit,Snacks
CUST2010,11,601.7272727272727,3.272727272727273,26.272727272727273,0,0,Blinkit,Dairy
CUST5300,11,681.3636363636364,3.3636363636363638,33.54545454545455,0,0,Swiggy Instamart,Fruits & Vegetables
CUST3071,11,542.5454545454545,2.5454545454545454,27.0,0,1,Swiggy Instamart,Beverages
CUST3399,11,436.45454545454544,3.3636363636363638,29.0,0,0,Blinkit,Beverages
CUST9933,11,482.8181818181818,2.909090909090909,24.0,0,1,Blinkit,Fruits & Vegetables
CUST6905,11,596.6363636363636,3.090909090909091,34.36363636363637,0,0,JioMart,Beverages
CUST4007,11,958.0909090909091,2.727272727272727,24.181818181818183,0,1,Blinkit,Fruits & Vegetables
CUST8682,11,690.4545454545455,3.1818181818181817,29.272727272727273,0,0,Swiggy Instamart,Beverages
CUST9630,11,540.0909090909091,2.6363636363636362,26.636363636363637,0,1,Blinkit,Fruits & Vegetables
CUST4395,11,571.4545454545455,3.4545454545454546,30.0,0,0,Swiggy Instamart,Fruits & Vegetables
CUST6554,11,433.1818181818182,3.3636363636363638,28.636363636363637,0,0,JioMart,Snacks
CUST1717,11,647.6363636363636,2.727272727272727,33.27272727272727,0,1,Swiggy Instamart,Fruits & Vegetables
CUST4378,11,440.0,2.727272727272727,23.454545454545453,0,1,JioMart,Dairy
CUST1156,11,683.0,4.0,29.90909090909091,0,0,JioMart,Grocery
CUST2687,11,354.0,2.8181818181818183,27.0,0,1,JioMart,Snacks
CUST7911,11,598.8181818181819,3.3636363636363638,27.818181818181817,0,0,Swiggy Instamart,Grocery
CUST7631,11,626.3636363636364,3.3636363636363638,35.81818181818182,0,0,JioMart,Fruits & Vegetables
CUST4760,11,487.72727272727275,3.272727272727273,31.363636363636363,0,0,Blinkit,Beverages
CUST4207,11,557.6363636363636,3.090909090909091,31.272727272727273,0,1,Blinkit,Grocery
CUST2286,11,624.4545454545455,3.6363636363636362,29.09090909090909,0,0,Swiggy Instamart,Fruits & Vegetables
CUST5311,11,779.9090909090909,3.5454545454545454,28.454545454545453,0,0,Swiggy Instamart,Grocery
CUST8464,11,513.1818181818181,3.727272727272727,31.363636363636363,0,0,Swiggy Instamart,Snacks
CUST5227,11,497.8181818181818,3.0,29.545454545454547,0,1,JioMart,Dairy
CUST6954,11,727.7272727272727,4.0,30.90909090909091,0,0,JioMart,Grocery
CUST7519,11,707.6363636363636,3.3636363636363638,31.363636363636363,0,0,Swiggy Instamart,Dairy
CUST4247,11,477.72727272727275,3.090909090909091,33.18181818181818,0,1,Blinkit,Dairy
CUST5500,11,528.3636363636364,3.272727272727273,26.636363636363637,0,0,JioMart,Dairy
CUST6471,11,528.0909090909091,3.0,30.90909090909091,0,1,Blinkit,Fruits & Vegetables
CUST3654,11,803.3636363636364,3.0,26.363636363636363,0,1,JioMart,Grocery
CUST7826,11,890.4545454545455,2.4545454545454546,30.636363636363637,0,1,JioMart,Personal Care
CUST5211,11,522.5454545454545,2.6363636363636362,28.636363636363637,0,1,Blinkit,Dairy
CUST5291,11,353.90909090909093,3.090909090909091,29.636363636363637,0,1,JioMart,Beverages
CUST3647,11,843.2727272727273,3.8181818181818183,26.545454545454547,0,0,Blinkit,Beverages
CUST2868,11,602.2727272727273,3.0,28.0,0,0,JioMart,Beverages
CUST4411,11,731.6363636363636,3.1818181818181817,30.454545454545453,0,0,Swiggy Instamart,Personal Care
CUST8132,11,568.2727272727273,2.090909090909091,20.0,0,1,Blinkit,Fruits & Vegetables
CUST7410,11,556.3636363636364,3.090909090909091,28.727272727272727,0,1,JioMart,Dairy
CUST2155,11,658.6363636363636,3.0,33.0,0,1,Swiggy Instamart,Dairy
CUST6330,11,579.6363636363636,3.1818181818181817,27.363636363636363,0,0,Blinkit,Beverages
CUST3886,11,657.1818181818181,2.8181818181818183,28.454545454545453,0,1,JioMart,Beverages
CUST6046,11,805.8181818181819,3.272727272727273,31.454545454545453,0,1,Swiggy Instamart,Grocery
CUST8007,11,461.90909090909093,3.6363636363636362,25.818181818181817,0,0,JioMart,Personal Care
CUST2232,11,438.09090909090907,3.090909090909091,26.90909090909091,0,0,Swiggy Instamart,Dairy
CUST3442,11,414.09090909090907,2.090909090909091,28.727272727272727,0,1,Blinkit,Fruits & Vegetables
CUST3190,11,577.1818181818181,2.909090909090909,31.363636363636363,0,1,JioMart,Snacks
CUST7336,11,514.6363636363636,3.272727272727273,24.0,0,0,Swiggy Instamart,Snacks
CUST3239,11,448.09090909090907,3.3636363636363638,27.636363636363637,0,0,JioMart,Dairy
CUST4088,11,597.6363636363636,1.9090909090909092,25.363636363636363,0,1,Blinkit,Fruits & Vegetables
CUST1256,11,661.8181818181819,3.090909090909091,30.09090909090909,0,1,JioMart,Personal Care
CUST1959,11,615.3636363636364,4.363636363636363,28.0,0,0,Swiggy Instamart,Fruits & Vegetables
CUST8707,11,378.8181818181818,2.4545454545454546,28.09090909090909,0,1,Swiggy Instamart,Dairy
CUST3121,11,584.1818181818181,3.6363636363636362,30.0,0,0,Blinkit,Beverages
CUST2022,11,636.7272727272727,2.5454545454545454,23.272727272727273,0,1,JioMart,Dairy
CUST5567,11,834.4545454545455,3.272727272727273,28.272727272727273,0,0,JioMart,Fruits & Vegetables
CUST4405,11,435.8181818181818,3.909090909090909,26.454545454545453,0,0,JioMart,Beverages
CUST8639,11,800.8181818181819,2.727272727272727,36.81818181818182,0,1,JioMart,Grocery
CUST9743,11,597.2727272727273,4.090909090909091,33.36363636363637,0,0,Blinkit,Grocery
CUST3644,11,574.6363636363636,3.3636363636363638,32.54545454545455,0,0,Swiggy Instamart,Dairy
CUST3522,11,534.7272727272727,3.3636363636363638,34.18181818181818,0,0,JioMart,Snacks
CUST5479,11,542.0,3.272727272727273,32.36363636363637,0,0,Blinkit,Grocery
CUST9559,11,447.54545454545456,3.8181818181818183,28.818181818181817,0,0,Swiggy Instamart,Beverages
CUST1533,11,708.0909090909091,2.909090909090909,30.545454545454547,0,1,Swiggy Instamart,Beverages
CUST1031,11,699.0,3.5454545454545454,28.636363636363637,0,0,Swiggy Instamart,Grocery
CUST1774,11,577.0,3.909090909090909,27.636363636363637,0,0,Swiggy Instamart,Snacks
CUST5601,11,687.0909090909091,3.0,30.09090909090909,0,1,JioMart,Snacks
CUST2972,11,651.1818181818181,2.6363636363636362,29.363636363636363,0,1,Swiggy Instamart,Personal Care
CUST2650,11,649.0,3.090909090909091,30.0,0,1,Blinkit,Beverages
CUST6331,11,508.72727272727275,3.1818181818181817,32.36363636363637,0,0,Blinkit,Fruits & Vegetables
CUST3613,11,501.1818181818182,3.3636363636363638,33.72727272727273,0,0,JioMart,Snacks
CUST3487,11,756.4545454545455,3.272727272727273,26.727272727272727,0,0,JioMart,Personal Care
CUST9725,11,638.7272727272727,2.909090909090909,32.72727272727273,0,0,Blinkit,Grocery
CUST9196,11,485.27272727272725,3.1818181818181817,30.09090909090909,0,0,Blinkit,Dairy
CUST1693,11,513.7272727272727,2.909090909090909,32.72727272727273,0,1,JioMart,Dairy
CUST3842,11,630.9090909090909,3.5454545454545454,22.181818181818183,0,0,Blinkit,Beverages
CUST5255,11,582.0909090909091,3.272727272727273,24.636363636363637,0,0,Swiggy Instamart,Beverages
CUST5070,11,470.6363636363636,3.1818181818181817,31.363636363636363,0,0,Swiggy Instamart,Dairy
CUST7746,11,646.3636363636364,3.0,32.45454545454545,0,1,Blinkit,Grocery
CUST7509,11,533.4545454545455,3.8181818181818183,30.454545454545453,0,0,Swiggy Instamart,Dairy
CUST1007,11,577.2727272727273,3.272727272727273,27.363636363636363,0,0,Swiggy Instamart,Personal Care
CUST9610,11,540.2727272727273,3.1818181818181817,34.90909090909091,0,0,Blinkit,Dairy
CUST7514,11,633.6363636363636,4.090909090909091,24.90909090909091,0,0,JioMart,Grocery
CUST5092,11,572.7272727272727,3.6363636363636362,29.727272727272727,0,0,Swiggy Instamart,Personal Care
CUST8260,11,520.3636363636364,3.909090909090909,26.545454545454547,0,0,Swiggy Instamart,Fruits & Vegetables
CUST7835,11,459.1818181818182,2.4545454545454546,35.72727272727273,0,1,Swiggy Instamart,Snacks
CUST6821,11,887.2727272727273,3.727272727272727,29.0,0,0,Swiggy Instamart,Grocery
CUST7386,11,531.2727272727273,3.3636363636363638,31.181818181818183,0,0,Swiggy Instamart,Dairy
CUST1548,11,447.6363636363636,2.8181818181818183,31.181818181818183,0,1,Blinkit,Dairy
CUST4591,11,519.8181818181819,3.4545454545454546,35.45454545454545,0,0,JioMart,Grocery
CUST9208,11,770.2727272727273,3.6363636363636362,27.181818181818183,0,0,JioMart,Personal Care
CUST2971,11,733.5454545454545,2.8181818181818183,30.272727272727273,0,1,Blinkit,Dairy
CUST8269,11,664.2727272727273,3.5454545454545454,28.454545454545453,0,0,JioMart,Beverages
CUST4989,11,620.4545454545455,3.8181818181818183,25.90909090909091,0,0,JioMart,Dairy
CUST4638,11,668.1818181818181,2.6363636363636362,25.363636363636363,0,1,Blinkit,Beverages
CUST2311,11,487.72727272727275,3.4545454545454546,26.818181818181817,0,0,Blinkit,Beverages
CUST6372,11,654.3636363636364,3.727272727272727,32.09090909090909,0,0,JioMart,Beverages
CUST5207,11,431.54545454545456,2.909090909090909,31.90909090909091,0,1,Blinkit,Beverages
CUST6738,11,485.90909090909093,3.727272727272727,31.454545454545453,0,0,Swiggy Instamart,Fruits & Vegetables
CUST2560,11,546.0909090909091,3.272727272727273,29.272727272727273,0,0,Blinkit,Beverages
CUST7786,11,506.90909090909093,3.272727272727273,32.63636363636363,0,1,Blinkit,Dairy
CUST1882,11,556.5454545454545,3.1818181818181817,28.454545454545453,0,0,JioMart,Grocery
CUST6441,11,444.72727272727275,2.8181818181818183,31.727272727272727,0,1,JioMart,Personal Care
CUST7085,11,551.5454545454545,3.272727272727273,30.272727272727273,0,0,JioMart,Beverages
CUST5017,11,623.0,4.181818181818182,31.363636363636363,0,0,JioMart,Fruits & Vegetables
CUST2382,11,421.1818181818182,4.454545454545454,25.454545454545453,0,0,Swiggy Instamart,Dairy
CUST4969,11,454.1818181818182,3.4545454545454546,30.545454545454547,0,0,Swiggy Instamart,Beverages
CUST1295,11,483.90909090909093,3.4545454545454546,32.18181818181818,0,0,Swiggy Instamart,Beverages
CUST7403,11,537.4545454545455,3.090909090909091,25.818181818181817,0,1,Blinkit,Dairy
CUST4549,11,694.9090909090909,3.8181818181818183,31.181818181818183,0,0,Swiggy Instamart,Beverages
CUST1564,11,785.4545454545455,4.0,30.636363636363637,0,0,JioMart,Personal Care
CUST5716,11,752.5454545454545,3.4545454545454546,25.0,0,0,JioMart,Personal Care
CUST8211,11,869.0909090909091,2.5454545454545454,29.818181818181817,0,1,Blinkit,Personal Care
CUST6782,11,597.7272727272727,3.3636363636363638,32.63636363636363,0,0,Blinkit,Fruits & Vegetables
CUST5267,11,808.6363636363636,3.272727272727273,28.636363636363637,0,1,JioMart,Grocery
CUST5780,11,354.27272727272725,3.6363636363636362,30.181818181818183,0,0,Blinkit,Fruits & Vegetables
CUST2610,11,590.6363636363636,2.3636363636363638,24.636363636363637,0,1,Blinkit,Beverages
CUST3652,11,502.6363636363636,3.4545454545454546,32.72727272727273,0,0,Blinkit,Dairy
CUST8927,11,533.5454545454545,4.2727272727272725,25.0,0,0,JioMart,Beverages
CUST3043,11,724.6363636363636,3.1818181818181817,28.454545454545453,0,0,Swiggy Instamart,Personal Care
CUST4664,11,489.3636363636364,3.090909090909091,32.36363636363637,0,0,Blinkit,Fruits & Vegetables
CUST9844,11,671.0909090909091,3.272727272727273,26.454545454545453,0,0,JioMart,Beverages
CUST8281,11,458.1818181818182,3.8181818181818183,28.636363636363637,0,0,JioMart,Beverages
CUST7435,11,835.9090909090909,3.090909090909091,26.0,0,1,Blinkit,Dairy
CUST5088,11,582.6363636363636,2.8181818181818183,31.454545454545453,0,1,JioMart,Fruits & Vegetables
CUST3662,11,715.0,3.4545454545454546,35.90909090909091,0,0,JioMart,Grocery
CUST6663,11,680.9090909090909,3.4545454545454546,28.272727272727273,0,0,Blinkit,Beverages
CUST9458,11,518.7272727272727,3.272727272727273,26.636363636363637,0,0,JioMart,Fruits & Vegetables
CUST9957,11,490.8181818181818,3.4545454545454546,29.454545454545453,0,0,JioMart,Beverages
CUST8725,11,332.09090909090907,3.272727272727273,26.0,0,0,JioMart,Beverages
CUST9912,11,645.0,3.909090909090909,28.363636363636363,0,0,JioMart,Grocery
CUST9834,11,541.2727272727273,3.8181818181818183,27.90909090909091,0,0,JioMart,Grocery
CUST8744,11,711.8181818181819,3.272727272727273,28.727272727272727,0,1,JioMart,Personal Care
CUST4981,11,480.6363636363636,3.090909090909091,27.545454545454547,0,1,Blinkit,Dairy
CUST2588,11,527.3636363636364,2.727272727272727,29.363636363636363,0,1,JioMart,Grocery
CUST9105,11,543.3636363636364,2.6363636363636362,33.27272727272727,0,1,Blinkit,Beverages
CUST9428,11,715.8181818181819,3.8181818181818183,28.90909090909091,0,0,Swiggy Instamart,Beverages
CUST1692,11,611.6363636363636,3.4545454545454546,26.363636363636363,0,0,JioMart,Snacks
CUST6565,11,435.8181818181818,4.454545454545454,31.0,0,0,Blinkit,Beverages
CUST7269,11,487.45454545454544,3.909090909090909,30.181818181818183,0,0,Swiggy Instamart,Snacks
CUST9884,11,571.0909090909091,3.4545454545454546,25.09090909090909,0,0,JioMart,Grocery
CUST3994,11,769.2727272727273,3.5454545454545454,28.181818181818183,0,0,Swiggy Instamart,Beverages
CUST5666,11,774.5454545454545,3.4545454545454546,26.454545454545453,0,0,Blinkit,Dairy
CUST1634,11,539.8181818181819,3.090909090909091,29.454545454545453,0,0,Swiggy Instamart,Fruits & Vegetables
CUST8541,11,532.7272727272727,2.909090909090909,34.54545454545455,0,1,Swiggy Instamart,Snacks
CUST1852,11,583.9090909090909,3.0,30.363636363636363,0,0,JioMart,Dairy
CUST8727,11,617.7272727272727,3.0,27.90909090909091,0,0,Blinkit,Fruits & Vegetables
CUST6280,11,537.0909090909091,3.1818181818181817,32.36363636363637,0,1,Blinkit,Dairy
CUST5022,11,712.0,3.272727272727273,33.36363636363637,0,0,JioMart,Fruits & Vegetables
CUST6023,11,523.5454545454545,3.6363636363636362,25.363636363636363,0,0,JioMart,Beverages
CUST8409,11,409.0,2.727272727272727,19.818181818181817,0,1,Swiggy Instamart,Dairy
CUST5253,11,398.27272727272725,2.272727272727273,25.545454545454547,0,1,Blinkit,Beverages
CUST9604,11,763.0,3.3636363636363638,27.454545454545453,0,0,Blinkit,Personal Care
CUST6570,11,609.4545454545455,4.0,30.90909090909091,0,0,Swiggy Instamart,Beverages
CUST1424,11,633.1818181818181,2.5454545454545454,24.636363636363637,0,1,Blinkit,Grocery
CUST3420,11,754.5454545454545,3.090909090909091,27.727272727272727,0,1,JioMart,Personal Care
CUST7120,11,672.1818181818181,3.1818181818181817,31.636363636363637,0,0,Blinkit,Beverages
CUST2655,11,529.9090909090909,2.4545454545454546,31.272727272727273,0,1,Blinkit,Dairy
CUST4594,11,451.54545454545456,2.727272727272727,29.181818181818183,0,1,Swiggy Instamart,Dairy
CUST6210,11,515.3636363636364,2.8181818181818183,30.363636363636363,0,1,Blinkit,Beverages
CUST1462,11,623.2727272727273,3.0,27.545454545454547,0,1,Blinkit,Dairy
CUST4665,11,610.3636363636364,3.0,32.63636363636363,0,1,Swiggy Instamart,Dairy
CUST7138,11,750.3636363636364,2.909090909090909,25.0,0,0,Blinkit,Grocery
CUST7613,11,466.90909090909093,2.8181818181818183,32.18181818181818,0,1,Blinkit,Dairy
CUST9838,11,991.1818181818181,3.8181818181818183,26.272727272727273,0,0,Blinkit,Dairy
CUST3202,11,614.0,3.727272727272727,26.09090909090909,0,0,Blinkit,Dairy
CUST8554,11,572.1818181818181,3.090909090909091,26.545454545454547,0,1,Swiggy Instamart,Beverages
CUST3923,11,464.27272727272725,3.272727272727273,27.0,0,0,Swiggy Instamart,Snacks
CUST3357,11,840.6363636363636,3.6363636363636362,36.90909090909091,0,0,Blinkit,Fruits & Vegetables
CUST8065,11,512.8181818181819,3.8181818181818183,30.272727272727273,0,0,JioMart,Beverages
CUST1571,11,427.3636363636364,3.1818181818181817,28.272727272727273,0,1,Blinkit,Snacks
CUST8970,11,609.2727272727273,3.272727272727273,27.90909090909091,0,0,Blinkit,Personal Care
CUST2105,11,647.2727272727273,2.909090909090909,28.272727272727273,0,1,Swiggy Instamart,Beverages
CUST2771,11,524.6363636363636,2.727272727272727,31.0,0,1,Blinkit,Beverages
CUST7267,11,707.9090909090909,3.1818181818181817,34.54545454545455,0,1,Blinkit,Dairy
CUST6935,11,628.0909090909091,2.8181818181818183,26.272727272727273,0,1,Blinkit,Personal Care
CUST1004,11,614.8181818181819,3.727272727272727,30.727272727272727,0,0,Blinkit,Dairy
CUST1530,11,699.5454545454545,3.6363636363636362,26.818181818181817,0,0,JioMart,Grocery
CUST7095,11,530.5454545454545,2.6363636363636362,33.81818181818182,0,1,Swiggy Instamart,Snacks
CUST7321,11,762.2727272727273,2.5454545454545454,29.818181818181817,0,1,Blinkit,Dairy
CUST8314,11,641.0909090909091,3.090909090909091,30.09090909090909,0,1,Swiggy Instamart,Snacks
CUST8550,11,641.3636363636364,3.3636363636363638,26.0,0,0,Blinkit,Fruits & Vegetables
CUST6578,11,774.1818181818181,3.3636363636363638,27.09090909090909,0,0,Blinkit,Beverages
CUST5084,11,796.8181818181819,4.181818181818182,32.90909090909091,0,0,Blinkit,Beverages
CUST4822,11,507.27272727272725,3.1818181818181817,24.454545454545453,0,0,Blinkit,Beverages
CUST4438,11,573.9090909090909,3.1818181818181817,29.818181818181817,0,1,JioMart,Beverages
CUST3719,11,420.6363636363636,2.727272727272727,30.90909090909091,0,1,Swiggy Instamart,Snacks
CUST4681,11,652.5454545454545,3.272727272727273,31.0,0,0,JioMart,Grocery
CUST1344,11,711.9090909090909,3.272727272727273,30.636363636363637,0,0,Swiggy Instamart,Beverages
CUST2104,11,638.5454545454545,3.090909090909091,28.545454545454547,0,1,Blinkit,Dairy
CUST4839,11,443.90909090909093,3.4545454545454546,27.272727272727273,0,0,Blinkit,Fruits & Vegetables
CUST9047,11,639.3636363636364,3.5454545454545454,24.545454545454547,0,0,Blinkit,Beverages
CUST8103,11,612.5454545454545,3.4545454545454546,34.45454545454545,0,0,Blinkit,Personal Care
CUST2819,11,486.8181818181818,3.1818181818181817,22.181818181818183,0,0,Swiggy Instamart,Snacks
CUST8175,11,606.0909090909091,3.272727272727273,29.727272727272727,0,0,Blinkit,Dairy
CUST9346,11,741.6363636363636,3.090909090909091,26.454545454545453,0,1,Swiggy Instamart,Beverages
CUST2558,11,602.7272727272727,2.6363636363636362,27.454545454545453,0,1,Blinkit,Fruits & Vegetables
CUST3554,11,619.9090909090909,3.1818181818181817,31.181818181818183,0,1,JioMart,Dairy
CUST8149,11,528.9090909090909,4.2727272727272725,29.0,0,0,Swiggy Instamart,Fruits & Vegetables
CUST4660,11,455.45454545454544,2.6363636363636362,30.181818181818183,0,1,Blinkit,Snacks
CUST7068,11,1033.1818181818182,3.272727272727273,32.18181818181818,0,1,Swiggy Instamart,Fruits & Vegetables
CUST4096,11,522.9090909090909,3.0,34.09090909090909,0,1,JioMart,Beverages
CUST7699,11,702.6363636363636,2.8181818181818183,31.0,0,1,Blinkit,Beverages
CUST2372,11,409.1818181818182,3.3636363636363638,30.818181818181817,0,0,JioMart,Beverages
CUST2994,11,754.0,2.4545454545454546,29.181818181818183,0,1,Blinkit,Beverages
CUST6181,11,402.09090909090907,3.0,26.181818181818183,0,1,Swiggy Instamart,Grocery
CUST7420,11,552.7272727272727,3.3636363636363638,28.90909090909091,0,0,JioMart,Beverages
CUST6365,11,875.7272727272727,3.5454545454545454,29.545454545454547,0,0,JioMart,Personal Care
CUST2834,11,779.8181818181819,3.4545454545454546,29.818181818181817,0,0,Blinkit,Beverages
CUST6463,11,757.8181818181819,3.3636363636363638,25.545454545454547,0,0,Swiggy Instamart,Grocery
CUST2485,11,603.0909090909091,2.909090909090909,33.18181818181818,0,1,JioMart,Beverages
CUST3976,11,686.5454545454545,2.6363636363636362,32.18181818181818,0,1,JioMart,Fruits & Vegetables
CUST8084,11,527.5454545454545,4.363636363636363,25.727272727272727,0,0,Swiggy Instamart,Beverages
CUST5241,11,513.0909090909091,3.3636363636363638,29.818181818181817,0,0,Blinkit,Snacks
CUST8509,11,699.2727272727273,2.5454545454545454,34.09090909090909,0,1,Blinkit,Beverages
CUST7680,11,602.1818181818181,3.090909090909091,34.0,0,1,JioMart,Fruits & Vegetables
CUST8030,11,541.7272727272727,3.8181818181818183,26.636363636363637,0,0,Blinkit,Fruits & Vegetables
CUST3955,11,927.9090909090909,4.363636363636363,30.818181818181817,0,0,Blinkit,Personal Care
CUST8972,11,704.6363636363636,3.4545454545454546,27.272727272727273,0,0,Blinkit,Grocery
CUST3641,11,632.5454545454545,3.6363636363636362,27.636363636363637,0,0,JioMart,Dairy
CUST5644,11,384.0,3.090909090909091,26.545454545454547,0,1,Swiggy Instamart,Grocery
CUST2620,11,745.4545454545455,3.3636363636363638,27.636363636363637,0,0,Swiggy Instamart,Fruits & Vegetables
CUST2929,11,622.9090909090909,3.090909090909091,26.636363636363637,0,1,Swiggy Instamart,Beverages
CUST6882,11,593.2727272727273,3.8181818181818183,24.09090909090909,0,0,Blinkit,Dairy
CUST4583,11,696.5454545454545,3.4545454545454546,29.545454545454547,0,0,Swiggy Instamart,Beverages
CUST4214,11,593.9090909090909,3.272727272727273,27.90909090909091,0,0,Swiggy Instamart,Grocery
CUST6404,11,587.2727272727273,4.545454545454546,25.272727272727273,0,0,Blinkit,Fruits & Vegetables
CUST7062,11,600.8181818181819,3.3636363636363638,26.818181818181817,0,0,Blinkit,Beverages
CUST2391,11,708.9090909090909,3.6363636363636362,31.272727272727273,0,0,JioMart,Personal Care
CUST7315,11,732.5454545454545,2.909090909090909,30.90909090909091,0,1,Swiggy Instamart,Dairy
CUST8844,11,610.0909090909091,4.0,27.545454545454547,0,0,Blinkit,Beverages
CUST2199,11,585.4545454545455,3.5454545454545454,26.0,0,0,Swiggy Instamart,Fruits & Vegetables
CUST7323,11,746.1818181818181,3.6363636363636362,31.363636363636363,0,0,Blinkit,Grocery
CUST2634,11,520.3636363636364,2.5454545454545454,31.0,0,1,Swiggy Instamart,Snacks
CUST6405,11,426.54545454545456,3.0,26.90909090909091,0,0,JioMart,Dairy
CUST7487,11,719.6363636363636,2.727272727272727,31.09090909090909,0,1,JioMart,Dairy
CUST6837,11,724.5454545454545,3.3636363636363638,31.0,0,0,Blinkit,Personal Care
CUST2842,11,655.8181818181819,2.8181818181818183,30.727272727272727,0,0,JioMart,Dairy
CUST3919,11,484.90909090909093,3.272727272727273,30.818181818181817,0,0,Swiggy Instamart,Grocery
CUST2151,11,426.90909090909093,3.0,24.636363636363637,0,1,JioMart,Dairy
CUST8090,11,454.6363636363636,3.1818181818181817,25.363636363636363,0,0,Blinkit,Fruits & Vegetables
CUST7586,11,623.9090909090909,2.3636363636363638,24.818181818181817,0,1,Swiggy Instamart,Beverages
CUST6268,11,606.1818181818181,3.6363636363636362,29.363636363636363,0,0,JioMart,Grocery
CUST2509,11,654.1818181818181,2.909090909090909,26.0,0,1,Swiggy Instamart,Dairy
CUST1091,11,604.8181818181819,3.909090909090909,28.727272727272727,0,0,Swiggy Instamart,Beverages
CUST1746,11,556.2727272727273,2.3636363636363638,29.818181818181817,0,1,Blinkit,Dairy
CUST7060,11,296.45454545454544,2.6363636363636362,28.454545454545453,0,1,Blinkit,Fruits & Vegetables
CUST5323,11,675.5454545454545,3.4545454545454546,28.09090909090909,0,0,JioMart,Dairy
CUST8898,11,472.8181818181818,3.0,29.363636363636363,0,1,Swiggy Instamart,Dairy
CUST4905,11,380.09090909090907,2.8181818181818183,26.727272727272727,0,1,JioMart,Snacks
CUST7072,11,527.8181818181819,3.090909090909091,32.63636363636363,0,1,Swiggy Instamart,Snacks
CUST5755,11,453.27272727272725,3.0,29.09090909090909,0,0,Swiggy Instamart,Dairy
CUST8935,11,521.4545454545455,2.909090909090909,33.0,0,1,Blinkit,Fruits & Vegetables
CUST6564,11,767.9090909090909,3.272727272727273,30.454545454545453,0,0,JioMart,Grocery
CUST2950,11,516.4545454545455,2.8181818181818183,29.363636363636363,0,1,Blinkit,Fruits & Vegetables
CUST5539,11,503.54545454545456,2.8181818181818183,28.727272727272727,0,1,Blinkit,Snacks
CUST4377,11,672.3636363636364,3.272727272727273,28.0,0,0,Blinkit,Dairy
CUST7938,11,496.45454545454544,3.272727272727273,30.363636363636363,0,0,Blinkit,Snacks
CUST5798,11,520.0,3.272727272727273,30.272727272727273,0,0,Blinkit,Dairy
CUST1419,11,614.5454545454545,3.4545454545454546,32.36363636363637,0,0,Blinkit,Snacks
CUST4929,11,402.3636363636364,3.0,33.09090909090909,0,0,Blinkit,Dairy
CUST5774,11,653.9090909090909,2.4545454545454546,32.27272727272727,0,1,JioMart,Dairy
CUST2567,11,590.0909090909091,3.4545454545454546,32.54545454545455,0,0,JioMart,Snacks
CUST6503,11,615.5454545454545,3.8181818181818183,26.09090909090909,0,0,JioMart,Beverages
CUST3866,11,1014.0909090909091,3.4545454545454546,29.818181818181817,0,0,JioMart,Dairy
CUST5725,11,871.2727272727273,3.6363636363636362,27.90909090909091,0,0,JioMart,Grocery
CUST1670,11,566.1818181818181,3.727272727272727,29.272727272727273,0,0,JioMart,Fruits & Vegetables
CUST6010,11,857.7272727272727,3.727272727272727,24.545454545454547,0,0,JioMart,Personal Care
CUST5014,11,487.1818181818182,3.6363636363636362,30.09090909090909,0,0,JioMart,Fruits & Vegetables
CUST2549,11,540.4545454545455,3.4545454545454546,27.272727272727273,0,0,Blinkit,Personal Care
CUST6130,11,648.0,3.727272727272727,23.09090909090909,0,0,Blinkit,Snacks
CUST2606,11,655.0,3.5454545454545454,31.636363636363637,0,0,Blinkit,Grocery
CUST3550,11,566.6363636363636,2.5454545454545454,24.272727272727273,0,1,JioMart,Snacks
CUST3351,11,613.2727272727273,3.0,35.36363636363637,0,1,Swiggy Instamart,Grocery
CUST1222,11,665.8181818181819,3.1818181818181817,26.363636363636363,0,1,Blinkit,Dairy
CUST3336,11,620.0,3.272727272727273,29.09090909090909,0,0,Blinkit,Beverages
CUST7286,11,533.0909090909091,3.1818181818181817,31.90909090909091,0,0,Swiggy Instamart,Dairy
CUST6921,11,461.1818181818182,3.0,30.0,0,1,Blinkit,Snacks
CUST7925,11,547.0,3.909090909090909,26.727272727272727,0,0,JioMart,Fruits & Vegetables
CUST8734,11,483.3636363636364,4.2727272727272725,34.09090909090909,0,0,JioMart,Dairy
CUST7875,11,490.3636363636364,2.5454545454545454,29.636363636363637,0,1,Swiggy Instamart,Dairy
CUST5980,11,312.09090909090907,2.4545454545454546,27.0,0,1,Swiggy Instamart,Snacks
CUST9555,11,299.54545454545456,3.727272727272727,29.09090909090909,0,0,JioMart,Dairy
CUST8393,11,450.27272727272725,3.272727272727273,23.90909090909091,0,0,Blinkit,Fruits & Vegetables
CUST2146,11,608.9090909090909,4.0,27.181818181818183,0,0,Swiggy Instamart,Dairy
CUST2628,11,452.0,3.8181818181818183,29.545454545454547,0,0,Swiggy Instamart,Dairy
CUST9620,11,490.45454545454544,3.3636363636363638,23.0,0,0,Blinkit,Dairy
CUST1662,11,664.6363636363636,3.727272727272727,33.63636363636363,0,0,JioMart,Grocery
CUST3367,11,636.9090909090909,3.090909090909091,34.27272727272727,0,0,JioMart,Personal Care
CUST9309,11,791.1818181818181,3.727272727272727,35.72727272727273,0,0,JioMart,Grocery
CUST9918,11,784.1818181818181,3.5454545454545454,35.09090909090909,0,0,Blinkit,Fruits & Vegetables
CUST7311,11,558.1818181818181,3.6363636363636362,30.181818181818183,0,0,Blinkit,Fruits & Vegetables
CUST7799,11,595.7272727272727,2.909090909090909,31.454545454545453,0,1,Swiggy Instamart,Beverages
CUST4671,11,456.6363636363636,2.4545454545454546,28.818181818181817,0,1,Swiggy Instamart,Dairy
CUST8968,11,509.54545454545456,3.727272727272727,19.545454545454547,0,0,Blinkit,Beverages
CUST9313,11,496.3636363636364,3.3636363636363638,28.181818181818183,0,0,Swiggy Instamart,Dairy
CUST5337,11,514.2727272727273,3.5454545454545454,29.454545454545453,0,0,JioMart,Beverages
CUST1942,11,424.0,2.909090909090909,30.545454545454547,0,1,Blinkit,Snacks
CUST7587,11,719.6363636363636,2.909090909090909,35.90909090909091,0,1,Swiggy Instamart,Dairy
CUST9668,11,588.4545454545455,3.1818181818181817,31.90909090909091,0,0,JioMart,Grocery
CUST7654,11,496.45454545454544,3.727272727272727,28.454545454545453,0,0,Blinkit,Fruits & Vegetables
CUST6814,11,356.54545454545456,2.727272727272727,32.18181818181818,0,1,Blinkit,Snacks
CUST1117,11,464.1818181818182,4.090909090909091,29.0,0,0,Blinkit,Fruits & Vegetables
CUST9424,11,695.6363636363636,3.6363636363636362,22.818181818181817,0,0,Blinkit,Beverages
CUST3014,11,479.54545454545456,2.727272727272727,26.90909090909091,0,1,Blinkit,Dairy
CUST4798,11,628.7272727272727,3.4545454545454546,30.363636363636363,0,0,Swiggy Instamart,Beverages
CUST2321,11,443.3636363636364,3.090909090909091,27.181818181818183,0,1,JioMart,Beverages
CUST3060,11,511.27272727272725,3.1818181818181817,32.18181818181818,0,0,Blinkit,Personal Care
CUST3705,11,820.0909090909091,2.5454545454545454,30.09090909090909,0,1,JioMart,Personal Care
CUST3257,11,529.1818181818181,2.727272727272727,33.54545454545455,0,1,JioMart,Personal Care
CUST6033,11,643.9090909090909,3.6363636363636362,31.363636363636363,0,0,Swiggy Instamart,Dairy
CUST1203,11,608.8181818181819,4.0,34.0,0,0,JioMart,Dairy
CUST4916,11,511.90909090909093,3.090909090909091,31.90909090909091,0,0,Swiggy Instamart,Dairy
CUST1260,11,712.8181818181819,3.4545454545454546,26.272727272727273,0,0,Blinkit,Grocery
CUST8513,11,624.0909090909091,3.5454545454545454,26.545454545454547,0,0,Blinkit,Dairy
CUST1982,11,527.9090909090909,2.727272727272727,29.454545454545453,0,1,Blinkit,Personal Care
CUST7929,11,456.1818181818182,2.8181818181818183,29.545454545454547,0,1,JioMart,Fruits & Vegetables
CUST2643,11,737.6363636363636,3.6363636363636362,23.818181818181817,0,0,Blinkit,Personal Care
CUST8863,11,658.5454545454545,3.6363636363636362,28.09090909090909,0,0,Swiggy Instamart,Fruits & Vegetables
CUST3924,11,654.5454545454545,3.5454545454545454,28.727272727272727,0,0,Blinkit,Beverages
CUST6274,11,543.9090909090909,3.6363636363636362,31.272727272727273,0,0,Swiggy Instamart,Beverages
CUST4668,11,498.54545454545456,3.6363636363636362,36.0,0,0,Blinkit,Dairy
CUST4440,11,379.72727272727275,3.8181818181818183,29.09090909090909,0,0,Blinkit,Beverages
CUST9758,11,470.45454545454544,4.0,32.81818181818182,0,0,Swiggy Instamart,Fruits & Vegetables
CUST6317,11,510.8181818181818,3.090909090909091,26.454545454545453,0,0,Swiggy Instamart,Dairy
CUST9999,11,676.7272727272727,2.3636363636363638,31.181818181818183,0,1,Blinkit,Beverages
CUST5326,11,469.72727272727275,3.272727272727273,28.636363636363637,0,0,JioMart,Grocery
CUST8145,11,514.8181818181819,3.1818181818181817,30.363636363636363,0,0,Blinkit,Fruits & Vegetables
CUST3965,11,507.45454545454544,4.0,31.636363636363637,0,0,Blinkit,Snacks
CUST7789,11,617.5454545454545,2.4545454545454546,31.363636363636363,0,1,Swiggy Instamart,Fruits & Vegetables
CUST1842,11,267.45454545454544,3.4545454545454546,30.545454545454547,0,0,Blinkit,Fruits & Vegetables
CUST8114,11,647.8181818181819,2.909090909090909,33.90909090909091,0,1,Swiggy Instamart,Dairy
CUST8852,11,428.90909090909093,3.8181818181818183,30.363636363636363,0,0,Blinkit,Snacks
CUST2826,11,686.3636363636364,3.8181818181818183,28.727272727272727,0,0,Blinkit,Personal Care
CUST1669,11,432.90909090909093,3.090909090909091,29.363636363636363,0,1,Swiggy Instamart,Fruits & Vegetables
CUST1600,11,413.1818181818182,3.4545454545454546,29.272727272727273,0,0,JioMart,Dairy
CUST9904,11,634.0909090909091,3.5454545454545454,25.818181818181817,0,0,Swiggy Instamart,Personal Care
CUST7430,11,471.54545454545456,3.0,27.636363636363637,0,1,Blinkit,Fruits & Vegetables
CUST8383,11,552.9090909090909,3.909090909090909,27.272727272727273,0,0,Blinkit,Grocery
CUST3312,11,634.7272727272727,3.5454545454545454,27.636363636363637,0,0,Blinkit,Fruits & Vegetables
CUST2077,11,455.90909090909093,3.0,24.727272727272727,0,1,Blinkit,Fruits & Vegetables
CUST8842,11,508.90909090909093,2.3636363636363638,32.90909090909091,0,1,Blinkit,Fruits & Vegetables
CUST4801,11,592.6363636363636,2.6363636363636362,23.636363636363637,0,1,Blinkit,Dairy
CUST3383,11,645.9090909090909,2.5454545454545454,30.0,0,1,Blinkit,Personal Care
CUST5785,11,732.0909090909091,3.0,24.454545454545453,0,1,Swiggy Instamart,Beverages
CUST9369,11,508.09090909090907,3.6363636363636362,29.90909090909091,0,0,Blinkit,Beverages
CUST8800,11,342.27272727272725,2.4545454545454546,28.90909090909091,0,1,JioMart,Fruits & Vegetables
CUST8675,11,653.0909090909091,1.6363636363636365,30.272727272727273,0,1,Blinkit,Fruits & Vegetables
CUST9089,11,497.6363636363636,3.6363636363636362,31.818181818181817,0,0,JioMart,Dairy
CUST7517,11,699.0,3.0,24.727272727272727,0,1,JioMart,Beverages
CUST5099,11,560.3636363636364,3.090909090909091,30.818181818181817,0,1,JioMart,Dairy
CUST5107,11,565.6363636363636,3.3636363636363638,27.0,0,0,Blinkit,Dairy
CUST5992,11,495.27272727272725,3.909090909090909,34.63636363636363,0,0,Blinkit,Snacks
CUST4140,11,663.8181818181819,3.3636363636363638,18.90909090909091,0,0,JioMart,Fruits & Vegetables
CUST8876,11,430.90909090909093,3.090909090909091,24.636363636363637,0,0,JioMart,Beverages
CUST7558,11,483.3636363636364,2.727272727272727,31.09090909090909,0,1,JioMart,Dairy
CUST3751,11,862.0,3.272727272727273,33.18181818181818,0,0,JioMart,Personal Care
CUST3050,11,486.90909090909093,3.1818181818181817,28.818181818181817,0,0,JioMart,Personal Care
CUST8900,11,716.7272727272727,2.5454545454545454,35.09090909090909,0,1,JioMart,Grocery
CUST7132,11,551.0909090909091,3.090909090909091,28.0,0,1,JioMart,Fruits & Vegetables
CUST8770,11,582.5454545454545,3.272727272727273,25.636363636363637,0,0,Swiggy Instamart,Grocery
CUST2140,11,625.0,3.8181818181818183,28.272727272727273,0,0,JioMart,Beverages
CUST4393,11,477.0,3.0,26.818181818181817,0,1,JioMart,Snacks
CUST9005,11,556.6363636363636,4.181818181818182,35.0,0,0,JioMart,Beverages
CUST8569,11,614.8181818181819,2.3636363636363638,28.818181818181817,0,1,Swiggy Instamart,Personal Care
CUST5575,11,592.5454545454545,3.6363636363636362,29.545454545454547,0,0,Swiggy Instamart,Beverages
CUST1891,11,583.2727272727273,3.4545454545454546,28.727272727272727,0,0,Swiggy Instamart,Snacks
CUST9121,11,605.5454545454545,2.5454545454545454,26.09090909090909,0,1,Blinkit,Dairy
CUST7578,11,685.1818181818181,3.4545454545454546,26.636363636363637,0,0,Blinkit,Personal Care
CUST5391,11,658.2727272727273,4.0,30.545454545454547,0,0,Swiggy Instamart,Grocery
CUST4986,11,543.4545454545455,2.6363636363636362,31.272727272727273,0,1,Swiggy Instamart,Beverages
CUST3966,11,483.45454545454544,3.1818181818181817,30.09090909090909,0,0,JioMart,Beverages
CUST8708,11,522.5454545454545,3.090909090909091,27.636363636363637,0,1,Blinkit,Beverages
CUST7541,11,655.8181818181819,3.090909090909091,29.0,0,1,JioMart,Beverages
CUST6536,11,636.4545454545455,3.4545454545454546,26.454545454545453,0,0,JioMart,Dairy
CUST7733,11,384.45454545454544,3.727272727272727,32.0,0,0,JioMart,Snacks
CUST9503,11,478.54545454545456,3.1818181818181817,34.72727272727273,0,0,JioMart,Dairy
CUST1283,11,394.09090909090907,3.272727272727273,35.0,0,1,Blinkit,Fruits & Vegetables
CUST5446,11,517.2727272727273,2.8181818181818183,28.90909090909091,0,1,JioMart,Beverages
CUST1708,11,716.0,3.8181818181818183,29.90909090909091,0,0,Swiggy Instamart,Grocery
CUST8784,11,667.2727272727273,2.909090909090909,27.272727272727273,0,1,JioMart,Fruits & Vegetables
CUST3561,11,426.0,3.727272727272727,26.181818181818183,0,0,JioMart,Snacks
CUST3360,11,538.0,3.272727272727273,28.272727272727273,0,0,Blinkit,Fruits & Vegetables
CUST5748,11,760.4545454545455,2.6363636363636362,29.0,0,1,Swiggy Instamart,Dairy
CUST7691,11,443.3636363636364,2.6363636363636362,28.181818181818183,0,1,Swiggy Instamart,Dairy
CUST7592,11,474.90909090909093,2.909090909090909,27.727272727272727,0,1,JioMart,Beverages
CUST1400,11,514.2727272727273,3.3636363636363638,28.363636363636363,0,0,Blinkit,Beverages
CUST4073,11,482.8181818181818,2.4545454545454546,28.818181818181817,0,1,Blinkit,Personal Care
CUST4408,11,695.8181818181819,2.909090909090909,28.90909090909091,0,1,Blinkit,Dairy
CUST9234,11,495.1818181818182,3.727272727272727,32.90909090909091,0,0,Blinkit,Fruits & Vegetables
CUST9215,11,545.9090909090909,3.3636363636363638,34.45454545454545,0,0,Swiggy Instamart,Fruits & Vegetables
CUST6407,11,731.0909090909091,2.3636363636363638,35.36363636363637,0,1,Swiggy Instamart,Grocery
CUST8507,11,650.5454545454545,2.8181818181818183,30.818181818181817,0,1,Blinkit,Dairy
CUST7295,11,856.1818181818181,2.727272727272727,27.636363636363637,0,1,Blinkit,Personal Care
CUST8703,11,495.90909090909093,3.6363636363636362,27.545454545454547,0,0,Swiggy Instamart,Beverages
CUST9730,11,458.09090909090907,2.8181818181818183,34.18181818181818,0,1,JioMart,Grocery
CUST1371,11,583.7272727272727,3.4545454545454546,29.181818181818183,0,0,Swiggy Instamart,Fruits & Vegetables
CUST9870,11,458.54545454545456,3.4545454545454546,28.09090909090909,0,0,JioMart,Beverages
CUST1361,11,442.3636363636364,3.6363636363636362,32.45454545454545,0,0,JioMart,Fruits & Vegetables
CUST3331,11,705.9090909090909,2.6363636363636362,25.181818181818183,0,1,Blinkit,Fruits & Vegetables
CUST9419,11,320.72727272727275,3.0,28.454545454545453,0,1,Blinkit,Snacks
CUST2072,11,747.2727272727273,3.3636363636363638,29.727272727272727,0,0,JioMart,Beverages
CUST2154,11,697.0909090909091,3.4545454545454546,32.81818181818182,0,0,JioMart,Personal Care
CUST7357,11,527.5454545454545,3.0,31.181818181818183,0,1,JioMart,Dairy
CUST5388,11,547.1818181818181,4.181818181818182,30.0,0,0,Blinkit,Fruits & Vegetables
CUST4149,11,638.8181818181819,2.6363636363636362,32.27272727272727,0,1,Blinkit,Beverages
CUST7408,11,514.6363636363636,4.181818181818182,28.818181818181817,0,0,JioMart,Beverages
CUST1402,11,492.90909090909093,4.0,31.727272727272727,0,0,Blinkit,Dairy
CUST1221,11,682.5454545454545,3.1818181818181817,33.72727272727273,0,0,JioMart,Personal Care
CUST4727,11,838.4545454545455,4.0,28.272727272727273,0,0,JioMart,Personal Care
CUST7625,11,522.0,3.272727272727273,30.0,0,0,Blinkit,Fruits & Vegetables
CUST1794,11,533.0909090909091,3.090909090909091,25.0,0,1,JioMart,Grocery
CUST6899,11,585.4545454545455,3.272727272727273,31.545454545454547,0,0,JioMart,Beverages
CUST8645,11,703.6363636363636,2.6363636363636362,29.181818181818183,0,1,Swiggy Instamart,Dairy
CUST2738,11,645.9090909090909,2.5454545454545454,33.09090909090909,0,1,JioMart,Dairy
CUST7782,11,338.45454545454544,3.6363636363636362,34.63636363636363,0,0,JioMart,Snacks
CUST3704,11,593.8181818181819,2.909090909090909,27.818181818181817,0,1,JioMart,Dairy
CUST8564,11,501.1818181818182,2.6363636363636362,30.90909090909091,0,1,Blinkit,Grocery
CUST6529,11,633.9090909090909,3.909090909090909,33.72727272727273,0,0,JioMart,Dairy
CUST2471,11,654.6363636363636,3.0,26.818181818181817,0,1,Blinkit,Fruits & Vegetables
CUST5169,11,667.6363636363636,3.0,36.36363636363637,0,1,JioMart,Personal Care
CUST2196,11,782.6363636363636,2.909090909090909,32.54545454545455,0,1,Blinkit,Grocery
CUST7941,11,475.1818181818182,3.090909090909091,29.727272727272727,0,0,Blinkit,Beverages
CUST9866,11,472.09090909090907,4.181818181818182,31.90909090909091,0,0,Blinkit,Snacks
CUST8169,11,665.0,2.909090909090909,30.636363636363637,0,1,JioMart,Personal Care
CUST5505,11,713.9090909090909,3.1818181818181817,30.0,0,0,JioMart,Beverages
CUST8249,11,640.0,3.3636363636363638,30.727272727272727,0,0,Swiggy Instamart,Beverages
CUST9746,11,423.3636363636364,3.4545454545454546,28.636363636363637,0,0,Blinkit,Beverages
CUST3616,11,570.0909090909091,3.8181818181818183,35.18181818181818,0,0,Blinkit,Dairy
CUST6364,11,390.54545454545456,3.272727272727273,30.181818181818183,0,0,Swiggy Instamart,Snacks
CUST5417,11,497.72727272727275,2.8181818181818183,32.54545454545455,0,1,Blinkit,Fruits & Vegetables
CUST6472,11,371.8181818181818,3.1818181818181817,29.90909090909091,0,0,Blinkit,Snacks
CUST3663,11,540.5454545454545,3.4545454545454546,35.81818181818182,0,0,Blinkit,Dairy
CUST2323,11,555.4545454545455,3.5454545454545454,27.727272727272727,0,0,Swiggy Instamart,Beverages
CUST3430,11,533.5454545454545,2.8181818181818183,27.636363636363637,0,1,Swiggy Instamart,Fruits & Vegetables
CUST1858,11,446.09090909090907,3.272727272727273,27.545454545454547,0,0,Swiggy Instamart,Dairy
CUST2041,11,378.90909090909093,3.727272727272727,27.636363636363637,0,0,Swiggy Instamart,Fruits & Vegetables
CUST8344,11,478.3636363636364,2.909090909090909,30.454545454545453,0,1,Swiggy Instamart,Fruits & Vegetables
CUST8398,11,660.7272727272727,2.8181818181818183,25.818181818181817,0,1,Blinkit,Dairy
CUST8536,11,461.54545454545456,3.4545454545454546,26.363636363636363,0,0,JioMart,Fruits & Vegetables
CUST1765,11,721.3636363636364,2.5454545454545454,26.272727272727273,0,1,Blinkit,Dairy
CUST3556,11,680.1818181818181,3.727272727272727,28.545454545454547,0,0,JioMart,Fruits & Vegetables
CUST2515,11,525.1818181818181,2.8181818181818183,29.636363636363637,0,1,Blinkit,Snacks
CUST4946,11,785.0,3.1818181818181817,29.454545454545453,0,1,JioMart,Personal Care
CUST4231,11,537.7272727272727,4.636363636363637,27.90909090909091,0,0,JioMart,Dairy
CUST7950,11,583.1818181818181,2.3636363636363638,31.363636363636363,0,1,Swiggy Instamart,Beverages
CUST8609,11,609.0,3.4545454545454546,30.545454545454547,0,0,JioMart,Dairy
CUST5609,11,695.4545454545455,3.4545454545454546,32.0,0,0,Swiggy Instamart,Beverages
CUST4459,11,846.2727272727273,3.272727272727273,29.0,0,0,Blinkit,Grocery
CUST5800,11,558.6363636363636,2.090909090909091,28.181818181818183,0,1,Blinkit,Beverages
CUST7462,11,506.0,2.909090909090909,30.454545454545453,0,1,JioMart,Grocery
CUST4047,11,970.6363636363636,3.5454545454545454,31.0,0,0,JioMart,Grocery
CUST5917,11,773.9090909090909,3.6363636363636362,28.09090909090909,0,0,Swiggy Instamart,Grocery
CUST6795,11,492.0,4.181818181818182,30.0,0,0,Blinkit,Snacks
CUST7751,11,484.27272727272725,2.727272727272727,24.818181818181817,0,1,JioMart,Grocery
CUST5497,11,518.5454545454545,2.727272727272727,27.09090909090909,0,1,JioMart,Beverages
CUST8520,11,614.1818181818181,2.3636363636363638,31.727272727272727,0,1,Swiggy Instamart,Grocery
CUST9486,11,488.8181818181818,3.4545454545454546,34.72727272727273,0,0,JioMart,Dairy
CUST9525,11,913.8181818181819,2.6363636363636362,29.545454545454547,0,1,Swiggy Instamart,Personal Care
CUST9361,11,681.8181818181819,3.6363636363636362,35.54545454545455,0,0,Blinkit,Beverages
CUST7906,11,780.2727272727273,3.727272727272727,31.272727272727273,0,0,Swiggy Instamart,Beverages
CUST9962,11,616.3636363636364,3.0,26.818181818181817,0,0,Swiggy Instamart,Dairy
CUST4848,11,621.0909090909091,3.8181818181818183,29.272727272727273,0,0,Blinkit,Beverages
CUST3993,11,668.2727272727273,3.3636363636363638,29.454545454545453,0,0,Blinkit,Personal Care
CUST8829,11,779.1818181818181,2.909090909090909,32.18181818181818,0,1,Blinkit,Dairy
CUST6740,11,839.3636363636364,3.0,26.636363636363637,0,1,Swiggy Instamart,Beverages
CUST7853,11,849.1818181818181,2.909090909090909,28.818181818181817,0,1,JioMart,Personal Care
CUST6816,11,800.3636363636364,3.3636363636363638,31.181818181818183,0,0,Blinkit,Grocery
CUST7129,11,473.8181818181818,3.0,29.454545454545453,0,0,Swiggy Instamart,Beverages
CUST8742,11,626.3636363636364,2.909090909090909,32.27272727272727,0,0,JioMart,Snacks
CUST7834,11,538.1818181818181,3.3636363636363638,33.36363636363637,0,0,Blinkit,Fruits & Vegetables
CUST6403,11,699.1818181818181,3.090909090909091,24.818181818181817,0,1,JioMart,Dairy
CUST7561,11,542.2727272727273,3.272727272727273,30.0,0,0,Blinkit,Beverages
CUST5329,11,410.1818181818182,2.1818181818181817,28.181818181818183,0,1,Blinkit,Fruits & Vegetables
CUST4782,11,648.7272727272727,3.6363636363636362,28.181818181818183,0,0,Blinkit,Beverages
CUST5013,11,456.45454545454544,2.4545454545454546,29.818181818181817,0,1,Blinkit,Dairy
CUST2946,11,732.6363636363636,2.6363636363636362,33.0,0,1,Swiggy Instamart,Snacks
CUST9148,11,581.6363636363636,3.4545454545454546,24.818181818181817,0,0,Swiggy Instamart,Grocery
CUST6781,11,516.1818181818181,3.5454545454545454,26.09090909090909,0,0,Blinkit,Beverages
CUST2494,11,654.0,3.6363636363636362,27.09090909090909,0,0,Blinkit,Grocery
CUST8700,11,316.0,3.3636363636363638,26.0,0,0,Swiggy Instamart,Grocery
CUST5313,11,569.9090909090909,2.8181818181818183,25.181818181818183,0,1,Blinkit,Grocery
CUST2009,11,556.0,4.0,25.818181818181817,0,0,Blinkit,Fruits & Vegetables
CUST7635,11,452.45454545454544,3.0,26.09090909090909,0,1,Blinkit,Fruits & Vegetables
CUST9226,11,642.3636363636364,3.909090909090909,25.454545454545453,0,0,JioMart,Beverages
CUST4823,11,625.8181818181819,3.272727272727273,28.636363636363637,0,0,Swiggy Instamart,Snacks
CUST1150,11,580.3636363636364,3.1818181818181817,29.363636363636363,0,1,JioMart,Dairy
CUST9107,11,615.7272727272727,3.4545454545454546,26.727272727272727,0,0,JioMart,Dairy
CUST1798,11,704.6363636363636,2.727272727272727,26.818181818181817,0,1,Blinkit,Fruits & Vegetables
CUST4175,11,552.8181818181819,3.5454545454545454,29.09090909090909,0,0,JioMart,Beverages
CUST8668,11,392.6363636363636,3.5454545454545454,30.454545454545453,0,0,Swiggy Instamart,Beverages
CUST6947,11,570.0909090909091,2.4545454545454546,28.818181818181817,0,1,Blinkit,Dairy
CUST6038,11,412.8181818181818,3.0,24.0,0,1,JioMart,Dairy
CUST5610,11,645.8181818181819,3.6363636363636362,28.363636363636363,0,0,JioMart,Beverages
CUST7111,11,664.0909090909091,3.1818181818181817,34.72727272727273,0,0,Swiggy Instamart,Beverages
CUST9326,11,556.9090909090909,3.5454545454545454,31.272727272727273,0,0,JioMart,Dairy
CUST2062,11,609.0909090909091,3.4545454545454546,27.09090909090909,0,0,Blinkit,Grocery
CUST8762,11,440.0,3.0,28.181818181818183,0,1,Blinkit,Snacks
CUST6376,11,402.6363636363636,3.5454545454545454,29.0,0,0,Swiggy Instamart,Dairy
CUST2176,11,470.8181818181818,3.6363636363636362,24.636363636363637,0,0,Swiggy Instamart,Dairy
CUST1397,11,865.3636363636364,2.909090909090909,27.90909090909091,0,1,JioMart,Dairy
CUST2576,11,657.6363636363636,3.272727272727273,30.0,0,0,Swiggy Instamart,Fruits & Vegetables
CUST8148,11,630.6363636363636,2.8181818181818183,30.09090909090909,0,1,Blinkit,Beverages
CUST1539,11,648.9090909090909,3.272727272727273,30.363636363636363,0,0,JioMart,Personal Care
CUST8054,11,466.3636363636364,3.090909090909091,31.90909090909091,0,0,Swiggy Instamart,Fruits & Vegetables
CUST9591,11,638.0909090909091,3.090909090909091,32.18181818181818,0,1,JioMart,Grocery
CUST7112,11,664.9090909090909,3.727272727272727,29.272727272727273,0,0,Swiggy Instamart,Dairy
CUST7652,11,733.8181818181819,2.909090909090909,26.90909090909091,0,1,Blinkit,Personal Care
CUST9581,11,351.45454545454544,2.8181818181818183,34.36363636363637,0,1,JioMart,Fruits & Vegetables
CUST5491,11,720.3636363636364,2.8181818181818183,26.363636363636363,0,1,Blinkit,Dairy
CUST9344,11,504.1818181818182,2.6363636363636362,26.363636363636363,0,1,Blinkit,Fruits & Vegetables
CUST9806,11,389.54545454545456,2.5454545454545454,31.90909090909091,0,1,Blinkit,Snacks
CUST6970,11,535.0,3.727272727272727,29.09090909090909,0,0,JioMart,Dairy
CUST5819,11,825.2727272727273,2.909090909090909,30.454545454545453,0,1,JioMart,Grocery
CUST4560,11,526.3636363636364,2.909090909090909,29.636363636363637,0,0,Blinkit,Snacks
CUST3217,11,710.7272727272727,2.909090909090909,32.72727272727273,0,1,Swiggy Instamart,Snacks
CUST2909,11,616.0,3.909090909090909,26.727272727272727,0,0,Blinkit,Personal Care
CUST3129,11,606.9090909090909,3.8181818181818183,34.09090909090909,0,0,Swiggy Instamart,Fruits & Vegetables
CUST3858,11,620.1818181818181,3.090909090909091,29.09090909090909,0,0,Blinkit,Personal Care
CUST6304,11,469.3636363636364,3.0,29.454545454545453,0,1,Blinkit,Fruits & Vegetables
CUST4061,11,778.7272727272727,3.727272727272727,24.818181818181817,0,0,Swiggy Instamart,Personal Care
CUST3133,11,762.0,3.4545454545454546,27.818181818181817,0,0,JioMart,Dairy
CUST4170,11,440.8181818181818,3.4545454545454546,25.181818181818183,0,0,Blinkit,Fruits & Vegetables
CUST3913,11,437.09090909090907,3.909090909090909,32.0,0,0,Blinkit,Fruits & Vegetables
CUST6771,11,501.6363636363636,3.1818181818181817,29.727272727272727,0,0,Swiggy Instamart,Snacks
CUST7920,11,587.5454545454545,3.5454545454545454,32.36363636363637,0,0,Swiggy Instamart,Beverages
CUST6350,11,487.1818181818182,3.090909090909091,25.90909090909091,0,1,JioMart,Fruits & Vegetables
CUST7219,11,530.1818181818181,3.6363636363636362,33.72727272727273,0,0,JioMart,Beverages
CUST8934,11,928.0,3.0,25.727272727272727,0,0,Blinkit,Personal Care
CUST4217,11,678.9090909090909,3.727272727272727,31.363636363636363,0,0,Swiggy Instamart,Grocery
CUST1168,11,604.6363636363636,3.727272727272727,30.181818181818183,0,0,Swiggy Instamart,Beverages
CUST4277,11,761.5454545454545,3.0,32.81818181818182,0,1,JioMart,Grocery
CUST5544,11,608.0909090909091,4.090909090909091,31.09090909090909,0,0,Swiggy Instamart,Fruits & Vegetables
CUST1366,11,574.7272727272727,3.272727272727273,35.72727272727273,0,0,Blinkit,Grocery
CUST9217,11,800.7272727272727,2.909090909090909,33.72727272727273,0,1,JioMart,Dairy
CUST1976,11,606.2727272727273,4.090909090909091,21.545454545454547,0,0,Swiggy Instamart,Personal Care
CUST7169,11,660.9090909090909,3.3636363636363638,28.181818181818183,0,0,Blinkit,Personal Care
CUST3194,11,660.0909090909091,3.0,29.90909090909091,0,1,Swiggy Instamart,Personal Care
CUST7329,11,538.3636363636364,2.727272727272727,30.0,0,1,JioMart,Dairy
CUST6427,11,641.3636363636364,3.6363636363636362,28.636363636363637,0,0,JioMart,Fruits & Vegetables
CUST3706,11,469.6363636363636,3.5454545454545454,25.0,0,0,Blinkit,Beverages
CUST5811,11,516.6363636363636,2.909090909090909,34.90909090909091,0,1,Swiggy Instamart,Dairy
CUST7021,11,545.9090909090909,2.909090909090909,30.181818181818183,0,1,JioMart,Fruits & Vegetables
CUST9193,11,476.27272727272725,3.0,30.636363636363637,0,1,Blinkit,Fruits & Vegetables
CUST1303,11,536.8181818181819,2.6363636363636362,28.181818181818183,0,1,Blinkit,Fruits & Vegetables
CUST6847,11,612.1818181818181,3.1818181818181817,29.0,0,0,Blinkit,Snacks
CUST7833,11,684.0909090909091,3.1818181818181817,25.0,0,0,Blinkit,Dairy
CUST3404,11,500.27272727272725,3.909090909090909,28.90909090909091,0,0,JioMart,Fruits & Vegetables
CUST1289,11,652.1818181818181,3.1818181818181817,28.363636363636363,0,1,Blinkit,Fruits & Vegetables
CUST8051,11,570.8181818181819,3.4545454545454546,35.54545454545455,0,0,Swiggy Instamart,Dairy
CUST7686,11,786.0,2.3636363636363638,25.09090909090909,0,1,Swiggy Instamart,Grocery
CUST8264,11,403.72727272727275,3.090909090909091,35.81818181818182,0,0,JioMart,Snacks
CUST5184,11,486.6363636363636,3.1818181818181817,30.90909090909091,0,0,Blinkit,Grocery
CUST6876,11,626.0,4.181818181818182,31.0,0,0,Swiggy Instamart,Personal Care
CUST6592,11,886.4545454545455,2.727272727272727,30.181818181818183,0,1,Blinkit,Personal Care
CUST7125,11,688.2727272727273,3.727272727272727,29.09090909090909,0,0,JioMart,Snacks
CUST5126,11,612.1818181818181,3.8181818181818183,28.90909090909091,0,0,Swiggy Instamart,Beverages
CUST1856,11,605.1818181818181,3.1818181818181817,31.0,0,1,Blinkit,Grocery
CUST6387,11,566.5454545454545,3.1818181818181817,29.727272727272727,0,1,Swiggy Instamart,Grocery
CUST6094,11,380.27272727272725,2.272727272727273,31.90909090909091,0,1,Swiggy Instamart,Fruits & Vegetables
CUST1463,11,584.5454545454545,2.8181818181818183,31.09090909090909,0,0,Swiggy Instamart,Grocery
CUST6719,11,492.3636363636364,3.3636363636363638,32.90909090909091,0,0,Blinkit,Dairy
CUST6301,11,627.9090909090909,3.3636363636363638,28.545454545454547,0,0,Blinkit,Beverages
CUST9110,11,696.4545454545455,3.8181818181818183,28.454545454545453,0,0,Swiggy Instamart,Fruits & Vegetables
CUST6484,11,710.1818181818181,3.727272727272727,24.454545454545453,0,0,JioMart,Dairy
CUST3910,11,591.6363636363636,3.1818181818181817,27.90909090909091,0,0,Blinkit,Fruits & Vegetables
CUST9828,11,718.5454545454545,3.3636363636363638,30.545454545454547,0,0,JioMart,Personal Care
CUST2806,11,796.0909090909091,3.090909090909091,28.09090909090909,0,1,JioMart,Grocery
CUST2054,11,746.0,3.0,33.27272727272727,0,1,Swiggy Instamart,Grocery
CUST6261,11,322.90909090909093,3.090909090909091,31.0,0,1,Blinkit,Fruits & Vegetables
CUST9254,11,608.6363636363636,3.909090909090909,34.54545454545455,0,0,JioMart,Grocery
CUST5304,11,575.6363636363636,3.909090909090909,28.818181818181817,0,0,Blinkit,Personal Care
CUST9996,11,610.3636363636364,3.1818181818181817,36.18181818181818,0,0,JioMart,Personal Care
CUST7114,11,768.6363636363636,3.090909090909091,31.0,0,0,Blinkit,Dairy
CUST6555,11,546.5454545454545,3.6363636363636362,29.454545454545453,0,0,JioMart,Grocery
CUST4340,11,749.6363636363636,3.5454545454545454,30.181818181818183,0,0,Blinkit,Personal Care
CUST4669,11,547.5454545454545,3.1818181818181817,31.181818181818183,0,0,Swiggy Instamart,Beverages
CUST4915,11,635.0,3.4545454545454546,30.727272727272727,0,0,Blinkit,Grocery
CUST8895,11,873.1818181818181,3.5454545454545454,28.181818181818183,0,0,Swiggy Instamart,Beverages
CUST1124,11,462.09090909090907,3.4545454545454546,29.727272727272727,0,0,Blinkit,Dairy
CUST6834,11,452.27272727272725,2.272727272727273,27.90909090909091,0,1,JioMart,Fruits & Vegetables
CUST2866,11,670.8181818181819,2.8181818181818183,32.81818181818182,0,1,Blinkit,Beverages
CUST3941,11,394.90909090909093,3.5454545454545454,30.818181818181817,0,0,JioMart,Beverages
CUST6715,11,473.0,3.6363636363636362,26.181818181818183,0,0,Blinkit,Snacks
CUST6591,11,577.1818181818181,1.6363636363636365,28.363636363636363,0,1,Swiggy Instamart,Fruits & Vegetables
CUST7231,11,521.7272727272727,3.0,28.90909090909091,0,1,JioMart,Dairy
CUST5586,11,979.8181818181819,3.1818181818181817,33.45454545454545,0,1,Blinkit,Grocery
CUST8282,11,600.5454545454545,3.4545454545454546,30.636363636363637,0,0,Swiggy Instamart,Dairy
CUST7663,11,487.90909090909093,3.1818181818181817,29.0,0,0,Blinkit,Beverages
CUST7720,11,693.1818181818181,4.181818181818182,27.727272727272727,0,0,Blinkit,Personal Care
CUST9660,11,697.6363636363636,2.727272727272727,31.363636363636363,0,1,JioMart,Grocery
CUST2601,11,710.0909090909091,3.272727272727273,33.72727272727273,0,0,Blinkit,Dairy
CUST5924,11,599.0,3.090909090909091,29.90909090909091,0,1,Blinkit,Grocery
CUST5991,11,823.8181818181819,3.1818181818181817,31.818181818181817,0,0,Blinkit,Beverages
CUST2714,11,411.90909090909093,3.727272727272727,26.181818181818183,0,0,JioMart,Snacks
CUST4194,11,575.8181818181819,3.727272727272727,29.09090909090909,0,0,Blinkit,Beverages
CUST2144,11,732.3636363636364,3.272727272727273,30.272727272727273,0,0,JioMart,Beverages
CUST6116,11,551.9090909090909,2.909090909090909,27.90909090909091,0,1,Swiggy Instamart,Grocery
CUST9550,11,691.9090909090909,3.272727272727273,24.454545454545453,0,0,Blinkit,Grocery
CUST6646,11,777.7272727272727,3.090909090909091,28.727272727272727,0,0,Blinkit,Grocery
CUST2501,11,598.4545454545455,3.1818181818181817,30.90909090909091,0,0,JioMart,Beverages
CUST9017,11,535.8181818181819,3.6363636363636362,27.181818181818183,0,0,Blinkit,Beverages
CUST2991,11,502.27272727272725,3.1818181818181817,25.363636363636363,0,0,JioMart,Fruits & Vegetables
CUST9351,11,515.8181818181819,3.090909090909091,28.90909090909091,0,0,JioMart,Beverages
CUST9721,11,438.54545454545456,2.6363636363636362,27.0,0,1,Swiggy Instamart,Snacks
CUST8932,11,487.8181818181818,3.727272727272727,28.454545454545453,0,0,Swiggy Instamart,Grocery
CUST3481,11,753.0909090909091,2.8181818181818183,29.363636363636363,0,1,Blinkit,Beverages
CUST7419,11,454.1818181818182,4.2727272727272725,24.545454545454547,0,0,Swiggy Instamart,Dairy
CUST6452,11,477.1818181818182,3.272727272727273,27.363636363636363,0,0,JioMart,Beverages
CUST6257,11,529.4545454545455,2.6363636363636362,31.454545454545453,0,1,JioMart,Personal Care
CUST5087,11,731.5454545454545,4.454545454545454,28.0,0,0,Swiggy Instamart,Beverages
CUST5488,11,705.9090909090909,3.6363636363636362,33.36363636363637,0,0,Blinkit,Dairy
CUST2170,11,389.3636363636364,2.8181818181818183,27.454545454545453,0,1,Swiggy Instamart,Snacks
CUST5527,11,925.1818181818181,1.5454545454545454,28.454545454545453,0,1,Swiggy Instamart,Grocery
CUST3453,11,439.8181818181818,3.5454545454545454,35.0,0,0,Swiggy Instamart,Fruits & Vegetables
CUST2699,11,827.8181818181819,3.6363636363636362,26.09090909090909,0,0,JioMart,Personal Care
CUST7808,11,567.5454545454545,3.090909090909091,32.45454545454545,0,0,Blinkit,Grocery
CUST5936,11,542.4545454545455,4.0,31.818181818181817,0,0,Blinkit,Dairy
CUST7452,11,468.3636363636364,3.909090909090909,26.363636363636363,0,0,JioMart,Beverages
CUST2792,11,667.8181818181819,3.6363636363636362,25.363636363636363,0,0,JioMart,Fruits & Vegetables
CUST2073,11,566.2727272727273,3.5454545454545454,29.545454545454547,0,0,Swiggy Instamart,Dairy
CUST1322,11,738.7272727272727,3.0,35.09090909090909,0,1,Blinkit,Personal Care
CUST7188,11,648.8181818181819,3.1818181818181817,35.09090909090909,0,0,Blinkit,Personal Care
CUST6318,11,639.8181818181819,2.4545454545454546,27.818181818181817,0,1,JioMart,Personal Care
CUST8837,11,604.8181818181819,3.5454545454545454,30.727272727272727,0,0,Blinkit,Personal Care
CUST8297,11,705.7272727272727,3.0,31.09090909090909,0,0,Blinkit,Dairy
CUST5899,11,369.27272727272725,3.272727272727273,28.545454545454547,0,0,Blinkit,Fruits & Vegetables
CUST3819,11,588.1818181818181,3.4545454545454546,29.181818181818183,0,0,JioMart,Fruits & Vegetables
CUST7922,11,674.6363636363636,2.3636363636363638,28.181818181818183,0,1,Swiggy Instamart,Beverages
CUST3540,11,898.0909090909091,4.090909090909091,33.36363636363637,0,0,Blinkit,Grocery
CUST7161,11,446.45454545454544,2.909090909090909,30.272727272727273,0,1,Blinkit,Dairy
CUST2865,11,516.0909090909091,2.5454545454545454,27.454545454545453,0,1,JioMart,Dairy
CUST4033,11,595.1818181818181,4.0,32.09090909090909,0,0,Swiggy Instamart,Beverages
CUST9595,11,884.9090909090909,3.909090909090909,28.363636363636363,0,0,JioMart,Personal Care
CUST2940,11,721.9090909090909,3.3636363636363638,28.272727272727273,0,0,Blinkit,Personal Care
CUST4227,11,659.0909090909091,4.454545454545454,28.545454545454547,0,0,JioMart,Personal Care
CUST7899,11,560.7272727272727,2.4545454545454546,28.818181818181817,0,1,Swiggy Instamart,Dairy
CUST1963,11,790.4545454545455,2.090909090909091,28.818181818181817,0,1,Blinkit,Personal Care
CUST6458,11,834.9090909090909,3.0,31.454545454545453,0,1,Blinkit,Personal Care
CUST9956,11,565.0909090909091,2.272727272727273,32.36363636363637,0,1,Blinkit,Dairy
CUST2280,11,608.9090909090909,3.272727272727273,29.0,0,1,Blinkit,Personal Care
CUST1139,11,727.9090909090909,3.8181818181818183,24.454545454545453,0,0,Swiggy Instamart,Beverages
CUST7377,11,536.7272727272727,3.272727272727273,32.72727272727273,0,1,Blinkit,Dairy
CUST8420,11,736.0909090909091,4.363636363636363,28.818181818181817,0,0,Blinkit,Grocery
CUST2763,11,730.9090909090909,3.090909090909091,31.09090909090909,0,1,Swiggy Instamart,Fruits & Vegetables
CUST3936,11,646.5454545454545,3.0,32.0,0,1,Blinkit,Fruits & Vegetables
CUST6109,11,706.6363636363636,2.8181818181818183,23.545454545454547,0,1,Swiggy Instamart,Dairy
CUST6504,11,705.8181818181819,3.4545454545454546,25.272727272727273,0,0,Swiggy Instamart,Personal Care
CUST9965,11,404.54545454545456,2.8181818181818183,32.36363636363637,0,0,Blinkit,Fruits & Vegetables
CUST1153,11,730.8181818181819,3.3636363636363638,31.90909090909091,0,0,Blinkit,Dairy
CUST1215,11,463.3636363636364,3.4545454545454546,30.636363636363637,0,0,Swiggy Instamart,Snacks
CUST2973,11,466.0,2.8181818181818183,36.63636363636363,0,1,JioMart,Beverages
CUST5486,11,472.45454545454544,2.4545454545454546,26.636363636363637,0,1,Swiggy Instamart,Dairy
CUST7668,11,558.2727272727273,3.8181818181818183,29.363636363636363,0,0,Blinkit,Grocery
CUST5850,11,671.5454545454545,2.909090909090909,32.0,0,1,JioMart,Fruits & Vegetables
CUST6519,11,743.0,3.727272727272727,32.90909090909091,0,0,Blinkit,Dairy
CUST9983,11,550.2727272727273,3.8181818181818183,27.545454545454547,0,0,JioMart,Snacks
CUST5339,11,536.8181818181819,2.4545454545454546,30.545454545454547,0,1,Blinkit,Beverages
CUST5702,11,580.0,3.090909090909091,34.81818181818182,0,1,Blinkit,Fruits & Vegetables
CUST5849,11,801.0909090909091,4.181818181818182,30.454545454545453,0,0,Blinkit,Beverages
CUST8395,11,428.45454545454544,3.090909090909091,29.0,0,0,Swiggy Instamart,Snacks
CUST2020,11,758.6363636363636,4.454545454545454,26.636363636363637,0,0,Swiggy Instamart,Grocery
CUST1204,11,838.9090909090909,3.1818181818181817,34.63636363636363,0,0,JioMart,Fruits & Vegetables
CUST7823,11,644.2727272727273,3.6363636363636362,23.818181818181817,0,0,Swiggy Instamart,Grocery
CUST6247,11,661.9090909090909,2.909090909090909,28.363636363636363,0,1,Blinkit,Fruits & Vegetables
CUST8885,11,469.8181818181818,3.272727272727273,34.63636363636363,0,0,Blinkit,Fruits & Vegetables
CUST4052,11,1150.0,2.8181818181818183,29.181818181818183,0,1,JioMart,Grocery
CUST6890,11,510.90909090909093,2.3636363636363638,27.818181818181817,0,1,Blinkit,Beverages
CUST9627,11,503.6363636363636,3.6363636363636362,24.727272727272727,0,0,Swiggy Instamart,Beverages
CUST4254,11,649.3636363636364,2.6363636363636362,25.0,0,1,Blinkit,Beverages
CUST5524,11,541.0909090909091,3.909090909090909,34.72727272727273,0,0,Swiggy Instamart,Grocery
CUST7506,11,581.9090909090909,2.909090909090909,31.545454545454547,0,1,Swiggy Instamart,Beverages
CUST2045,11,483.45454545454544,2.8181818181818183,28.0,0,1,JioMart,Dairy
CUST3894,11,575.6363636363636,3.0,29.0,0,1,JioMart,Fruits & Vegetables
CUST3066,11,659.2727272727273,3.3636363636363638,32.36363636363637,0,0,Blinkit,Personal Care
CUST1131,11,509.1818181818182,2.4545454545454546,29.545454545454547,0,1,Blinkit,Beverages
CUST8867,11,418.45454545454544,3.090909090909091,31.0,0,1,Blinkit,Snacks
CUST7511,11,797.8181818181819,3.727272727272727,29.545454545454547,0,0,JioMart,Personal Care
CUST6992,11,551.9090909090909,2.727272727272727,35.0,0,1,Blinkit,Beverages
CUST1228,11,859.4545454545455,2.909090909090909,27.818181818181817,0,1,JioMart,Dairy
CUST2775,11,397.90909090909093,3.4545454545454546,32.63636363636363,0,0,Blinkit,Beverages
CUST6369,11,550.0,3.1818181818181817,30.727272727272727,0,0,Swiggy Instamart,Beverages
CUST3251,11,456.45454545454544,3.1818181818181817,26.09090909090909,0,1,Swiggy Instamart,Beverages
CUST1208,11,359.45454545454544,4.363636363636363,26.636363636363637,0,0,Blinkit,Dairy
CUST8279,11,564.4545454545455,2.8181818181818183,28.454545454545453,0,1,Blinkit,Personal Care
CUST8373,11,694.5454545454545,3.090909090909091,29.363636363636363,0,1,Swiggy Instamart,Grocery
CUST9734,11,341.6363636363636,2.6363636363636362,31.636363636363637,0,1,Swiggy Instamart,Fruits & Vegetables
CUST7896,11,446.3636363636364,2.727272727272727,31.545454545454547,0,1,Blinkit,Fruits & Vegetables
CUST8467,11,613.2727272727273,2.727272727272727,29.545454545454547,0,1,JioMart,Grocery
CUST5643,11,543.0909090909091,3.3636363636363638,29.363636363636363,0,0,JioMart,Beverages
CUST8049,11,769.0909090909091,3.0,33.72727272727273,0,1,JioMart,Grocery
CUST7497,11,603.0,3.272727272727273,32.72727272727273,0,0,Swiggy Instamart,Grocery
CUST1171,11,594.0,2.4545454545454546,25.363636363636363,0,1,JioMart,Fruits & Vegetables
CUST5042,11,425.3636363636364,3.1818181818181817,26.181818181818183,0,1,Blinkit,Fruits & Vegetables
CUST6423,11,698.6363636363636,3.5454545454545454,26.363636363636363,0,0,Blinkit,Grocery
CUST6741,11,505.27272727272725,3.3636363636363638,29.727272727272727,0,0,Blinkit,Dairy
CUST4703,11,707.8181818181819,2.6363636363636362,31.90909090909091,0,1,Blinkit,Personal Care
CUST1895,11,772.1818181818181,2.8181818181818183,39.36363636363637,0,1,Swiggy Instamart,Fruits & Vegetables
CUST4857,11,532.3636363636364,3.1818181818181817,30.181818181818183,0,0,Blinkit,Beverages
CUST3012,11,716.0909090909091,3.909090909090909,28.181818181818183,0,0,Swiggy Instamart,Dairy
CUST3326,11,699.6363636363636,3.090909090909091,33.27272727272727,0,0,Blinkit,Grocery
CUST9442,11,572.6363636363636,3.0,30.727272727272727,0,0,JioMart,Beverages
CUST7379,11,455.6363636363636,3.272727272727273,27.454545454545453,0,0,JioMart,Beverages
CUST5736,11,717.0909090909091,3.8181818181818183,31.181818181818183,0,0,JioMart,Dairy
CUST9350,11,724.6363636363636,3.4545454545454546,26.818181818181817,0,0,JioMart,Beverages
CUST3661,11,597.8181818181819,4.090909090909091,28.09090909090909,0,0,Swiggy Instamart,Dairy
CUST7375,11,523.0909090909091,3.6363636363636362,22.545454545454547,0,0,JioMart,Beverages
CUST2284,11,685.1818181818181,3.909090909090909,35.0,0,0,Blinkit,Personal Care
CUST6315,11,475.3636363636364,3.090909090909091,27.272727272727273,0,1,JioMart,Fruits & Vegetables
CUST7237,11,571.8181818181819,2.4545454545454546,35.45454545454545,0,1,Blinkit,Beverages
CUST3777,11,475.1818181818182,3.0,29.363636363636363,0,1,Blinkit,Beverages
CUST5405,11,303.6363636363636,2.8181818181818183,31.727272727272727,0,1,Swiggy Instamart,Fruits & Vegetables
CUST9079,11,625.0909090909091,3.272727272727273,31.90909090909091,0,0,Blinkit,Dairy
CUST3625,11,563.0909090909091,3.3636363636363638,30.545454545454547,0,0,Swiggy Instamart,Personal Care
CUST1625,11,675.2727272727273,3.0,34.36363636363637,0,1,JioMart,Beverages
CUST7772,11,621.2727272727273,3.1818181818181817,29.0,0,1,JioMart,Dairy
CUST1785,11,758.9090909090909,3.727272727272727,32.63636363636363,0,0,Blinkit,Personal Care
CUST6015,11,517.1818181818181,3.1818181818181817,29.09090909090909,0,0,Swiggy Instamart,Fruits & Vegetables
CUST1432,11,652.3636363636364,3.5454545454545454,35.09090909090909,0,0,JioMart,Beverages
CUST2597,11,531.8181818181819,3.909090909090909,29.90909090909091,0,0,Blinkit,Grocery
CUST9295,11,327.54545454545456,3.6363636363636362,31.181818181818183,0,0,Blinkit,Snacks
CUST3677,11,510.27272727272725,3.1818181818181817,30.90909090909091,0,0,JioMart,Dairy
CUST2307,11,433.3636363636364,3.727272727272727,29.818181818181817,0,0,Blinkit,Dairy
CUST5507,11,502.1818181818182,4.454545454545454,33.09090909090909,0,0,JioMart,Snacks
CUST9038,11,477.72727272727275,3.272727272727273,31.181818181818183,0,1,JioMart,Beverages
CUST6829,11,393.8181818181818,2.909090909090909,31.09090909090909,0,1,Blinkit,Snacks
CUST1213,11,433.1818181818182,3.727272727272727,33.81818181818182,0,0,Swiggy Instamart,Beverages
CUST9874,11,902.8181818181819,3.272727272727273,28.727272727272727,0,0,JioMart,Personal Care
CUST1382,11,512.2727272727273,3.727272727272727,32.54545454545455,0,0,Blinkit,Fruits & Vegetables
CUST9922,11,646.5454545454545,3.4545454545454546,23.454545454545453,0,0,JioMart,Beverages
CUST4324,11,448.8181818181818,4.181818181818182,27.363636363636363,0,0,JioMart,Grocery
CUST2206,11,593.5454545454545,2.909090909090909,33.63636363636363,0,0,Blinkit,Fruits & Vegetables
CUST1885,11,560.0,2.4545454545454546,27.09090909090909,0,1,JioMart,Personal Care
CUST3250,11,444.27272727272725,3.3636363636363638,29.454545454545453,0,0,Blinkit,Snacks
CUST3954,11,509.6363636363636,2.0,25.181818181818183,0,1,Swiggy Instamart,Fruits & Vegetables
CUST3478,11,692.6363636363636,3.3636363636363638,30.181818181818183,0,0,Swiggy Instamart,Beverages
CUST1095,11,538.3636363636364,2.727272727272727,30.545454545454547,0,1,JioMart,Beverages
CUST6297,11,683.5454545454545,3.0,26.363636363636363,0,1,JioMart,Grocery
CUST7316,11,364.54545454545456,3.3636363636363638,32.72727272727273,0,0,Blinkit,Snacks
CUST5949,11,696.6363636363636,3.4545454545454546,29.363636363636363,0,0,Blinkit,Grocery
CUST8916,11,479.90909090909093,3.4545454545454546,31.727272727272727,0,0,Blinkit,Snacks
CUST8527,11,604.5454545454545,4.454545454545454,30.272727272727273,0,0,Swiggy Instamart,Fruits & Vegetables
CUST7402,11,580.3636363636364,2.1818181818181817,33.90909090909091,0,1,JioMart,Fruits & Vegetables
CUST1184,11,567.4545454545455,3.3636363636363638,31.818181818181817,0,0,JioMart,Dairy
CUST2519,11,416.09090909090907,3.5454545454545454,30.727272727272727,0,0,JioMart,Snacks
CUST2584,11,604.1818181818181,4.636363636363637,24.181818181818183,0,0,Blinkit,Beverages
CUST4077,11,531.9090909090909,2.909090909090909,28.181818181818183,0,1,JioMart,Dairy
CUST4841,11,759.0909090909091,3.6363636363636362,25.0,0,0,JioMart,Personal Care
CUST9325,11,450.90909090909093,3.090909090909091,32.18181818181818,0,0,JioMart,Beverages
CUST9757,11,498.3636363636364,4.090909090909091,25.727272727272727,0,0,JioMart,Dairy
CUST4310,11,626.6363636363636,2.6363636363636362,26.181818181818183,0,1,JioMart,Fruits & Vegetables
CUST8600,11,467.3636363636364,3.6363636363636362,30.272727272727273,0,0,JioMart,Beverages
CUST4742,11,765.7272727272727,3.3636363636363638,26.636363636363637,0,0,Blinkit,Beverages
CUST9144,11,577.0909090909091,3.272727272727273,27.0,0,0,Blinkit,Fruits & Vegetables
CUST9826,11,657.4545454545455,3.5454545454545454,27.272727272727273,0,0,Blinkit,Grocery
CUST1189,11,848.0,3.0,31.454545454545453,0,1,Swiggy Instamart,Grocery
CUST4933,11,644.4545454545455,3.4545454545454546,28.363636363636363,0,0,Swiggy Instamart,Personal Care
CUST2461,11,669.6363636363636,3.272727272727273,27.181818181818183,0,0,JioMart,Grocery
CUST7365,11,588.8181818181819,3.1818181818181817,27.454545454545453,0,1,Blinkit,Beverages
CUST4479,11,685.5454545454545,2.3636363636363638,32.63636363636363,0,1,JioMart,Grocery
CUST1425,11,412.90909090909093,2.1818181818181817,33.36363636363637,0,1,JioMart,Beverages
CUST5657,11,879.0,3.272727272727273,32.36363636363637,0,0,Blinkit,Personal Care
CUST4886,11,412.72727272727275,3.5454545454545454,25.0,0,0,JioMart,Fruits & Vegetables
CUST5847,11,637.9090909090909,3.3636363636363638,33.18181818181818,0,0,Swiggy Instamart,Grocery
CUST8673,11,463.0,3.1818181818181817,29.545454545454547,0,0,Blinkit,Beverages
CUST2233,11,643.2727272727273,3.727272727272727,30.454545454545453,0,0,Blinkit,Personal Care
CUST1649,11,646.2727272727273,2.6363636363636362,26.181818181818183,0,0,Blinkit,Beverages
CUST1409,10,574.0,3.7,34.6,0,0,Swiggy Instamart,Dairy
CUST7924,10,365.7,4.0,36.3,0,0,Swiggy Instamart,Dairy
CUST6197,10,440.8,2.9,33.7,0,0,Blinkit,Beverages
CUST6662,10,571.0,3.7,32.9,0,0,Swiggy Instamart,Dairy
CUST1188,10,553.4,4.0,28.3,0,0,JioMart,Personal Care
CUST2418,10,586.0,3.7,32.8,0,0,JioMart,Fruits & Vegetables
CUST6637,10,615.6,3.7,32.9,0,0,Blinkit,Beverages
CUST4483,10,452.4,3.7,30.7,0,0,Blinkit,Fruits & Vegetables
CUST8276,10,585.1,3.2,27.4,0,0,JioMart,Beverages
CUST3632,10,438.0,2.7,25.7,0,1,Swiggy Instamart,Dairy
CUST8156,10,513.7,4.0,28.1,0,0,JioMart,Grocery
CUST6811,10,553.2,3.2,23.7,0,0,JioMart,Fruits & Vegetables
CUST1053,10,585.0,2.7,31.4,0,1,Blinkit,Beverages
CUST9085,10,754.7,2.6,30.6,0,1,JioMart,Beverages
CUST4067,10,571.6,3.0,31.5,0,0,Blinkit,Beverages
CUST1247,10,515.5,3.6,30.4,0,0,Swiggy Instamart,Dairy
CUST8922,10,509.7,2.9,33.2,0,0,Blinkit,Beverages
CUST2827,10,739.2,3.7,29.1,0,0,Blinkit,Beverages
CUST5233,10,672.3,3.6,30.5,0,0,Blinkit,Dairy
CUST8718,10,513.5,3.4,23.7,0,0,Blinkit,Grocery
CUST7318,10,664.6,3.1,28.7,0,1,Blinkit,Fruits & Vegetables
CUST4867,10,541.9,2.7,22.9,0,1,JioMart,Personal Care
CUST2537,10,499.0,2.6,29.6,0,1,JioMart,Fruits & Vegetables
CUST4319,10,701.6,3.8,33.8,0,0,Blinkit,Dairy
CUST8423,10,679.6,4.0,31.9,0,0,Blinkit,Personal Care
CUST2516,10,672.2,2.3,23.8,0,1,Swiggy Instamart,Dairy
CUST1345,10,729.8,4.3,28.3,0,0,Blinkit,Grocery
CUST2815,10,618.2,3.5,27.0,0,0,Swiggy Instamart,Beverages
CUST2457,10,531.0,2.7,25.8,0,0,Blinkit,Fruits & Vegetables
CUST7130,10,810.0,3.5,28.0,0,0,Swiggy Instamart,Grocery
CUST8139,10,544.8,2.6,29.4,0,1,Blinkit,Beverages
CUST7259,10,824.2,3.4,25.5,0,0,Blinkit,Dairy
CUST8233,10,502.4,3.4,36.1,0,0,Swiggy Instamart,Beverages
CUST6557,10,491.7,2.7,31.7,0,1,Blinkit,Fruits & Vegetables
CUST2174,10,573.7,3.1,26.7,0,0,JioMart,Personal Care
CUST1913,10,490.2,3.1,20.2,0,0,JioMart,Fruits & Vegetables
CUST3781,10,525.7,3.6,26.3,0,0,Swiggy Instamart,Snacks
CUST8551,10,474.0,3.7,30.8,0,0,Swiggy Instamart,Fruits & Vegetables
CUST7900,10,663.7,2.7,35.5,0,1,JioMart,Grocery
CUST5368,10,575.3,3.6,34.6,0,0,Swiggy Instamart,Beverages
CUST6670,10,529.9,3.1,35.2,0,0,JioMart,Fruits & Vegetables
CUST8671,10,352.9,3.7,31.3,0,0,JioMart,Dairy
CUST8165,10,389.8,3.3,29.2,0,0,Blinkit,Fruits & Vegetables
CUST7961,10,861.6,3.5,31.7,0,0,JioMart,Personal Care
CUST4489,10,433.1,3.7,25.1,0,0,Blinkit,Snacks
CUST8106,10,539.8,3.2,22.8,0,0,JioMart,Dairy
CUST8655,10,668.6,3.1,25.6,0,0,Blinkit,Snacks
CUST9958,10,690.7,3.1,29.4,0,1,Blinkit,Dairy
CUST5116,10,793.6,2.4,21.8,0,1,JioMart,Personal Care
CUST8200,10,838.6,3.1,35.4,0,0,Blinkit,Grocery
CUST4093,10,602.1,3.0,29.2,0,1,Blinkit,Beverages
CUST8374,10,695.0,3.7,30.2,0,0,JioMart,Dairy
CUST2666,10,596.4,4.1,32.9,0,0,JioMart,Fruits & Vegetables
CUST3764,10,840.8,3.5,33.4,0,0,JioMart,Grocery
CUST7958,10,531.8,4.1,33.0,0,0,JioMart,Fruits & Vegetables
CUST4298,10,379.7,2.7,26.4,0,1,Blinkit,Beverages
CUST7766,10,680.3,3.0,29.0,0,1,Blinkit,Dairy
CUST5175,10,860.7,4.1,32.6,0,0,JioMart,Grocery
CUST3985,10,714.9,3.3,26.9,0,0,Swiggy Instamart,Dairy
CUST7470,10,590.4,3.4,28.8,0,0,Blinkit,Beverages
CUST7749,10,648.5,3.3,29.4,0,0,Blinkit,Dairy
CUST6673,10,660.4,3.5,30.2,0,0,Blinkit,Grocery
CUST6226,10,674.6,3.8,32.4,0,0,Blinkit,Beverages
CUST1438,10,647.6,3.2,23.3,0,0,JioMart,Beverages
CUST2253,10,594.0,2.6,30.3,0,1,Swiggy Instamart,Fruits & Vegetables
CUST2569,10,588.5,2.3,34.1,0,1,JioMart,Snacks
CUST6917,10,860.9,3.2,30.2,0,0,Swiggy Instamart,Grocery
CUST6832,10,434.8,3.5,23.8,0,0,Swiggy Instamart,Fruits & Vegetables
CUST8070,10,778.3,3.4,29.5,0,0,Blinkit,Beverages
CUST3157,10,626.7,3.9,30.8,0,0,JioMart,Personal Care
CUST7571,10,472.7,3.3,27.0,0,0,Blinkit,Dairy
CUST7949,10,403.2,3.2,28.4,0,0,Swiggy Instamart,Snacks
CUST4126,10,622.7,2.7,30.4,0,1,Blinkit,Grocery
CUST4127,10,670.5,3.7,30.8,0,0,Blinkit,Fruits & Vegetables
CUST3427,10,622.2,2.7,27.3,0,1,JioMart,Fruits & Vegetables
CUST3277,10,484.9,3.0,30.1,0,1,Blinkit,Beverages
CUST5189,10,692.4,2.8,30.8,0,1,Blinkit,Personal Care
CUST8203,10,439.6,3.2,33.9,0,0,JioMart,Beverages
CUST2948,10,724.3,3.0,31.1,0,0,Swiggy Instamart,Personal Care
CUST5502,10,564.0,2.4,30.9,0,1,Swiggy Instamart,Beverages
CUST7893,10,440.7,3.1,35.0,0,0,Blinkit,Grocery
CUST6149,10,780.1,3.8,29.5,0,0,JioMart,Grocery
CUST4806,10,337.9,3.7,28.9,0,0,Swiggy Instamart,Dairy
CUST9513,10,738.3,3.3,28.1,0,0,Blinkit,Dairy
CUST6346,10,435.7,2.9,31.3,0,0,JioMart,Snacks
CUST8965,10,476.0,2.9,27.3,0,0,Blinkit,Beverages
CUST8964,10,575.5,3.4,34.8,0,0,Swiggy Instamart,Dairy
CUST6174,10,570.3,4.0,29.0,0,0,Blinkit,Personal Care
CUST9106,10,512.6,2.7,34.8,0,1,JioMart,Grocery
CUST8345,10,822.7,3.1,29.8,0,0,Swiggy Instamart,Grocery
CUST3284,10,485.5,3.3,30.8,0,0,Swiggy Instamart,Fruits & Vegetables
CUST1369,10,668.3,3.6,30.9,0,0,Swiggy Instamart,Beverages
CUST6915,10,866.0,3.5,29.4,0,0,JioMart,Beverages
CUST8006,10,646.3,3.9,28.9,0,0,Swiggy Instamart,Dairy
CUST1199,10,540.3,3.5,26.8,0,0,Blinkit,Grocery
CUST2319,10,564.8,3.4,31.6,0,0,Blinkit,Grocery
CUST1374,10,727.6,3.0,27.4,0,0,Blinkit,Grocery
CUST7378,10,671.6,2.4,31.2,0,1,Blinkit,Beverages
CUST5015,10,566.3,2.7,29.5,0,1,JioMart,Personal Care
CUST4403,10,679.3,3.3,28.8,0,0,JioMart,Beverages
CUST8252,10,565.6,3.5,29.0,0,0,JioMart,Grocery
CUST2605,10,554.0,2.9,28.8,0,1,Swiggy Instamart,Dairy
CUST8911,10,537.2,3.1,28.7,0,0,Blinkit,Snacks
CUST9063,10,681.2,2.6,27.4,0,1,JioMart,Grocery
CUST1233,10,433.4,3.9,28.1,0,0,Swiggy Instamart,Fruits & Vegetables
CUST8607,10,1312.6,3.0,29.4,0,0,Swiggy Instamart,Personal Care
CUST5859,10,774.7,2.9,34.7,0,0,JioMart,Beverages
CUST3929,10,525.3,3.8,30.6,0,0,Swiggy Instamart,Snacks
CUST7003,10,588.1,4.4,28.6,0,0,Blinkit,Snacks
CUST8839,10,592.0,4.1,29.0,0,0,JioMart,Dairy
CUST4437,10,652.8,2.5,32.0,0,1,JioMart,Grocery
CUST4442,10,572.0,4.1,30.4,0,0,JioMart,Snacks
CUST9053,10,688.8,3.3,27.7,0,0,Blinkit,Snacks
CUST3465,10,531.1,3.3,24.9,0,0,Swiggy Instamart,Snacks
CUST3617,10,623.6,3.6,34.3,0,0,JioMart,Dairy
CUST3084,10,647.2,3.1,27.3,0,0,Blinkit,Dairy
CUST8287,10,646.5,3.3,32.2,0,0,Blinkit,Beverages
CUST9240,10,781.5,3.1,24.7,0,0,JioMart,Personal Care
CUST3628,10,443.7,3.2,34.3,0,0,JioMart,Dairy
CUST7101,10,496.1,3.8,31.3,0,0,Blinkit,Beverages
CUST7706,10,520.8,2.6,26.2,0,1,Swiggy Instamart,Snacks
CUST2626,10,483.5,3.0,27.9,0,0,JioMart,Dairy
CUST4797,10,720.0,2.8,29.2,0,0,Blinkit,Personal Care
CUST3375,10,613.6,3.0,32.3,0,0,Blinkit,Beverages
CUST4417,10,468.5,3.3,29.0,0,0,Blinkit,Dairy
CUST4615,10,450.8,3.5,30.8,0,0,JioMart,Beverages
CUST7346,10,497.5,4.1,29.0,0,0,Swiggy Instamart,Personal Care
CUST1399,10,451.8,3.5,26.1,0,0,Swiggy Instamart,Dairy
CUST1237,10,710.3,3.0,31.8,0,1,JioMart,Beverages
CUST7844,10,615.5,3.1,30.7,0,0,Swiggy Instamart,Dairy
CUST5926,10,472.7,4.0,30.9,0,0,JioMart,Dairy
CUST1259,10,592.1,4.0,29.2,0,0,Blinkit,Beverages
CUST3822,10,748.9,3.2,24.7,0,0,JioMart,Personal Care
CUST1818,10,502.8,2.7,25.8,0,1,Swiggy Instamart,Fruits & Vegetables
CUST6035,10,487.3,2.6,35.9,0,1,Blinkit,Snacks
CUST2594,10,484.8,2.9,30.4,0,0,Blinkit,Beverages
CUST2979,10,642.5,3.3,24.2,0,0,JioMart,Dairy
CUST2952,10,543.5,2.8,31.8,0,0,Blinkit,Fruits & Vegetables
CUST7059,10,789.8,2.6,32.0,0,1,Swiggy Instamart,Personal Care
CUST5393,10,579.0,3.9,26.3,0,0,Blinkit,Snacks
CUST2460,10,499.9,2.6,26.8,0,1,Swiggy Instamart,Dairy
CUST7053,10,780.7,3.1,25.6,0,1,Swiggy Instamart,Grocery
CUST3464,10,854.9,3.9,30.1,0,0,Swiggy Instamart,Fruits & Vegetables
CUST2441,10,694.4,4.2,28.0,0,0,Swiggy Instamart,Dairy
CUST6929,10,838.7,3.4,25.0,0,0,JioMart,Beverages
CUST9315,10,742.4,2.6,28.2,0,1,Blinkit,Beverages
CUST8917,10,521.1,3.2,25.8,0,0,JioMart,Grocery
CUST1542,10,440.9,3.2,28.6,0,0,Blinkit,Dairy
CUST5827,10,411.2,3.2,33.2,0,0,Blinkit,Beverages
CUST3342,10,539.4,3.5,31.9,0,0,Swiggy Instamart,Beverages
CUST1191,10,637.1,3.1,30.3,0,0,Blinkit,Personal Care
CUST4828,10,564.4,3.1,32.4,0,0,JioMart,Grocery
CUST6290,10,601.8,2.9,30.7,0,0,Swiggy Instamart,Dairy
CUST8828,10,784.2,3.0,26.0,0,1,Blinkit,Beverages
CUST6132,10,483.6,3.7,27.8,0,0,Blinkit,Dairy
CUST4552,10,611.7,3.1,34.5,0,0,JioMart,Beverages
CUST2995,10,525.3,3.8,25.5,0,0,Blinkit,Beverages
CUST7432,10,649.4,2.9,29.5,0,1,Swiggy Instamart,Dairy
CUST9496,10,504.8,3.5,33.1,0,0,Blinkit,Beverages
CUST8833,10,631.9,2.3,26.9,0,1,JioMart,Dairy
CUST2985,10,781.1,2.4,26.8,0,1,Blinkit,Personal Care
CUST6895,10,498.0,3.5,26.3,0,0,Blinkit,Fruits & Vegetables
CUST1870,10,521.8,2.6,31.6,0,1,JioMart,Fruits & Vegetables
CUST1013,10,431.7,3.0,31.0,0,0,Blinkit,Fruits & Vegetables
CUST6212,10,430.2,2.4,24.9,0,1,Swiggy Instamart,Fruits & Vegetables
CUST3841,10,602.8,3.3,31.4,0,0,Swiggy Instamart,Fruits & Vegetables
CUST1970,10,448.8,3.7,29.6,0,0,Swiggy Instamart,Fruits & Vegetables
CUST1330,10,566.3,2.8,25.3,0,1,Blinkit,Beverages
CUST9860,10,755.6,3.8,28.8,0,0,Blinkit,Fruits & Vegetables
CUST9278,10,518.9,3.1,33.8,0,0,Blinkit,Beverages
CUST7110,10,484.2,4.0,24.7,0,0,Blinkit,Beverages
CUST6902,10,523.6,3.1,33.6,0,0,Swiggy Instamart,Dairy
CUST5726,10,769.9,4.1,35.7,0,0,JioMart,Personal Care
CUST3359,10,554.5,3.0,30.7,0,1,JioMart,Grocery
CUST8974,10,461.4,3.5,28.0,0,0,Blinkit,Snacks
CUST7303,10,587.9,2.6,23.4,0,1,Swiggy Instamart,Fruits & Vegetables
CUST4698,10,694.2,3.7,33.7,0,0,Swiggy Instamart,Fruits & Vegetables
CUST9220,10,843.5,2.9,26.5,0,0,Swiggy Instamart,Personal Care
CUST3319,10,492.6,3.6,31.0,0,0,JioMart,Grocery
CUST3806,10,700.3,3.6,29.8,0,0,Swiggy Instamart,Personal Care
CUST8304,10,866.5,3.8,32.9,0,0,Blinkit,Personal Care
CUST2555,10,442.4,3.1,26.0,0,0,JioMart,Dairy
CUST6773,10,669.8,3.7,28.4,0,0,JioMart,Personal Care
CUST2849,10,902.4,3.1,32.4,0,0,JioMart,Personal Care
CUST2018,10,733.0,3.4,30.9,0,0,Blinkit,Beverages
CUST9216,10,717.3,3.5,28.4,0,0,JioMart,Beverages
CUST6187,10,626.1,3.2,27.5,0,0,JioMart,Personal Care
CUST5624,10,793.2,3.1,32.6,0,0,JioMart,Grocery
CUST3605,10,638.3,2.5,28.7,0,1,Swiggy Instamart,Snacks
CUST7978,10,369.2,2.8,35.1,0,0,Swiggy Instamart,Beverages
CUST9102,10,609.3,2.7,30.5,0,1,Swiggy Instamart,Fruits & Vegetables
CUST3403,10,710.3,3.4,27.0,0,0,JioMart,Dairy
CUST8421,10,459.1,2.7,30.2,0,0,Swiggy Instamart,Beverages
CUST5910,10,597.2,2.3,34.3,0,1,Swiggy Instamart,Beverages
CUST7831,10,417.8,3.0,27.8,0,0,Blinkit,Fruits & Vegetables
CUST5168,10,598.2,3.1,32.4,0,1,Swiggy Instamart,Snacks
CUST4425,10,591.6,2.9,27.0,0,1,Swiggy Instamart,Grocery
CUST7780,10,767.0,2.6,27.7,0,1,Blinkit,Personal Care
CUST7478,10,604.6,3.4,34.9,0,0,Blinkit,Dairy
CUST7051,10,405.2,4.0,27.3,0,0,Blinkit,Beverages
CUST5881,10,619.7,3.4,29.7,0,0,JioMart,Beverages
CUST9192,10,516.7,2.8,32.5,0,1,Swiggy Instamart,Snacks
CUST5904,10,484.3,3.1,29.6,0,0,Blinkit,Dairy
CUST5595,10,405.3,3.4,32.0,0,0,Blinkit,Dairy
CUST8174,10,692.3,3.0,30.0,0,1,Blinkit,Beverages
CUST7088,10,637.8,2.6,34.3,0,1,Blinkit,Dairy
CUST9101,10,408.6,2.3,35.9,0,1,Blinkit,Personal Care
CUST6270,10,673.1,3.3,29.1,0,0,Blinkit,Grocery
CUST9558,10,463.3,3.9,28.6,0,0,Swiggy Instamart,Dairy
CUST4384,10,688.8,2.7,28.5,0,1,JioMart,Personal Care
CUST7091,10,377.4,2.4,26.8,0,1,Blinkit,Snacks
CUST7585,10,724.7,3.5,34.5,0,0,JioMart,Dairy
CUST5989,10,581.5,2.0,28.8,0,1,Swiggy Instamart,Dairy
CUST8514,10,975.4,3.4,29.6,0,0,Blinkit,Grocery
CUST3216,10,523.9,3.2,28.1,0,0,Swiggy Instamart,Beverages
CUST1737,10,766.4,3.0,29.0,0,0,Swiggy Instamart,Personal Care
CUST6074,10,563.4,3.8,32.0,0,0,Blinkit,Dairy
CUST3269,10,415.0,3.6,34.4,0,0,Blinkit,Dairy
CUST7344,10,548.4,3.9,31.0,0,0,Blinkit,Fruits & Vegetables
CUST8338,10,546.1,2.8,26.6,0,0,Swiggy Instamart,Personal Care
CUST3840,10,445.2,2.9,31.4,0,1,Swiggy Instamart,Beverages
CUST3656,10,502.6,3.2,33.2,0,0,JioMart,Snacks
CUST6047,10,570.8,3.2,32.4,0,0,JioMart,Beverages
CUST9069,10,739.4,2.9,29.9,0,1,Swiggy Instamart,Grocery
CUST1902,10,807.0,3.5,29.8,0,0,Blinkit,Personal Care
CUST1531,10,660.3,3.4,33.0,0,0,JioMart,Dairy
CUST1286,10,521.3,3.5,27.0,0,0,Blinkit,Fruits & Vegetables
CUST3350,10,687.4,2.8,32.1,0,0,Blinkit,Grocery
CUST7245,10,498.6,3.0,30.9,0,1,JioMart,Fruits & Vegetables
CUST7343,10,524.9,3.2,26.6,0,0,JioMart,Dairy
CUST1984,10,546.6,2.2,29.0,0,1,Swiggy Instamart,Fruits & Vegetables
CUST5445,10,579.5,2.7,28.6,0,1,JioMart,Grocery
CUST9014,10,531.7,3.0,31.4,0,0,JioMart,Snacks
CUST5504,10,905.2,3.0,29.3,0,1,Swiggy Instamart,Grocery
CUST5018,10,445.0,2.7,30.0,0,0,JioMart,Fruits & Vegetables
CUST9027,10,902.8,3.4,34.5,0,0,Blinkit,Dairy
CUST4653,10,694.9,3.0,37.1,0,0,JioMart,Dairy
CUST4447,10,718.6,4.0,24.8,0,0,JioMart,Dairy
CUST4323,10,504.9,2.8,24.7,0,1,Blinkit,Personal Care
CUST6323,10,664.1,3.5,29.4,0,0,Blinkit,Snacks
CUST2749,10,711.7,3.1,26.2,0,0,JioMart,Grocery
CUST2905,10,578.3,3.9,28.3,0,0,JioMart,Beverages
CUST6163,10,702.4,3.6,31.2,0,0,Blinkit,Beverages
CUST4419,10,622.6,4.2,30.1,0,0,Blinkit,Beverages
CUST1994,10,655.9,4.1,30.0,0,0,Blinkit,Grocery
CUST2153,10,791.4,3.1,32.8,0,0,Swiggy Instamart,Grocery
CUST8615,10,572.5,3.9,30.7,0,0,Swiggy Instamart,Beverages
CUST6694,10,559.6,2.4,27.8,0,1,JioMart,Snacks
CUST1384,10,560.8,3.4,31.4,0,0,Blinkit,Beverages
CUST4980,10,911.8,2.4,30.6,0,1,JioMart,Dairy
CUST7117,10,412.4,3.0,29.7,0,0,Swiggy Instamart,Snacks
CUST5086,10,428.0,2.9,33.1,0,1,JioMart,Beverages
CUST3557,10,551.3,3.1,27.4,0,0,Swiggy Instamart,Dairy
CUST8410,10,640.9,3.8,25.9,0,0,Blinkit,Beverages
CUST2352,10,654.0,3.8,28.5,0,0,Blinkit,Fruits & Vegetables
CUST5301,10,388.0,3.0,32.0,0,0,JioMart,Fruits & Vegetables
CUST5034,10,417.1,2.0,26.9,0,1,JioMart,Beverages
CUST2173,10,620.7,3.2,29.3,0,0,Swiggy Instamart,Beverages
CUST4255,10,541.5,3.1,29.3,0,0,Blinkit,Personal Care
CUST5523,10,653.7,3.6,26.3,0,0,Blinkit,Fruits & Vegetables
CUST4982,10,585.1,2.6,30.7,0,0,Swiggy Instamart,Dairy
CUST1146,10,492.3,2.6,32.1,0,1,JioMart,Dairy
CUST3567,10,625.4,3.1,24.9,0,1,JioMart,Grocery
CUST9402,10,419.7,2.4,25.8,0,1,JioMart,Fruits & Vegetables
CUST3918,10,449.9,2.6,29.8,0,1,Blinkit,Snacks
CUST3334,10,512.4,3.4,30.0,0,0,JioMart,Grocery
CUST2759,10,534.4,2.5,31.1,0,1,Blinkit,Beverages
CUST2445,10,352.9,3.6,32.0,0,0,JioMart,Fruits & Vegetables
CUST8362,10,841.4,2.7,35.1,0,1,Blinkit,Beverages
CUST7210,10,378.5,3.2,19.2,0,0,JioMart,Fruits & Vegetables
CUST4039,10,607.3,3.5,32.9,0,0,Blinkit,Dairy
CUST4040,10,696.7,3.3,26.7,0,0,Blinkit,Beverages
CUST1103,10,461.9,3.7,25.2,0,0,Blinkit,Fruits & Vegetables
CUST1114,10,941.2,3.4,28.3,0,0,Swiggy Instamart,Personal Care
CUST3213,10,561.2,3.3,26.0,0,0,JioMart,Grocery
CUST1362,10,468.2,2.7,32.3,0,0,Blinkit,Beverages
CUST8687,10,454.7,2.8,31.4,0,0,Swiggy Instamart,Fruits & Vegetables
CUST5908,10,580.0,2.1,32.7,0,1,Swiggy Instamart,Snacks
CUST5799,10,689.4,3.9,33.1,0,0,Swiggy Instamart,Dairy
CUST4089,10,656.7,2.9,24.9,0,0,Swiggy Instamart,Fruits & Vegetables
CUST4333,10,868.2,3.8,29.9,0,0,JioMart,Personal Care
CUST1016,10,613.4,2.0,26.2,0,1,Swiggy Instamart,Dairy
CUST5665,10,556.4,3.4,27.0,0,0,Blinkit,Beverages
CUST6308,10,793.2,1.8,27.7,0,1,JioMart,Personal Care
CUST8810,10,818.3,3.5,40.2,0,0,Blinkit,Grocery
CUST2566,10,455.3,3.7,34.2,0,0,JioMart,Beverages
CUST9086,10,638.1,3.5,31.3,0,0,JioMart,Snacks
CUST6227,10,533.7,2.7,36.1,0,1,Blinkit,Fruits & Vegetables
CUST6135,10,675.9,3.2,35.3,0,0,JioMart,Grocery
CUST5549,10,590.6,3.0,27.6,0,0,Swiggy Instamart,Personal Care
CUST4744,10,508.2,3.1,38.1,0,0,Blinkit,Fruits & Vegetables
CUST2246,10,815.3,3.4,33.0,0,0,JioMart,Beverages
CUST2621,10,483.0,3.2,27.9,0,0,Swiggy Instamart,Fruits & Vegetables
CUST1983,10,521.0,2.7,28.2,0,1,Blinkit,Grocery
CUST8533,10,607.5,3.3,31.4,0,0,Swiggy Instamart,Dairy
CUST4844,10,683.6,3.3,32.0,0,0,Blinkit,Grocery
CUST2986,10,601.2,3.4,30.4,0,0,Blinkit,Personal Care
CUST5694,10,571.4,3.6,29.3,0,0,Swiggy Instamart,Beverages
CUST3745,10,562.1,3.7,23.7,0,0,JioMart,Fruits & Vegetables
CUST7479,10,751.6,2.9,31.1,0,0,Swiggy Instamart,Personal Care
CUST9535,10,891.7,3.2,27.9,0,0,Blinkit,Beverages
CUST5053,10,612.4,2.7,31.0,0,1,Swiggy Instamart,Personal Care
CUST1575,10,626.8,2.7,29.0,0,1,Blinkit,Dairy
CUST7467,10,610.0,3.7,35.5,0,0,JioMart,Dairy
CUST3675,10,348.3,3.9,28.7,0,0,JioMart,Fruits & Vegetables
CUST2297,10,400.7,3.2,32.6,0,0,Blinkit,Snacks
CUST6172,10,475.4,3.1,30.3,0,1,Swiggy Instamart,Dairy
CUST7757,10,519.2,2.9,24.8,0,0,Blinkit,Beverages
CUST3387,10,534.6,3.4,22.8,0,0,Swiggy Instamart,Fruits & Vegetables
CUST6142,10,429.2,4.0,30.2,0,0,JioMart,Snacks
CUST9175,10,783.5,3.7,28.7,0,0,Swiggy Instamart,Snacks
CUST3774,10,513.4,3.5,27.8,0,0,Blinkit,Beverages
CUST3843,10,709.5,1.9,32.1,0,1,Blinkit,Beverages
CUST6783,10,634.1,3.7,29.0,0,0,JioMart,Beverages
CUST8722,10,786.9,2.4,25.2,0,1,Swiggy Instamart,Personal Care
CUST3101,10,504.3,2.0,28.0,0,1,JioMart,Beverages
CUST9232,10,596.9,3.6,26.6,0,0,JioMart,Personal Care
CUST2967,10,571.3,3.3,30.6,0,0,Blinkit,Grocery
CUST1608,10,522.1,3.0,28.2,0,1,JioMart,Snacks
CUST6171,10,807.6,3.8,27.4,0,0,JioMart,Beverages
CUST1193,10,537.0,3.2,31.5,0,0,Swiggy Instamart,Snacks
CUST6981,10,675.8,3.0,27.9,0,1,JioMart,Beverages
CUST6785,10,630.2,2.8,35.5,0,0,Blinkit,Snacks
CUST3633,10,720.4,2.6,29.0,0,1,JioMart,Beverages
CUST2492,10,622.5,3.2,27.8,0,1,Blinkit,Grocery
CUST4699,10,493.6,4.0,31.0,0,0,Blinkit,Grocery
CUST2183,10,300.8,3.2,24.4,0,0,Swiggy Instamart,Fruits & Vegetables
CUST5977,10,436.2,2.4,35.9,1,0,Blinkit,Fruits & Vegetables
CUST5685,10,371.3,3.3,26.7,0,0,Swiggy Instamart,Fruits & Vegetables
CUST9451,10,534.1,3.4,36.3,0,0,JioMart,Beverages
CUST4225,10,624.5,3.0,29.4,0,1,JioMart,Grocery
CUST7489,10,403.8,4.1,25.6,0,0,JioMart,Dairy
CUST9093,10,538.9,2.6,31.0,0,1,Swiggy Instamart,Grocery
CUST4451,10,601.7,3.2,27.7,0,0,Swiggy Instamart,Beverages
CUST2523,10,708.8,2.8,31.5,0,1,JioMart,Snacks
CUST7618,10,519.1,3.8,24.6,0,0,Blinkit,Snacks
CUST5821,10,538.1,3.7,30.3,0,0,Blinkit,Snacks
CUST1066,10,592.1,4.1,27.4,0,0,Swiggy Instamart,Personal Care
CUST7892,10,580.1,3.5,29.9,0,0,JioMart,Personal Care
CUST5131,10,494.9,4.0,30.2,0,0,JioMart,Dairy
CUST2508,10,600.9,2.8,31.0,0,1,Blinkit,Dairy
CUST8392,10,507.4,3.6,31.9,0,0,Blinkit,Dairy
CUST5641,10,875.2,3.8,29.3,0,0,JioMart,Personal Care
CUST4805,10,440.3,3.5,30.6,0,0,Swiggy Instamart,Snacks
CUST6292,10,556.4,3.0,29.9,0,0,Blinkit,Fruits & Vegetables
CUST8644,10,343.3,3.3,26.2,0,0,JioMart,Beverages
CUST2340,10,628.5,3.2,23.7,0,0,JioMart,Personal Care
CUST1941,10,645.6,2.5,27.9,0,0,Blinkit,Beverages
CUST3871,10,442.5,2.7,32.8,0,1,Blinkit,Dairy
CUST9783,10,553.5,2.3,27.3,0,1,Swiggy Instamart,Fruits & Vegetables
CUST8904,10,641.9,3.5,29.7,0,0,Blinkit,Beverages
CUST6024,10,531.6,3.3,23.9,0,0,Blinkit,Grocery
CUST7522,10,590.5,3.7,36.3,0,0,JioMart,Personal Care
CUST2951,10,562.0,3.0,26.5,0,1,Blinkit,Beverages
CUST1701,10,1050.3,2.9,32.1,0,1,Blinkit,Dairy
CUST8695,10,516.8,3.8,29.1,0,0,Blinkit,Grocery
CUST1703,10,756.0,3.2,25.8,0,0,JioMart,Beverages
CUST8853,10,539.2,2.9,30.8,0,0,Blinkit,Fruits & Vegetables
CUST3576,10,712.0,2.6,23.0,0,1,JioMart,Personal Care
CUST6522,10,493.7,3.2,33.9,0,0,JioMart,Snacks
CUST4922,10,497.2,3.3,36.1,0,0,Blinkit,Fruits & Vegetables
CUST1914,10,711.1,3.4,21.7,0,0,Blinkit,Grocery
CUST6377,10,688.8,3.2,32.6,0,0,JioMart,Grocery
CUST3168,10,549.5,2.8,32.0,0,0,JioMart,Snacks
CUST4773,10,494.4,2.6,28.1,0,1,Blinkit,Fruits & Vegetables
CUST1706,10,574.4,3.7,25.8,0,0,JioMart,Grocery
CUST7918,10,502.1,2.6,29.1,0,0,Blinkit,Grocery
CUST7354,10,659.5,3.2,30.3,0,0,JioMart,Fruits & Vegetables
CUST1642,10,713.8,3.1,28.9,0,0,Swiggy Instamart,Personal Care
CUST1639,10,559.8,3.9,27.4,0,0,Swiggy Instamart,Grocery
CUST9868,10,493.6,4.0,32.1,0,0,JioMart,Personal Care
CUST1594,10,805.6,4.3,26.5,0,0,Blinkit,Dairy
CUST1305,10,382.7,3.5,32.9,0,0,Blinkit,Beverages
CUST5314,10,511.4,3.9,30.1,0,0,Swiggy Instamart,Snacks
CUST3193,10,701.7,2.7,25.6,0,1,Blinkit,Grocery
CUST3717,10,739.5,3.8,25.5,0,0,Swiggy Instamart,Personal Care
CUST3395,10,650.5,3.6,30.0,0,0,Swiggy Instamart,Personal Care
CUST4172,10,386.5,2.4,27.9,0,1,Swiggy Instamart,Beverages
CUST4983,10,417.1,3.3,29.7,0,0,Blinkit,Beverages
CUST6861,10,342.4,3.7,32.1,0,0,JioMart,Snacks
CUST6057,10,526.1,2.7,32.4,0,1,Blinkit,Fruits & Vegetables
CUST7042,10,608.0,2.8,26.8,0,1,Blinkit,Dairy
CUST4889,10,471.3,2.6,32.5,0,1,JioMart,Grocery
CUST3276,10,614.1,3.6,32.2,0,0,Blinkit,Beverages
CUST2090,10,691.3,3.8,25.5,0,0,Blinkit,Dairy
CUST3289,10,610.6,3.4,28.6,0,0,Swiggy Instamart,Beverages
CUST3637,10,578.2,3.6,26.4,0,0,Swiggy Instamart,Fruits & Vegetables
CUST1504,10,770.6,3.2,26.9,0,0,JioMart,Grocery
CUST6420,10,296.6,3.7,31.1,0,0,Swiggy Instamart,Snacks
CUST1082,10,632.0,3.5,29.4,0,0,Blinkit,Fruits & Vegetables
CUST4469,10,552.8,3.5,23.6,0,0,JioMart,Dairy
CUST5998,10,379.9,3.7,32.0,0,0,Blinkit,Fruits & Vegetables
CUST4934,10,458.8,3.5,27.7,0,0,Swiggy Instamart,Beverages
CUST7100,10,473.2,2.6,29.8,0,1,JioMart,Dairy
CUST4772,10,817.8,3.3,28.1,0,0,JioMart,Personal Care
CUST7158,10,724.2,3.2,32.6,0,0,Swiggy Instamart,Fruits & Vegetables
CUST8296,10,488.1,2.8,33.0,0,1,Blinkit,Fruits & Vegetables
CUST4183,10,515.2,2.8,29.9,0,1,Swiggy Instamart,Snacks
CUST2877,10,456.0,3.2,26.8,0,1,Blinkit,Dairy
CUST9992,10,481.6,3.3,26.2,0,0,JioMart,Beverages
CUST7637,10,708.2,4.3,30.6,0,0,JioMart,Beverages
CUST7335,10,917.3,3.0,21.3,0,0,Blinkit,Personal Care
CUST8137,10,398.8,3.2,36.5,0,0,JioMart,Snacks
CUST4861,10,696.3,2.9,31.0,0,1,Blinkit,Snacks
CUST6506,10,593.3,2.9,30.1,0,1,Blinkit,Dairy
CUST2955,10,680.6,3.0,33.1,0,0,Blinkit,Beverages
CUST3853,10,822.3,2.8,32.4,0,1,JioMart,Beverages
CUST1343,10,791.5,4.4,29.1,0,0,Blinkit,Dairy
CUST5376,10,518.4,4.1,27.9,0,0,Swiggy Instamart,Snacks
CUST1198,10,442.1,3.6,30.8,0,0,JioMart,Snacks
CUST9276,10,562.6,2.8,34.9,0,0,Blinkit,Dairy
CUST4579,10,560.9,3.3,29.7,0,0,Blinkit,Fruits & Vegetables
CUST7854,10,788.9,3.2,32.5,0,0,Blinkit,Dairy
CUST5633,10,777.0,3.5,30.3,0,0,Swiggy Instamart,Personal Care
CUST4720,10,573.3,4.0,29.7,0,0,Blinkit,Dairy
CUST6812,10,716.1,3.4,31.9,0,0,Swiggy Instamart,Beverages
CUST1620,10,592.5,3.6,25.8,0,0,JioMart,Dairy
CUST2938,10,483.3,3.0,28.5,0,0,JioMart,Beverages
CUST3263,10,722.0,3.6,28.7,0,0,JioMart,Beverages
CUST7839,10,673.5,3.7,25.3,0,0,Blinkit,Personal Care
CUST7174,10,489.6,3.6,29.1,0,0,JioMart,Fruits & Vegetables
CUST2345,10,411.1,2.8,33.4,0,1,Blinkit,Fruits & Vegetables
CUST1418,10,754.7,3.0,34.5,0,1,Swiggy Instamart,Fruits & Vegetables
CUST4464,10,634.1,3.2,24.7,0,0,Blinkit,Fruits & Vegetables
CUST4520,10,626.5,3.3,29.2,0,0,Blinkit,Beverages
CUST4195,10,541.7,4.0,25.3,0,0,Blinkit,Dairy
CUST1654,10,640.8,3.2,23.7,0,0,Blinkit,Dairy
CUST6866,10,599.2,3.5,26.4,0,0,Swiggy Instamart,Beverages
CUST5695,10,578.5,3.8,27.2,0,0,Swiggy Instamart,Beverages
CUST2016,10,716.2,2.7,30.6,0,1,JioMart,Beverages
CUST1529,10,614.4,3.0,27.8,0,0,JioMart,Grocery
CUST4327,10,412.9,3.8,28.6,0,0,Swiggy Instamart,Dairy
CUST5459,10,778.7,3.0,32.2,0,0,Swiggy Instamart,Grocery
CUST7630,10,628.1,2.7,34.0,0,1,JioMart,Beverages
CUST7738,10,634.2,2.9,28.0,0,1,Swiggy Instamart,Beverages
CUST4222,10,601.2,3.1,28.4,0,1,JioMart,Beverages
CUST1664,10,564.4,2.8,29.9,0,1,Blinkit,Personal Care
CUST1338,10,507.2,3.5,28.1,0,0,Swiggy Instamart,Fruits & Vegetables
CUST9570,10,393.6,3.5,33.0,0,0,Blinkit,Personal Care
CUST7616,10,585.3,3.3,30.3,0,0,Blinkit,Beverages
CUST7486,10,623.0,3.3,28.7,0,0,Blinkit,Beverages
CUST8324,10,861.2,2.9,28.3,0,1,JioMart,Personal Care
CUST8977,10,601.7,3.5,31.4,0,0,Blinkit,Fruits & Vegetables
CUST3903,10,715.3,4.0,25.2,0,0,JioMart,Dairy
CUST3845,10,467.4,3.2,32.2,0,0,Swiggy Instamart,Fruits & Vegetables
CUST2596,10,580.2,3.1,29.7,0,0,Swiggy Instamart,Dairy
CUST9973,10,650.1,2.5,30.3,0,1,Blinkit,Grocery
CUST9067,10,582.4,3.0,32.0,0,0,Blinkit,Fruits & Vegetables
CUST3173,10,366.8,3.6,30.5,0,0,Blinkit,Dairy
CUST7848,10,645.6,3.6,26.7,0,0,JioMart,Beverages
CUST1899,10,655.1,3.6,29.9,0,0,Blinkit,Beverages
CUST3701,10,691.0,3.5,33.5,0,0,Swiggy Instamart,Grocery
CUST3149,10,680.8,3.4,27.2,0,0,Blinkit,Beverages
CUST8772,10,560.9,3.3,27.9,0,0,JioMart,Dairy
CUST5423,10,757.0,3.3,26.6,0,0,Swiggy Instamart,Personal Care
CUST1632,10,556.2,3.2,30.1,0,0,JioMart,Beverages
CUST8236,10,466.8,3.8,31.1,0,0,JioMart,Fruits & Vegetables
CUST1751,10,539.8,3.8,30.2,0,0,Blinkit,Fruits & Vegetables
CUST4272,10,346.4,3.9,34.6,0,0,JioMart,Snacks
CUST9980,10,536.5,3.0,27.0,0,1,Blinkit,Snacks
CUST8875,10,545.7,3.2,27.1,0,0,JioMart,Dairy
CUST9989,10,602.5,3.2,27.1,0,0,JioMart,Fruits & Vegetables
CUST8920,10,884.4,3.0,28.0,0,0,Blinkit,Grocery
CUST5760,10,693.3,3.3,33.7,0,0,Blinkit,Fruits & Vegetables
CUST5395,10,532.2,3.0,27.1,0,0,Swiggy Instamart,Grocery
CUST7816,10,644.0,3.9,34.4,0,0,JioMart,Snacks
CUST8646,10,445.8,2.8,29.1,0,1,JioMart,Dairy
CUST5631,10,480.6,2.6,31.1,0,1,Blinkit,Snacks
CUST9523,10,830.9,3.1,30.4,0,0,Swiggy Instamart,Beverages
CUST6418,10,587.6,3.2,29.1,0,0,Swiggy Instamart,Grocery
CUST4238,10,656.4,3.2,28.1,0,0,Blinkit,Dairy
CUST3581,10,677.1,2.8,26.6,0,0,JioMart,Fruits & Vegetables
CUST8120,10,572.3,3.2,33.9,0,0,Blinkit,Grocery
CUST7614,10,604.0,3.6,29.7,0,0,JioMart,Fruits & Vegetables
CUST9759,10,662.2,4.1,27.1,0,0,Blinkit,Beverages
CUST1067,10,440.2,2.2,34.1,0,1,Blinkit,Dairy
CUST6449,10,538.3,3.5,28.1,0,0,Blinkit,Dairy
CUST8099,10,376.4,3.0,29.0,0,1,JioMart,Dairy
CUST1658,10,648.7,4.0,29.0,0,0,Swiggy Instamart,Grocery
CUST2182,10,923.5,3.2,27.3,0,0,Swiggy Instamart,Grocery
CUST4707,10,534.1,3.9,32.7,0,0,JioMart,Fruits & Vegetables
CUST6113,10,586.5,4.0,31.7,0,0,Blinkit,Dairy
CUST9207,10,499.9,3.6,28.7,0,0,JioMart,Fruits & Vegetables
CUST4308,10,578.3,2.5,31.2,0,1,Blinkit,Beverages
CUST6343,10,527.6,2.9,31.5,0,0,Swiggy Instamart,Fruits & Vegetables
CUST8506,10,490.1,2.6,32.7,0,0,Blinkit,Beverages
CUST3537,10,609.0,3.6,34.2,0,0,Swiggy Instamart,Dairy
CUST3808,10,583.3,3.9,31.2,0,0,Swiggy Instamart,Personal Care
CUST2138,10,499.0,3.3,29.6,0,0,Blinkit,Fruits & Vegetables
CUST8937,10,515.0,3.0,24.9,0,0,Swiggy Instamart,Dairy
CUST7732,10,485.3,3.2,26.2,0,0,Swiggy Instamart,Beverages
CUST5327,10,506.7,3.6,27.2,0,0,Blinkit,Beverages
CUST7602,10,633.1,2.6,33.0,0,1,JioMart,Grocery
CUST9448,10,747.1,3.5,31.5,0,0,Swiggy Instamart,Beverages
CUST5965,10,460.0,3.0,32.2,0,1,Blinkit,Grocery
CUST6999,10,562.3,4.5,32.3,0,0,Blinkit,Fruits & Vegetables
CUST1661,10,449.6,2.6,29.5,0,1,JioMart,Fruits & Vegetables
CUST4511,10,359.6,2.6,25.8,0,1,JioMart,Dairy
CUST2961,10,652.2,3.0,28.9,0,1,Blinkit,Grocery
CUST9681,10,610.0,3.4,30.8,0,0,Swiggy Instamart,Grocery
CUST8023,10,435.8,3.2,26.0,0,0,Blinkit,Beverages
CUST1759,10,743.8,3.0,32.2,0,1,JioMart,Snacks
CUST7204,10,493.3,3.6,27.5,0,0,Blinkit,Fruits & Vegetables
CUST6754,10,591.4,3.7,24.5,0,0,Blinkit,Beverages
CUST8040,10,564.1,3.0,34.7,0,0,JioMart,Personal Care
CUST2507,10,622.6,2.4,29.4,0,1,JioMart,Dairy
CUST3005,10,633.8,3.9,28.5,0,0,Blinkit,Dairy
CUST8266,10,621.3,3.0,31.3,0,1,Swiggy Instamart,Beverages
CUST7373,10,530.0,3.6,31.7,0,0,JioMart,Dairy
CUST5004,10,551.8,3.1,32.5,0,0,Swiggy Instamart,Dairy
CUST1421,10,780.8,3.9,26.0,0,0,JioMart,Grocery
CUST6052,10,620.9,3.8,25.7,0,0,Blinkit,Fruits & Vegetables
CUST4157,10,588.2,2.8,27.5,0,1,JioMart,Beverages
CUST7936,10,609.6,3.2,27.8,0,0,Blinkit,Dairy
CUST4942,10,810.1,3.0,27.7,0,0,JioMart,Personal Care
CUST2913,10,559.1,3.4,30.6,0,0,Blinkit,Fruits & Vegetables
CUST1326,10,670.2,2.8,26.9,0,0,Blinkit,Fruits & Vegetables
CUST4300,10,531.0,2.5,29.6,0,1,JioMart,Grocery
CUST3907,10,475.8,4.0,28.6,0,0,Blinkit,Fruits & Vegetables
CUST7908,10,737.3,2.8,32.0,0,1,Blinkit,Grocery
CUST8079,10,621.0,3.2,31.5,0,0,Blinkit,Beverages
CUST3700,10,374.6,3.1,32.9,0,0,JioMart,Beverages
CUST5141,10,694.1,3.0,26.4,0,0,JioMart,Grocery
CUST9291,10,486.5,3.5,25.3,0,0,JioMart,Grocery
CUST9340,10,987.4,3.2,32.7,0,1,JioMart,Beverages
CUST4472,10,527.9,3.0,28.1,0,0,JioMart,Dairy
CUST3235,10,703.8,3.7,33.1,0,0,JioMart,Beverages
CUST8982,10,611.5,4.2,29.5,0,0,Swiggy Instamart,Fruits & Vegetables
CUST7199,10,885.6,3.3,28.0,0,0,Blinkit,Grocery
CUST3750,10,623.4,3.4,21.9,0,0,Blinkit,Fruits & Vegetables
CUST6217,10,537.1,3.0,30.0,0,0,Blinkit,Fruits & Vegetables
CUST2949,10,337.1,3.2,31.9,0,0,Swiggy Instamart,Fruits & Vegetables
CUST1253,10,533.8,3.1,30.9,0,0,JioMart,Beverages
CUST3800,10,466.5,4.0,28.0,0,0,Swiggy Instamart,Personal Care
CUST6997,10,643.0,3.4,20.9,0,0,JioMart,Fruits & Vegetables
CUST7471,10,717.0,3.6,29.0,0,0,Blinkit,Grocery
CUST8824,10,467.4,3.2,32.1,0,0,Blinkit,Personal Care
CUST2271,10,439.1,3.4,26.0,0,0,Swiggy Instamart,Fruits & Vegetables
CUST4357,10,567.8,3.4,26.0,0,0,Swiggy Instamart,Snacks
CUST2665,10,787.9,3.5,29.8,0,0,Swiggy Instamart,Beverages
CUST3763,10,495.1,3.9,34.6,0,0,Blinkit,Beverages
CUST2437,10,939.6,3.3,19.9,0,0,Swiggy Instamart,Dairy
CUST6636,10,634.5,2.7,26.4,0,1,Swiggy Instamart,Beverages
CUST5602,10,559.0,2.9,30.0,0,1,JioMart,Snacks
CUST4813,10,551.7,4.3,27.0,0,0,Swiggy Instamart,Fruits & Vegetables
CUST3304,10,355.9,3.6,26.7,0,0,JioMart,Fruits & Vegetables
CUST7589,10,629.2,3.2,31.4,0,0,Blinkit,Dairy
CUST5707,10,712.9,2.7,29.2,0,1,JioMart,Personal Care
CUST1617,10,529.4,2.7,31.2,0,1,Blinkit,Beverages
CUST1263,10,514.7,3.0,27.4,0,1,Blinkit,Dairy
CUST1648,10,633.5,3.9,32.4,0,0,Swiggy Instamart,Personal Care
CUST6481,10,366.8,4.0,28.4,0,0,JioMart,Dairy
CUST1391,10,638.8,3.4,30.1,0,0,Swiggy Instamart,Personal Care
CUST7441,10,553.4,3.1,31.1,0,0,Swiggy Instamart,Dairy
CUST4879,10,643.3,3.3,28.9,0,0,Blinkit,Dairy
CUST4051,10,702.7,2.9,30.4,0,1,JioMart,Fruits & Vegetables
CUST9780,10,528.2,2.9,31.6,0,1,Blinkit,Beverages
CUST5341,10,562.2,3.0,31.9,0,0,JioMart,Dairy
CUST3582,10,684.0,3.8,30.7,0,0,JioMart,Grocery
CUST7492,10,526.4,2.9,31.8,0,1,Swiggy Instamart,Personal Care
CUST5884,10,571.8,4.4,25.7,0,0,JioMart,Dairy
CUST4239,10,473.0,2.8,29.3,0,0,JioMart,Beverages
CUST2793,10,559.2,3.3,33.5,0,0,Blinkit,Beverages
CUST6680,10,569.3,3.0,32.3,0,1,JioMart,Dairy
CUST6900,10,450.1,3.2,32.1,0,0,JioMart,Snacks
CUST2472,10,704.5,3.3,28.5,0,0,Swiggy Instamart,Personal Care
CUST3899,10,514.1,3.1,21.1,0,0,Blinkit,Beverages
CUST1901,10,643.2,3.7,28.9,0,0,JioMart,Grocery
CUST1185,10,710.9,2.7,33.4,0,1,Blinkit,Beverages
CUST7904,10,521.3,3.0,27.3,0,1,Blinkit,Fruits & Vegetables
CUST5274,10,514.7,3.2,31.6,0,1,Blinkit,Dairy
CUST7045,10,568.5,3.0,30.0,0,1,Swiggy Instamart,Fruits & Vegetables
CUST7136,10,600.1,3.0,29.9,0,1,Blinkit,Grocery
CUST1102,10,496.4,3.2,28.6,0,0,Swiggy Instamart,Snacks
CUST2934,10,451.0,3.4,25.0,0,0,Blinkit,Beverages
CUST5456,10,610.3,3.5,32.0,0,0,JioMart,Beverages
CUST2685,10,570.9,3.5,30.2,0,0,JioMart,Fruits & Vegetables
CUST9336,10,494.6,3.8,28.0,0,0,JioMart,Beverages
CUST5165,10,450.5,2.6,27.2,0,1,JioMart,Fruits & Vegetables
CUST7796,10,598.6,4.4,24.8,0,0,Blinkit,Fruits & Vegetables
CUST4496,10,332.7,2.4,22.9,0,1,Blinkit,Snacks
CUST7153,10,587.6,2.4,28.9,0,1,Blinkit,Beverages
CUST9135,10,457.8,2.9,27.0,0,0,JioMart,Snacks
CUST3558,10,575.5,3.0,29.0,0,1,Swiggy Instamart,Personal Care
CUST7092,10,448.0,3.8,30.7,0,0,JioMart,Snacks
CUST2559,10,474.3,3.2,26.6,0,0,Blinkit,Dairy
CUST4299,10,617.3,3.2,26.2,0,0,Blinkit,Grocery
CUST2975,10,324.9,2.1,29.0,0,1,Blinkit,Fruits & Vegetables
CUST7270,10,565.7,3.1,30.6,0,0,Blinkit,Personal Care
CUST2120,10,487.9,2.7,25.2,0,1,Blinkit,Beverages
CUST7337,10,478.8,2.6,27.4,0,1,Swiggy Instamart,Beverages
CUST8717,10,645.6,2.7,28.9,0,1,Swiggy Instamart,Snacks
CUST1273,10,520.2,3.5,27.5,0,0,JioMart,Beverages
CUST4534,10,581.5,2.8,30.8,0,1,Blinkit,Personal Care
CUST5258,10,552.8,3.1,28.7,0,0,Blinkit,Personal Care
CUST2025,10,616.9,2.9,30.9,0,0,JioMart,Grocery
CUST4063,10,697.8,4.1,30.6,0,0,JioMart,Dairy
CUST3838,10,506.1,4.1,29.9,0,0,JioMart,Personal Care
CUST2912,10,514.9,3.5,24.3,0,0,JioMart,Snacks
CUST8897,10,571.1,2.3,27.1,0,1,JioMart,Beverages
CUST9801,10,503.9,4.2,28.2,0,0,JioMart,Dairy
CUST8596,10,616.6,3.4,28.4,0,0,Blinkit,Snacks
CUST4672,10,445.9,3.5,30.7,0,0,JioMart,Beverages
CUST4196,10,720.7,2.8,35.7,0,1,Blinkit,Beverages
CUST3740,10,416.5,3.2,29.2,0,1,Blinkit,Snacks
CUST1681,10,557.0,3.1,34.2,0,0,JioMart,Fruits & Vegetables
CUST6711,10,446.1,3.5,32.0,0,0,Swiggy Instamart,Dairy
CUST2368,10,492.6,3.1,27.6,0,0,JioMart,Dairy
CUST6289,10,682.7,3.0,33.7,0,0,Blinkit,Dairy
CUST5402,10,473.4,2.9,28.4,0,1,Blinkit,Snacks
CUST7063,10,542.3,4.0,30.0,0,0,Blinkit,Beverages
CUST9044,10,527.8,3.0,31.4,0,0,JioMart,Beverages
CUST7341,10,565.4,3.5,33.3,0,0,JioMart,Grocery
CUST4947,10,629.7,2.3,26.8,0,1,Blinkit,Fruits & Vegetables
CUST5773,10,567.5,3.1,34.2,0,0,JioMart,Grocery
CUST2014,10,829.7,4.0,37.7,0,0,JioMart,Personal Care
CUST1544,10,680.1,3.2,32.5,0,0,Swiggy Instamart,Dairy
CUST7465,10,597.3,2.3,30.2,0,1,JioMart,Fruits & Vegetables
CUST1370,10,581.5,3.7,30.1,0,0,Blinkit,Fruits & Vegetables
CUST9499,10,371.3,4.1,23.3,0,0,Swiggy Instamart,Fruits & Vegetables
CUST2712,10,669.8,3.3,31.1,0,0,Blinkit,Dairy
CUST5840,10,662.9,3.3,27.0,0,0,JioMart,Beverages
CUST8067,10,717.9,3.2,27.5,0,0,Swiggy Instamart,Personal Care
CUST7724,10,598.8,3.6,26.5,0,0,Swiggy Instamart,Dairy
CUST6706,10,572.9,3.0,28.8,0,0,JioMart,Dairy
CUST2599,10,569.0,3.8,27.4,0,0,Blinkit,Beverages
CUST3773,10,714.0,3.7,28.2,0,0,Blinkit,Dairy
CUST4015,10,559.1,3.2,31.6,0,0,Swiggy Instamart,Beverages
CUST1257,10,500.2,2.7,29.0,0,1,Blinkit,Fruits & Vegetables
CUST1762,10,807.9,3.8,31.7,0,0,Blinkit,Personal Care
CUST1155,10,705.7,3.2,34.1,0,0,Blinkit,Dairy
CUST8036,10,989.0,2.8,29.3,0,0,Swiggy Instamart,Grocery
CUST3716,10,613.3,3.2,26.2,0,1,Swiggy Instamart,Fruits & Vegetables
CUST9735,10,873.7,2.5,30.7,0,1,JioMart,Grocery
CUST2125,10,614.2,2.7,33.5,0,1,Swiggy Instamart,Fruits & Vegetables
CUST9522,10,649.6,3.5,35.0,0,0,Swiggy Instamart,Personal Care
CUST6580,10,775.9,3.0,21.8,0,0,JioMart,Personal Care
CUST6347,10,578.4,3.7,31.1,0,0,JioMart,Grocery
CUST4737,10,531.7,3.4,29.6,0,0,Blinkit,Dairy
CUST7225,10,528.6,3.0,29.4,0,1,Swiggy Instamart,Beverages
CUST5592,10,535.2,4.1,27.8,0,0,Swiggy Instamart,Dairy
CUST5139,10,606.4,3.1,32.1,0,1,Swiggy Instamart,Beverages
CUST4881,10,436.2,2.4,28.4,0,1,JioMart,Fruits & Vegetables
CUST5508,10,478.0,3.4,26.7,0,0,Swiggy Instamart,Fruits & Vegetables
CUST7999,10,572.1,2.7,26.8,0,0,JioMart,Fruits & Vegetables
CUST6642,10,547.4,3.3,32.1,0,0,JioMart,Beverages
CUST6278,10,473.6,2.6,29.8,0,1,JioMart,Beverages
CUST8528,10,426.9,3.1,32.9,0,0,JioMart,Beverages
CUST4041,10,505.7,3.5,24.6,0,0,JioMart,Fruits & Vegetables
CUST7847,10,579.1,3.1,29.5,0,0,Swiggy Instamart,Grocery
CUST3206,10,827.6,2.8,23.3,0,1,Swiggy Instamart,Grocery
CUST1944,10,618.4,2.7,31.5,0,1,JioMart,Fruits & Vegetables
CUST7761,10,639.3,4.5,22.8,0,0,Swiggy Instamart,Dairy
CUST5538,10,580.1,3.4,25.6,0,0,Swiggy Instamart,Grocery
CUST4936,10,794.0,3.4,27.3,0,0,Swiggy Instamart,Personal Care
CUST9599,10,822.9,3.5,27.9,0,0,Swiggy Instamart,Beverages
CUST1265,10,696.4,2.4,28.3,0,1,Blinkit,Beverages
CUST3497,10,726.3,3.6,33.0,0,0,Blinkit,Dairy
CUST2708,10,659.3,3.0,30.5,0,0,Swiggy Instamart,Grocery
CUST9160,10,703.4,3.6,32.2,0,0,Blinkit,Dairy
CUST3097,10,417.6,3.6,36.8,0,0,Blinkit,Snacks
CUST6239,10,645.8,3.5,30.9,0,0,Blinkit,Snacks
CUST8945,10,815.6,3.3,25.4,0,0,Blinkit,Grocery
CUST1000,10,544.9,2.6,26.8,0,1,Blinkit,Beverages
CUST1403,10,540.6,3.6,24.2,0,0,Blinkit,Personal Care
CUST9287,10,363.0,3.6,27.3,0,0,JioMart,Dairy
CUST7409,10,731.4,3.0,26.2,0,0,JioMart,Personal Care
CUST9664,10,728.8,3.4,30.8,0,0,Blinkit,Dairy
CUST9715,10,582.1,3.2,29.7,0,0,JioMart,Beverages
CUST6671,10,755.5,3.6,25.9,0,0,Blinkit,Beverages
CUST4037,10,630.6,4.2,28.9,0,0,Blinkit,Dairy
CUST5516,10,601.9,3.8,27.5,0,0,Blinkit,Snacks
CUST1924,10,818.4,3.1,30.6,0,0,Swiggy Instamart,Personal Care
CUST3295,10,425.4,4.0,32.7,0,0,Blinkit,Dairy
CUST8625,10,478.9,4.3,30.6,0,0,JioMart,Dairy
CUST4159,10,533.7,3.5,30.1,0,0,Swiggy Instamart,Beverages
CUST6417,10,727.8,3.1,33.7,0,0,JioMart,Personal Care
CUST3371,10,321.1,3.3,32.5,0,0,Blinkit,Snacks
CUST5878,10,644.1,2.8,28.5,0,0,JioMart,Grocery
CUST1353,10,733.1,2.6,32.2,0,1,Blinkit,Personal Care
CUST4662,10,867.4,3.1,30.0,0,0,Swiggy Instamart,Personal Care
CUST7359,10,765.5,2.3,35.3,0,1,Swiggy Instamart,Personal Care
CUST2923,10,589.6,3.0,31.6,0,0,Blinkit,Dairy
CUST7813,10,711.9,3.2,32.4,0,0,Blinkit,Personal Care
CUST2904,10,491.6,2.9,29.1,0,0,Blinkit,Snacks
CUST6697,10,621.9,3.4,33.5,0,0,Swiggy Instamart,Grocery
CUST2943,10,619.7,3.8,32.5,0,0,JioMart,Snacks
CUST4716,10,716.5,3.8,32.6,0,0,JioMart,Beverages
CUST6923,10,507.7,2.3,34.1,0,1,Blinkit,Dairy
CUST8502,10,490.5,2.8,24.9,0,0,Blinkit,Dairy
CUST9498,10,490.1,3.0,32.5,0,0,Blinkit,Beverages
CUST4972,10,753.9,2.9,31.1,0,0,Blinkit,Beverages
CUST1831,10,402.7,3.0,29.4,0,0,JioMart,Fruits & Vegetables
CUST2641,10,660.0,3.0,34.6,0,0,Blinkit,Grocery
CUST3169,10,465.8,3.0,30.5,0,1,JioMart,Dairy
CUST8686,10,563.4,3.5,27.4,0,0,Blinkit,Fruits & Vegetables
CUST1810,10,861.9,3.1,31.4,0,0,Blinkit,Personal Care
CUST5038,10,319.8,3.0,28.6,0,0,Swiggy Instamart,Snacks
CUST2573,10,723.0,4.1,29.8,0,0,JioMart,Grocery
CUST6858,10,580.1,3.4,28.5,0,0,Swiggy Instamart,Personal Care
CUST9487,10,726.1,3.6,31.0,0,0,JioMart,Dairy
CUST7661,10,470.7,2.6,27.5,0,1,JioMart,Beverages
CUST5935,10,557.0,3.6,26.4,0,0,Swiggy Instamart,Beverages
CUST3198,10,450.7,3.5,32.4,0,0,Blinkit,Grocery
CUST8793,10,434.3,2.6,27.5,0,1,Blinkit,Snacks
CUST4118,10,514.6,2.6,29.7,0,1,Swiggy Instamart,Fruits & Vegetables
CUST9532,10,387.7,2.1,33.5,0,1,JioMart,Personal Care
CUST1088,10,500.1,3.2,32.0,0,0,JioMart,Dairy
CUST6271,10,858.8,4.3,34.5,0,0,JioMart,Personal Care
CUST4944,10,599.8,2.6,27.7,0,1,JioMart,Dairy
CUST4399,10,918.2,2.7,25.1,0,0,Swiggy Instamart,Personal Care
CUST5997,10,808.9,3.2,29.3,0,0,Blinkit,Dairy
CUST8487,10,961.7,2.5,32.1,0,1,Blinkit,Grocery
CUST6995,10,519.6,3.5,26.0,0,0,JioMart,Dairy
CUST1838,10,462.0,4.3,28.4,0,0,JioMart,Beverages
CUST8378,10,719.8,3.1,31.0,0,0,Blinkit,Dairy
CUST4261,10,344.0,3.0,25.2,0,1,Blinkit,Dairy
CUST9341,10,859.8,2.8,30.0,0,1,Swiggy Instamart,Personal Care
CUST1015,10,735.2,3.1,32.6,0,0,JioMart,Personal Care
CUST7765,10,707.8,2.7,27.1,0,0,Swiggy Instamart,Fruits & Vegetables
CUST5758,10,592.4,3.0,29.4,0,0,Swiggy Instamart,Snacks
CUST1689,10,488.7,2.6,24.4,0,1,Blinkit,Beverages
CUST4866,10,443.5,3.0,34.1,0,0,Swiggy Instamart,Snacks
CUST4279,10,640.3,2.2,33.6,0,1,Swiggy Instamart,Grocery
CUST4515,10,567.1,3.0,33.8,0,0,Blinkit,Fruits & Vegetables
CUST3114,10,733.0,3.9,27.7,0,0,JioMart,Beverages
CUST9094,10,532.9,3.1,35.5,0,1,Swiggy Instamart,Beverages
CUST6545,10,585.7,3.2,26.3,0,0,JioMart,Dairy
CUST3033,10,470.4,2.3,26.0,0,1,Swiggy Instamart,Snacks
CUST9104,10,515.1,4.0,25.8,0,0,JioMart,Grocery
CUST6001,10,639.0,3.8,29.4,0,0,Blinkit,Dairy
CUST2837,10,440.3,3.6,29.3,0,0,JioMart,Snacks
CUST2412,10,781.9,3.3,29.6,0,0,Swiggy Instamart,Personal Care
CUST9612,10,513.4,3.2,25.2,0,0,Swiggy Instamart,Beverages
CUST5653,10,580.9,3.7,31.9,0,0,Blinkit,Dairy
CUST2292,10,429.4,3.7,30.4,0,0,Blinkit,Beverages
CUST1923,10,636.5,2.9,32.0,0,0,Swiggy Instamart,Beverages
CUST9433,10,458.0,2.5,29.8,0,1,JioMart,Dairy
CUST8864,10,595.0,3.9,29.3,0,0,Blinkit,Beverages
CUST9438,10,490.6,2.8,25.1,0,1,Swiggy Instamart,Snacks
CUST2585,10,644.3,3.0,27.4,0,0,JioMart,Snacks
CUST2033,10,844.1,3.3,32.4,0,0,Swiggy Instamart,Dairy
CUST2802,10,806.6,2.4,28.7,0,1,JioMart,Grocery
CUST9292,10,674.6,2.7,32.0,0,0,JioMart,Dairy
CUST9632,10,690.9,3.4,35.6,0,0,JioMart,Dairy
CUST3730,10,636.6,4.3,27.1,0,0,Blinkit,Grocery
CUST3335,10,740.5,3.6,33.4,0,0,JioMart,Fruits & Vegetables
CUST8042,10,362.6,3.1,32.2,0,0,JioMart,Dairy
CUST1599,10,762.3,4.0,26.7,0,0,Blinkit,Fruits & Vegetables
CUST7029,10,480.0,3.6,32.5,0,0,JioMart,Beverages
CUST5113,10,420.2,3.2,30.4,0,0,JioMart,Snacks
CUST3614,10,561.2,3.2,28.2,0,0,JioMart,Fruits & Vegetables
CUST6759,10,911.3,3.3,29.0,0,0,Blinkit,Grocery
CUST1570,10,529.2,3.9,31.5,0,0,Blinkit,Grocery
CUST4661,10,446.3,3.3,31.4,0,0,Blinkit,Personal Care
CUST3982,10,342.0,2.6,27.4,0,1,JioMart,Snacks
CUST8361,10,646.4,3.0,27.8,0,1,Blinkit,Fruits & Vegetables
CUST8391,10,506.6,3.2,23.7,0,0,Blinkit,Grocery
CUST3908,10,621.5,3.8,31.0,0,0,Swiggy Instamart,Fruits & Vegetables
CUST1740,10,478.4,3.4,29.6,0,0,Blinkit,Fruits & Vegetables
CUST9484,10,474.4,3.6,28.0,0,0,JioMart,Dairy
CUST6852,10,666.5,3.5,24.4,0,0,JioMart,Beverages
CUST7097,10,901.3,3.4,31.5,0,0,Blinkit,Grocery
CUST2996,10,571.5,2.5,31.9,0,1,Blinkit,Snacks
CUST6221,10,650.0,3.7,24.4,0,0,Swiggy Instamart,Dairy
CUST3392,10,695.2,3.0,28.1,0,0,Blinkit,Dairy
CUST3254,10,561.3,3.1,29.9,0,0,JioMart,Dairy
CUST4676,10,731.9,3.1,28.1,0,1,JioMart,Grocery
CUST1412,10,794.4,3.3,29.8,0,0,JioMart,Personal Care
CUST9654,10,567.8,3.0,31.7,0,0,Swiggy Instamart,Beverages
CUST3600,10,495.8,2.9,30.5,0,1,Blinkit,Dairy
CUST6598,10,536.0,3.4,31.7,0,0,JioMart,Grocery
CUST5128,10,849.1,3.9,28.4,0,0,Blinkit,Personal Care
CUST2335,10,471.2,3.3,26.4,0,0,JioMart,Fruits & Vegetables
CUST9722,10,759.9,3.2,34.8,0,0,JioMart,Fruits & Vegetables
CUST4640,10,640.0,3.5,27.4,0,0,Swiggy Instamart,Fruits & Vegetables
CUST5620,10,430.8,3.5,31.4,0,0,JioMart,Beverages
CUST3147,10,465.8,3.0,21.3,0,0,Blinkit,Fruits & Vegetables
CUST9331,10,659.7,2.7,32.2,0,1,Swiggy Instamart,Fruits & Vegetables
CUST2853,10,517.3,3.2,33.2,0,0,JioMart,Personal Care
CUST4642,10,611.0,3.7,29.5,0,0,JioMart,Grocery
CUST9256,10,384.0,2.9,28.6,0,0,Swiggy Instamart,Snacks
CUST7659,10,487.4,2.8,30.5,0,0,JioMart,Dairy
CUST4833,10,528.5,3.0,26.0,0,1,Swiggy Instamart,Dairy
CUST1872,10,599.9,3.1,29.7,0,1,JioMart,Fruits & Vegetables
CUST8873,10,559.1,3.9,29.0,0,0,JioMart,Grocery
CUST6928,10,806.3,3.6,25.1,0,0,Blinkit,Grocery
CUST9100,10,501.0,2.7,28.6,0,1,Swiggy Instamart,Snacks
CUST9477,10,552.5,2.3,32.1,0,1,Blinkit,Beverages
CUST6179,10,540.8,3.2,28.8,0,0,Blinkit,Dairy
CUST4597,10,640.9,3.5,27.0,0,0,JioMart,Snacks
CUST9112,10,720.3,2.2,29.3,0,1,Blinkit,Grocery
CUST4370,10,453.5,3.2,29.6,0,1,JioMart,Fruits & Vegetables
CUST8008,10,641.5,3.2,29.7,0,0,Swiggy Instamart,Grocery
CUST6007,10,455.0,3.3,31.5,0,0,JioMart,Snacks
CUST1940,10,477.4,4.3,32.6,0,0,JioMart,Beverages
CUST5683,10,383.2,2.7,27.4,0,0,Blinkit,Fruits & Vegetables
CUST8565,10,589.3,3.0,24.4,0,0,Swiggy Instamart,Dairy
CUST6267,10,700.9,4.0,31.7,0,0,JioMart,Personal Care
CUST9820,10,311.7,2.9,26.8,0,1,Blinkit,Snacks
CUST2695,10,408.3,2.9,28.5,0,0,Blinkit,Snacks
CUST3827,10,594.8,4.0,27.1,0,0,Swiggy Instamart,Beverages
CUST7163,10,628.1,3.2,30.4,0,0,Blinkit,Beverages
CUST7878,10,714.5,3.0,23.6,0,0,Blinkit,Dairy
CUST6585,10,756.8,2.9,25.8,0,1,JioMart,Dairy
CUST3578,10,661.9,3.9,28.9,0,0,JioMart,Fruits & Vegetables
CUST6537,10,699.5,3.0,29.0,0,0,Blinkit,Grocery
CUST9832,10,554.1,3.6,34.5,0,0,Blinkit,Dairy
CUST9497,10,424.0,3.0,28.8,0,1,Swiggy Instamart,Snacks
CUST5475,10,472.9,3.0,32.0,0,1,Blinkit,Beverages
CUST2864,10,650.2,2.3,37.2,0,1,Swiggy Instamart,Dairy
CUST5938,10,565.4,4.3,27.1,0,0,Blinkit,Beverages
CUST6375,10,717.6,3.4,29.0,0,0,Swiggy Instamart,Personal Care
CUST6552,10,520.2,2.2,33.2,0,1,Blinkit,Fruits & Vegetables
CUST3857,10,592.2,3.1,32.2,0,0,Swiggy Instamart,Beverages
CUST8147,10,592.9,2.3,25.7,0,1,Swiggy Instamart,Fruits & Vegetables
CUST1307,10,542.1,2.6,30.1,0,1,Blinkit,Dairy
CUST2275,10,580.1,4.0,26.3,0,0,JioMart,Personal Care
CUST4674,10,678.0,3.7,26.3,0,0,Blinkit,Snacks
CUST7992,10,1019.5,3.7,28.8,0,0,Blinkit,Beverages
CUST2099,10,419.0,2.9,29.0,0,0,JioMart,Dairy
CUST9463,10,592.3,3.2,33.9,0,0,JioMart,Dairy
CUST6793,10,561.4,3.4,23.7,0,0,JioMart,Fruits & Vegetables
CUST6322,10,528.1,3.9,32.4,0,0,JioMart,Snacks
CUST7449,10,484.3,3.1,28.8,0,0,Blinkit,Dairy
CUST2660,10,579.9,3.8,33.1,0,0,JioMart,Personal Care
CUST8985,10,387.2,2.6,29.2,0,1,Blinkit,Grocery
CUST2336,10,694.4,3.4,30.0,0,0,JioMart,Grocery
CUST4521,10,518.5,2.9,31.6,0,1,JioMart,Snacks
CUST8512,10,517.7,3.2,24.8,0,0,Blinkit,Grocery
CUST2947,10,350.8,3.0,32.7,0,1,Blinkit,Snacks
CUST2882,10,474.0,3.3,28.0,0,0,Blinkit,Beverages
CUST9633,10,778.5,3.9,29.4,0,0,Swiggy Instamart,Beverages
CUST3324,10,550.4,3.8,30.0,0,0,Blinkit,Dairy
CUST8313,10,723.4,3.5,32.8,0,0,Blinkit,Personal Care
CUST2627,10,672.0,3.4,23.0,0,0,Blinkit,Dairy
CUST1992,10,531.5,3.0,28.4,0,0,Blinkit,Beverages
CUST4538,10,400.0,3.0,30.9,0,1,Blinkit,Dairy
CUST2801,10,544.0,3.2,29.1,0,0,JioMart,Dairy
CUST2780,10,614.9,3.6,32.5,0,0,Blinkit,Beverages
CUST3651,10,719.7,3.1,32.3,0,0,Swiggy Instamart,Beverages
CUST4251,10,413.3,3.2,28.2,0,0,Swiggy Instamart,Snacks
CUST2768,10,567.1,4.0,28.3,0,0,Swiggy Instamart,Dairy
CUST2204,10,631.5,3.4,26.5,0,0,JioMart,Beverages
CUST7779,10,549.9,2.4,35.2,0,1,Swiggy Instamart,Beverages
CUST4480,10,873.5,3.1,28.8,0,0,JioMart,Beverages
CUST8658,10,569.7,3.4,32.3,0,0,JioMart,Dairy
CUST1039,10,707.7,3.3,28.8,0,0,JioMart,Dairy
CUST5357,10,769.4,3.4,25.8,0,0,JioMart,Beverages
CUST9929,10,448.1,4.3,30.8,0,0,Blinkit,Fruits & Vegetables
CUST9002,10,626.4,3.3,26.9,0,0,Blinkit,Fruits & Vegetables
CUST4691,10,598.2,3.0,28.7,0,0,Swiggy Instamart,Fruits & Vegetables
CUST4647,10,566.9,3.4,30.2,0,0,Swiggy Instamart,Grocery
CUST7023,10,415.0,3.7,34.9,0,0,Swiggy Instamart,Dairy
CUST6352,10,674.7,3.6,28.8,0,0,Blinkit,Fruits & Vegetables
CUST3877,10,528.3,3.4,30.1,0,0,Swiggy Instamart,Personal Care
CUST2377,10,1038.1,4.2,28.2,0,0,Swiggy Instamart,Personal Care
CUST4474,10,533.0,3.4,30.6,0,0,Swiggy Instamart,Fruits & Vegetables
CUST3467,10,663.6,4.4,27.7,0,0,JioMart,Personal Care
CUST7734,10,731.7,3.5,31.3,0,0,Swiggy Instamart,Grocery
CUST4821,10,672.3,2.9,27.4,0,1,JioMart,Dairy
CUST9988,10,547.4,3.2,31.2,0,0,Blinkit,Dairy
CUST3715,10,362.5,3.5,34.8,0,0,Blinkit,Fruits & Vegetables
CUST5951,10,584.6,3.6,32.2,0,0,Swiggy Instamart,Beverages
CUST9071,10,726.9,4.4,26.6,0,0,Blinkit,Grocery
CUST9896,10,575.2,2.8,34.0,0,1,Blinkit,Fruits & Vegetables
CUST6661,10,770.0,3.5,28.2,0,0,JioMart,Grocery
CUST7141,10,670.8,3.8,32.9,0,0,Swiggy Instamart,Dairy
CUST3785,10,593.6,3.4,30.8,0,0,JioMart,Grocery
CUST5837,10,766.9,2.5,26.6,0,1,Blinkit,Beverages
CUST8622,10,444.2,2.8,27.8,0,1,Blinkit,Fruits & Vegetables
CUST9265,10,614.1,3.4,31.6,0,0,Blinkit,Snacks
CUST6032,10,480.3,2.3,31.2,0,1,Blinkit,Fruits & Vegetables
CUST2672,10,568.3,2.9,20.8,0,1,Swiggy Instamart,Personal Care
CUST3436,10,907.4,3.0,29.4,0,0,Blinkit,Personal Care
CUST4758,10,824.2,3.9,28.6,0,0,Blinkit,Personal Care
CUST5097,10,651.8,3.0,29.3,0,1,JioMart,Personal Care
CUST7302,10,788.9,3.0,28.3,0,0,Blinkit,Dairy
CUST2747,10,461.0,3.6,26.4,0,0,JioMart,Beverages
CUST8745,10,887.4,2.4,26.0,0,1,JioMart,Grocery
CUST5083,10,510.5,3.2,28.9,0,0,JioMart,Fruits & Vegetables
CUST3240,10,382.2,3.3,26.2,0,0,JioMart,Beverages
CUST2225,10,697.0,3.6,29.2,0,0,Blinkit,Beverages
CUST6272,10,820.6,3.9,29.7,0,0,Blinkit,Fruits & Vegetables
CUST4826,10,660.4,3.3,25.5,0,0,Blinkit,Beverages
CUST7325,10,533.8,2.8,23.7,0,1,Swiggy Instamart,Dairy
CUST2803,10,587.7,2.7,24.3,0,1,Swiggy Instamart,Grocery
CUST7849,10,474.5,2.7,30.6,0,1,Blinkit,Beverages
CUST1779,10,738.6,4.0,33.6,0,0,Swiggy Instamart,Beverages
CUST2231,10,547.6,2.8,33.5,0,1,JioMart,Snacks
CUST3970,10,391.8,2.7,26.8,0,1,Blinkit,Personal Care
CUST9607,10,575.6,3.1,28.2,0,1,Swiggy Instamart,Dairy
CUST4011,10,672.3,3.3,25.0,0,0,Blinkit,Personal Care
CUST2644,10,562.9,3.7,28.8,0,0,Swiggy Instamart,Snacks
CUST4491,10,546.4,2.6,27.0,0,1,Swiggy Instamart,Beverages
CUST1614,10,391.0,2.9,28.2,0,1,Blinkit,Beverages
CUST8994,10,504.0,3.1,32.8,0,0,Blinkit,Beverages
CUST8237,10,612.0,3.4,31.2,0,0,JioMart,Beverages
CUST2414,10,558.1,3.5,33.4,0,0,JioMart,Beverages
CUST4556,10,717.0,2.4,26.8,0,1,Swiggy Instamart,Personal Care
CUST9891,10,557.9,3.4,26.3,0,0,Swiggy Instamart,Fruits & Vegetables
CUST9847,10,353.3,3.5,29.5,0,0,Blinkit,Beverages
CUST3517,10,436.7,2.8,25.3,0,0,JioMart,Dairy
CUST3634,10,585.2,3.0,27.8,0,0,JioMart,Beverages
CUST7744,10,580.3,2.8,31.4,0,1,JioMart,Beverages
CUST1601,10,588.0,3.6,31.9,0,0,JioMart,Beverages
CUST1224,10,419.5,3.5,27.4,0,0,Swiggy Instamart,Snacks
CUST2899,10,500.9,3.6,25.6,0,0,Blinkit,Snacks
CUST8694,10,412.7,4.1,29.3,0,0,Swiggy Instamart,Fruits & Vegetables
CUST5719,10,365.0,2.8,27.9,0,1,Blinkit,Fruits & Vegetables
CUST9453,10,866.3,3.9,33.7,0,0,Swiggy Instamart,Personal Care
CUST7307,10,533.2,2.8,29.6,0,0,Blinkit,Dairy
CUST3236,10,582.4,3.2,23.3,0,0,Swiggy Instamart,Personal Care
CUST9318,10,865.1,2.9,31.9,0,1,Blinkit,Personal Care
CUST6505,10,556.0,3.3,27.2,0,0,JioMart,Fruits & Vegetables
CUST7818,10,631.2,4.1,31.8,0,0,Blinkit,Grocery
CUST6003,10,605.6,2.6,31.9,0,1,JioMart,Grocery
CUST3564,10,809.0,3.1,28.7,0,0,Blinkit,Personal Care
CUST5771,10,431.8,3.3,26.6,0,0,Blinkit,Snacks
CUST1534,10,661.6,3.3,21.2,0,0,JioMart,Dairy
CUST4792,10,849.2,3.6,27.0,0,0,Blinkit,Personal Care
CUST5720,10,713.2,3.5,27.3,0,0,Blinkit,Dairy
CUST8438,10,536.6,3.4,28.2,0,0,Blinkit,Beverages
CUST2166,10,440.2,3.2,29.6,0,0,Swiggy Instamart,Dairy
CUST4824,10,623.8,3.3,32.7,0,0,JioMart,Fruits & Vegetables
CUST1705,10,441.0,4.2,23.8,0,0,Blinkit,Fruits & Vegetables
CUST1747,10,562.6,3.4,20.3,0,0,Blinkit,Beverages
CUST9502,10,582.3,3.5,32.3,0,0,JioMart,Dairy
CUST1977,10,603.2,3.8,34.4,0,0,JioMart,Dairy
CUST6457,10,508.3,2.9,21.9,0,1,JioMart,Beverages
CUST4777,10,558.7,3.4,28.4,0,0,Swiggy Instamart,Fruits & Vegetables
CUST5232,10,734.8,2.7,28.2,0,1,JioMart,Dairy
CUST4130,10,849.7,3.3,25.6,0,0,Swiggy Instamart,Fruits & Vegetables
CUST4954,10,581.1,3.9,36.1,0,0,Swiggy Instamart,Beverages
CUST4031,10,320.9,2.7,33.2,0,1,JioMart,Fruits & Vegetables
CUST4355,10,684.0,3.8,31.2,0,0,JioMart,Fruits & Vegetables
CUST3026,10,399.2,4.2,27.1,0,0,Swiggy Instamart,Snacks
CUST1863,10,832.8,3.6,29.7,0,0,Blinkit,Personal Care
CUST2004,10,596.5,2.7,27.8,0,1,JioMart,Personal Care
CUST4630,10,656.1,4.0,25.3,0,0,Blinkit,Grocery
CUST7046,10,463.3,3.1,29.5,0,0,Swiggy Instamart,Fruits & Vegetables
CUST1200,10,623.3,3.5,27.5,0,0,JioMart,Dairy
CUST4138,10,567.7,3.4,31.9,0,0,Blinkit,Snacks
CUST4816,10,856.9,3.8,33.3,0,0,JioMart,Personal Care
CUST1814,10,648.5,3.1,32.6,0,0,Blinkit,Grocery
CUST5763,10,518.7,3.5,28.4,0,0,Blinkit,Beverages
CUST2124,10,719.8,3.4,34.3,0,0,Blinkit,Beverages
CUST2129,10,745.6,3.8,23.9,0,0,JioMart,Personal Care
CUST1603,10,370.0,3.7,33.5,0,0,Blinkit,Snacks
CUST2149,10,684.3,2.7,25.7,0,1,JioMart,Beverages
CUST4135,10,770.3,3.2,30.1,0,0,Blinkit,Grocery
CUST7498,10,466.1,2.8,31.8,0,1,Swiggy Instamart,Snacks
CUST1729,10,606.2,3.5,29.4,0,0,Swiggy Instamart,Beverages
CUST9923,10,523.5,3.3,22.5,0,0,JioMart,Fruits & Vegetables
CUST4713,10,458.6,3.2,24.2,0,0,JioMart,Fruits & Vegetables
CUST6467,10,541.8,3.7,26.1,0,0,Blinkit,Fruits & Vegetables
CUST6813,10,533.3,4.3,29.5,0,0,Swiggy Instamart,Beverages
CUST2454,10,520.8,2.0,27.8,0,1,JioMart,Dairy
CUST8562,10,771.9,2.7,27.0,0,1,Blinkit,Personal Care
CUST6511,10,818.4,2.3,28.8,0,1,Swiggy Instamart,Fruits & Vegetables
CUST3979,10,447.9,2.5,27.6,0,1,JioMart,Fruits & Vegetables
CUST6632,10,644.1,2.8,33.1,0,1,JioMart,Dairy
CUST3471,10,522.8,3.4,30.7,0,0,JioMart,Dairy
CUST3503,10,437.4,3.6,27.7,0,0,JioMart,Beverages
CUST9890,10,723.9,3.3,30.9,0,0,JioMart,Dairy
CUST4388,10,562.1,3.2,23.5,0,0,Blinkit,Beverages
CUST7883,10,619.6,2.9,26.3,0,1,Blinkit,Dairy
CUST8003,10,489.4,3.0,36.2,0,0,Blinkit,Snacks
CUST2024,10,627.1,2.2,28.7,0,1,Swiggy Instamart,Beverages
CUST8814,10,832.1,4.0,30.2,0,0,Blinkit,Beverages
CUST7865,10,577.8,3.1,25.0,0,0,Blinkit,Beverages
CUST9947,10,642.7,3.3,27.4,0,0,Swiggy Instamart,Grocery
CUST9434,10,682.6,3.9,25.0,0,0,Blinkit,Beverages
CUST4785,10,678.2,3.9,27.5,0,0,Swiggy Instamart,Grocery
CUST3368,10,605.4,4.1,26.3,0,0,Swiggy Instamart,Fruits & Vegetables
CUST7624,10,691.9,3.4,33.5,0,0,Swiggy Instamart,Dairy
CUST1444,10,600.9,3.3,30.8,0,0,JioMart,Dairy
CUST8022,10,628.7,3.5,30.7,0,0,Blinkit,Beverages
CUST8238,10,627.3,2.8,30.0,0,1,Swiggy Instamart,Grocery
CUST4501,10,721.8,2.6,31.9,0,1,Blinkit,Fruits & Vegetables
CUST8611,10,600.9,3.7,22.5,0,0,Swiggy Instamart,Grocery
CUST8647,10,502.4,2.6,27.8,0,1,Blinkit,Beverages
CUST7880,10,454.5,3.7,23.9,0,0,Swiggy Instamart,Beverages
CUST9439,10,597.9,3.4,29.5,0,0,JioMart,Fruits & Vegetables
CUST8543,10,703.9,3.4,34.1,0,0,Blinkit,Grocery
CUST7696,10,702.2,2.9,25.5,0,1,JioMart,Dairy
CUST7547,10,456.9,3.2,27.9,0,0,Blinkit,Beverages
CUST3417,10,480.3,4.0,24.2,0,0,Blinkit,Dairy
CUST4779,10,491.6,4.3,32.0,0,0,Swiggy Instamart,Beverages
CUST1707,10,554.5,2.5,30.5,0,1,Swiggy Instamart,Beverages
CUST2918,10,636.0,2.7,29.7,0,1,Swiggy Instamart,Dairy
CUST5246,10,477.8,3.5,33.7,0,0,JioMart,Dairy
CUST1320,10,813.2,3.9,35.4,0,0,Blinkit,Personal Care
CUST9540,10,737.9,2.8,33.8,0,0,Swiggy Instamart,Snacks
CUST2407,10,393.7,3.3,29.9,0,0,Blinkit,Fruits & Vegetables
CUST1593,10,517.0,3.7,29.2,0,0,JioMart,Dairy
CUST7490,10,648.6,3.1,29.2,0,0,Swiggy Instamart,Fruits & Vegetables
CUST5564,10,815.2,3.1,31.0,0,0,Swiggy Instamart,Dairy
CUST3925,10,523.5,2.9,29.9,0,1,Blinkit,Dairy
CUST7901,10,619.3,3.0,26.0,0,1,Blinkit,Beverages
CUST6665,10,472.2,2.8,27.6,0,1,Swiggy Instamart,Beverages
CUST9082,10,658.7,3.2,24.7,0,0,Blinkit,Snacks
CUST1216,10,596.9,2.9,27.9,0,1,JioMart,Grocery
CUST1526,10,607.7,3.5,25.9,0,0,Blinkit,Fruits & Vegetables
CUST9245,10,457.8,3.0,33.0,0,1,Blinkit,Beverages
CUST8144,10,435.4,2.5,34.7,0,1,JioMart,Snacks
CUST3041,10,267.7,2.9,29.1,0,1,Blinkit,Snacks
CUST2193,10,592.5,3.0,29.1,0,0,Blinkit,Snacks
CUST5978,10,661.1,2.6,34.0,0,1,JioMart,Dairy
CUST8043,10,588.3,3.4,31.7,0,0,Blinkit,Dairy
CUST1722,10,526.5,3.4,32.9,0,0,Swiggy Instamart,Fruits & Vegetables
CUST5669,10,746.9,3.0,26.6,0,0,JioMart,Dairy
CUST3584,10,388.7,2.8,29.4,0,1,Swiggy Instamart,Fruits & Vegetables
CUST7049,10,403.7,4.1,32.5,0,0,Blinkit,Dairy
CUST5616,10,433.0,2.5,34.1,0,1,Blinkit,Snacks
CUST2512,10,621.1,2.8,26.3,0,0,Swiggy Instamart,Personal Care
CUST2428,10,570.5,3.4,27.3,0,0,Swiggy Instamart,Snacks
CUST9174,10,461.8,3.3,27.4,0,0,JioMart,Beverages
CUST6064,10,530.2,3.7,32.5,0,0,Blinkit,Dairy
CUST5753,10,750.3,3.4,28.5,0,0,JioMart,Dairy
CUST3482,10,668.4,3.4,30.6,0,0,Blinkit,Personal Care
CUST8587,10,699.4,3.8,28.7,0,0,JioMart,Personal Care
CUST7682,10,412.8,3.6,27.0,0,0,Blinkit,Dairy
CUST8239,10,746.0,4.4,31.2,0,0,Blinkit,Personal Care
CUST4164,10,405.2,3.7,30.6,0,0,Blinkit,Beverages
CUST6000,10,582.5,2.7,24.8,0,1,Swiggy Instamart,Dairy
CUST4910,10,369.9,3.1,28.5,0,0,Blinkit,Fruits & Vegetables
CUST2484,10,598.0,3.4,34.7,0,0,Blinkit,Grocery
CUST8095,10,446.8,3.4,27.9,0,0,Swiggy Instamart,Beverages
CUST1218,10,694.5,3.6,27.0,0,0,Blinkit,Personal Care
CUST9865,10,455.9,2.9,29.3,0,1,Blinkit,Snacks
CUST3714,10,560.0,3.1,25.0,0,1,Blinkit,Fruits & Vegetables
CUST1553,10,611.4,2.8,27.9,0,1,JioMart,Personal Care
CUST6151,10,840.1,3.6,27.2,0,0,Blinkit,Beverages
CUST5765,10,686.9,3.1,27.1,0,0,Swiggy Instamart,Grocery
CUST9808,10,513.4,2.8,26.8,0,0,Blinkit,Snacks
CUST6948,10,666.9,2.8,27.7,0,1,Blinkit,Grocery
CUST4044,10,674.7,3.2,31.7,0,0,Swiggy Instamart,Dairy
CUST2122,10,852.7,3.0,29.7,0,0,Swiggy Instamart,Grocery
CUST5691,10,441.8,1.9,28.5,0,1,JioMart,Snacks
CUST2673,10,593.3,2.5,27.7,0,1,Blinkit,Dairy
CUST6790,10,695.9,3.4,32.6,0,0,JioMart,Beverages
CUST6804,10,545.8,3.2,27.1,0,0,Swiggy Instamart,Dairy
CUST8651,10,665.0,4.1,30.7,0,0,Blinkit,Beverages
CUST7930,10,583.3,3.3,25.3,0,0,Blinkit,Beverages
CUST3536,10,767.8,2.8,28.6,0,0,Blinkit,Beverages
CUST7351,10,487.7,2.7,29.4,0,1,Blinkit,Beverages
CUST5443,10,622.5,3.9,27.1,0,0,JioMart,Personal Care
CUST7610,10,545.4,2.9,29.1,0,0,JioMart,Fruits & Vegetables
CUST5199,10,691.0,3.8,27.9,0,0,JioMart,Grocery
CUST2355,10,781.6,2.7,29.2,0,1,Swiggy Instamart,Fruits & Vegetables
CUST2338,10,428.9,3.4,35.8,0,0,JioMart,Grocery
CUST6789,10,793.9,3.3,24.0,0,0,JioMart,Grocery
CUST3833,10,722.0,3.9,29.6,0,0,Blinkit,Dairy
CUST1821,10,535.7,3.5,27.3,0,0,JioMart,Beverages
CUST9238,10,427.2,2.8,26.7,0,1,Blinkit,Beverages
CUST3697,10,586.4,2.8,34.0,0,1,JioMart,Fruits & Vegetables
CUST1035,10,520.4,4.5,30.8,0,0,Swiggy Instamart,Fruits & Vegetables
CUST9139,10,392.1,2.9,31.5,0,1,JioMart,Grocery
CUST8664,10,748.5,3.7,32.1,0,0,JioMart,Personal Care
CUST9455,10,841.1,3.0,31.5,0,1,Swiggy Instamart,Grocery
CUST4210,10,574.6,2.6,28.2,0,1,JioMart,Snacks
CUST8665,10,563.5,3.1,29.0,0,1,JioMart,Beverages
CUST1319,10,410.9,3.2,27.9,0,0,Swiggy Instamart,Fruits & Vegetables
CUST2992,10,670.4,3.0,33.3,0,0,Blinkit,Personal Care
CUST4543,10,989.2,3.4,28.8,0,0,JioMart,Personal Care
CUST7360,10,659.5,3.3,27.6,0,0,Blinkit,Fruits & Vegetables
CUST8787,10,330.1,4.3,35.3,0,0,JioMart,Snacks
CUST9441,10,719.5,4.2,32.1,0,0,JioMart,Personal Care
CUST7952,10,422.6,3.9,26.5,0,0,Blinkit,Fruits & Vegetables
CUST7118,10,438.4,4.0,30.2,0,0,Swiggy Instamart,Dairy
CUST8177,10,573.2,4.3,27.7,0,0,Blinkit,Fruits & Vegetables
CUST6413,10,688.5,3.8,28.2,0,0,Blinkit,Fruits & Vegetables
CUST4510,10,471.0,4.0,26.6,0,0,JioMart,Fruits & Vegetables
CUST5557,10,651.3,2.5,26.0,0,1,Swiggy Instamart,Dairy
CUST3313,10,732.6,3.3,33.2,0,0,Swiggy Instamart,Grocery
CUST2432,10,547.2,4.1,30.4,0,0,Blinkit,Fruits & Vegetables
CUST3547,10,606.5,2.8,24.9,0,1,Blinkit,Dairy
CUST4445,10,603.3,2.9,24.0,0,1,JioMart,Beverages
CUST6762,10,485.8,3.3,28.7,0,0,JioMart,Dairy
CUST2131,10,379.0,3.8,31.1,0,0,Swiggy Instamart,Fruits & Vegetables
CUST9839,10,540.7,3.2,35.4,0,0,Swiggy Instamart,Beverages
CUST7216,10,731.7,2.2,35.5,0,1,Swiggy Instamart,Beverages
CUST1750,10,456.2,3.6,35.9,0,0,Blinkit,Personal Care
CUST3664,10,800.9,3.5,30.3,0,0,Swiggy Instamart,Personal Care
CUST6820,10,327.4,4.1,23.5,0,0,Swiggy Instamart,Fruits & Vegetables
CUST4593,10,756.0,3.2,32.0,0,0,JioMart,Grocery
CUST8603,10,604.7,4.3,31.9,0,0,Swiggy Instamart,Dairy
CUST4682,10,654.2,3.5,28.9,0,0,JioMart,Fruits & Vegetables
CUST3817,10,434.5,4.1,27.8,0,0,Swiggy Instamart,Dairy
CUST8093,10,429.4,2.6,29.1,0,0,Blinkit,Beverages
CUST1723,10,695.7,3.0,25.9,0,1,JioMart,Grocery
CUST6397,10,547.8,3.0,24.0,0,0,Swiggy Instamart,Fruits & Vegetables
CUST5307,10,525.6,3.2,27.0,0,0,Swiggy Instamart,Beverages
CUST8704,10,569.9,2.9,33.0,0,1,Blinkit,Grocery
CUST5654,10,506.3,2.9,28.1,0,0,JioMart,Snacks
CUST3757,10,430.9,2.2,27.0,0,1,Blinkit,Grocery
CUST1254,10,521.6,3.6,31.4,0,0,Blinkit,Snacks
CUST3512,10,509.0,3.9,33.8,0,0,Swiggy Instamart,Dairy
CUST8045,10,588.1,3.4,28.2,0,0,JioMart,Snacks
CUST7422,10,659.9,2.7,31.4,0,1,Blinkit,Personal Care
CUST3045,10,431.1,3.0,23.5,0,0,Blinkit,Beverages
CUST2291,10,591.6,2.7,26.0,0,1,Blinkit,Grocery
CUST5803,10,555.0,3.5,26.5,0,0,Blinkit,Personal Care
CUST6845,10,898.4,3.1,22.2,0,0,Blinkit,Personal Care
CUST4257,10,500.0,3.2,26.2,0,0,Blinkit,Beverages
CUST4582,9,556.1111111111111,3.3333333333333335,29.666666666666668,0,0,JioMart,Personal Care
CUST9279,9,734.3333333333334,3.0,28.77777777777778,0,0,Swiggy Instamart,Grocery
CUST1434,9,531.7777777777778,3.111111111111111,26.555555555555557,0,0,Swiggy Instamart,Beverages
CUST5012,9,870.5555555555555,2.4444444444444446,28.88888888888889,0,1,JioMart,Beverages
CUST7873,9,483.1111111111111,3.5555555555555554,30.77777777777778,0,0,Blinkit,Beverages
CUST8038,9,635.3333333333334,2.888888888888889,32.55555555555556,0,1,Blinkit,Snacks
CUST2413,9,562.7777777777778,3.111111111111111,26.22222222222222,0,0,JioMart,Beverages
CUST6686,9,449.3333333333333,2.5555555555555554,29.88888888888889,0,1,JioMart,Fruits & Vegetables
CUST7019,9,686.1111111111111,3.0,34.333333333333336,0,1,JioMart,Grocery
CUST5672,9,517.7777777777778,3.5555555555555554,25.0,0,0,Blinkit,Beverages
CUST3386,9,520.1111111111111,3.2222222222222223,28.88888888888889,0,0,Blinkit,Fruits & Vegetables
CUST5677,9,619.8888888888889,3.4444444444444446,28.333333333333332,0,0,JioMart,Grocery
CUST9300,9,300.44444444444446,3.5555555555555554,34.333333333333336,0,0,Swiggy Instamart,Dairy
CUST5239,9,1008.5555555555555,3.4444444444444446,31.444444444444443,0,0,Swiggy Instamart,Personal Care
CUST9766,9,494.77777777777777,3.4444444444444446,27.444444444444443,0,0,Swiggy Instamart,Beverages
CUST9939,9,537.3333333333334,2.888888888888889,32.22222222222222,0,1,Blinkit,Dairy
CUST8563,9,852.3333333333334,2.7777777777777777,30.22222222222222,0,1,JioMart,Personal Care
CUST9006,9,343.55555555555554,4.0,26.22222222222222,0,0,Blinkit,Snacks
CUST5503,9,534.1111111111111,3.4444444444444446,28.11111111111111,0,0,Blinkit,Beverages
CUST5729,9,575.7777777777778,2.5555555555555554,32.44444444444444,0,1,Swiggy Instamart,Grocery
CUST7364,9,809.2222222222222,3.2222222222222223,28.666666666666668,0,0,JioMart,Dairy
CUST5894,9,594.0,3.3333333333333335,24.22222222222222,0,1,Swiggy Instamart,Dairy
CUST8928,9,590.3333333333334,3.5555555555555554,25.0,0,0,Swiggy Instamart,Beverages
CUST6610,9,566.3333333333334,4.222222222222222,32.77777777777778,0,0,Blinkit,Snacks
CUST7572,9,724.5555555555555,2.3333333333333335,30.77777777777778,0,1,JioMart,Personal Care
CUST5741,9,437.3333333333333,3.111111111111111,25.77777777777778,0,0,Swiggy Instamart,Dairy
CUST4814,9,819.1111111111111,2.4444444444444446,34.111111111111114,0,1,Swiggy Instamart,Beverages
CUST5422,9,676.1111111111111,3.3333333333333335,27.22222222222222,0,0,JioMart,Grocery
CUST4598,9,494.77777777777777,3.4444444444444446,29.77777777777778,0,0,Swiggy Instamart,Snacks
CUST6168,9,463.44444444444446,1.5555555555555556,29.555555555555557,0,1,JioMart,Snacks
CUST9930,9,562.3333333333334,3.5555555555555554,29.333333333333332,0,0,JioMart,Beverages
CUST4497,9,431.8888888888889,3.4444444444444446,27.333333333333332,0,0,Blinkit,Beverages
CUST1513,9,577.5555555555555,3.2222222222222223,23.555555555555557,0,0,JioMart,Dairy
CUST1880,9,522.6666666666666,3.0,28.333333333333332,0,1,Blinkit,Grocery
CUST3592,9,611.8888888888889,3.888888888888889,35.77777777777778,0,0,JioMart,Dairy
CUST7094,9,502.44444444444446,3.2222222222222223,33.111111111111114,0,0,JioMart,Grocery
CUST5555,9,478.77777777777777,3.4444444444444446,28.0,0,0,Blinkit,Beverages
CUST4253,9,529.5555555555555,2.888888888888889,29.77777777777778,0,1,Swiggy Instamart,Personal Care
CUST4390,9,576.5555555555555,2.6666666666666665,22.555555555555557,0,1,JioMart,Personal Care
CUST4882,9,607.5555555555555,3.2222222222222223,31.77777777777778,0,0,JioMart,Beverages
CUST8771,9,534.3333333333334,2.2222222222222223,33.0,0,1,Swiggy Instamart,Fruits & Vegetables
CUST7424,9,839.5555555555555,3.888888888888889,28.22222222222222,0,0,Blinkit,Beverages
CUST6809,9,837.3333333333334,3.111111111111111,27.333333333333332,0,1,Blinkit,Personal Care
CUST6800,9,619.6666666666666,3.5555555555555554,28.88888888888889,0,0,Swiggy Instamart,Snacks
CUST3505,9,466.55555555555554,2.5555555555555554,33.44444444444444,0,1,Swiggy Instamart,Dairy
CUST7703,9,590.7777777777778,3.0,25.666666666666668,0,1,JioMart,Beverages
CUST2211,9,715.4444444444445,3.4444444444444446,30.88888888888889,0,0,Blinkit,Beverages
CUST3176,9,729.2222222222222,2.7777777777777777,29.555555555555557,0,1,Swiggy Instamart,Personal Care
CUST7218,9,648.7777777777778,3.7777777777777777,28.88888888888889,0,0,Swiggy Instamart,Fruits & Vegetables
CUST3645,9,569.6666666666666,3.0,28.22222222222222,0,1,Blinkit,Fruits & Vegetables
CUST6830,9,459.0,3.2222222222222223,30.88888888888889,0,1,Blinkit,Beverages
CUST3122,9,551.7777777777778,2.6666666666666665,27.88888888888889,0,1,JioMart,Beverages
CUST9642,9,885.4444444444445,3.5555555555555554,30.0,0,0,Blinkit,Grocery
CUST2306,9,770.7777777777778,3.3333333333333335,25.22222222222222,0,0,Swiggy Instamart,Personal Care
CUST1059,9,601.1111111111111,3.2222222222222223,29.11111111111111,0,1,Blinkit,Beverages
CUST1040,9,608.8888888888889,2.5555555555555554,23.666666666666668,0,1,JioMart,Grocery
CUST7516,9,492.6666666666667,3.2222222222222223,31.88888888888889,0,0,JioMart,Beverages
CUST3221,9,875.4444444444445,2.4444444444444446,27.666666666666668,0,1,Swiggy Instamart,Personal Care
CUST3396,9,557.0,3.0,27.22222222222222,0,1,Blinkit,Beverages
CUST7972,9,572.7777777777778,2.0,34.888888888888886,0,1,Blinkit,Fruits & Vegetables
CUST4455,9,349.8888888888889,4.222222222222222,29.22222222222222,0,0,Swiggy Instamart,Snacks
CUST5123,9,475.77777777777777,3.6666666666666665,31.77777777777778,0,0,Blinkit,Fruits & Vegetables
CUST7483,9,454.3333333333333,3.0,31.11111111111111,0,1,JioMart,Beverages
CUST3214,9,637.5555555555555,3.6666666666666665,28.88888888888889,0,0,JioMart,Grocery
CUST4009,9,755.1111111111111,3.0,30.444444444444443,0,1,JioMart,Fruits & Vegetables
CUST8318,9,472.8888888888889,2.6666666666666665,29.77777777777778,0,1,Blinkit,Beverages
CUST6926,9,568.6666666666666,3.3333333333333335,23.444444444444443,0,0,Swiggy Instamart,Dairy
CUST9886,9,855.5555555555555,4.0,23.444444444444443,0,0,Swiggy Instamart,Grocery
CUST3672,9,769.6666666666666,3.2222222222222223,27.333333333333332,0,1,Swiggy Instamart,Snacks
CUST1252,9,591.4444444444445,3.5555555555555554,26.22222222222222,0,0,Blinkit,Dairy
CUST7383,9,560.4444444444445,3.2222222222222223,28.77777777777778,0,0,JioMart,Beverages
CUST6005,9,307.77777777777777,3.3333333333333335,31.555555555555557,0,0,Blinkit,Dairy
CUST5646,9,691.2222222222222,3.111111111111111,34.55555555555556,0,0,Blinkit,Dairy
CUST9967,9,480.6666666666667,2.7777777777777777,27.444444444444443,0,0,Blinkit,Dairy
CUST7595,9,670.8888888888889,3.3333333333333335,33.666666666666664,0,0,Swiggy Instamart,Snacks
CUST3830,9,560.7777777777778,3.4444444444444446,30.333333333333332,0,0,JioMart,Beverages
CUST2489,9,383.1111111111111,3.5555555555555554,29.666666666666668,0,0,Blinkit,Dairy
CUST6204,9,535.7777777777778,3.4444444444444446,31.666666666666668,0,0,Blinkit,Beverages
CUST2171,9,482.55555555555554,3.111111111111111,27.333333333333332,0,1,JioMart,Dairy
CUST2278,9,1053.6666666666667,4.0,26.666666666666668,0,0,JioMart,Personal Care
CUST1938,9,664.6666666666666,3.7777777777777777,29.0,0,0,Swiggy Instamart,Fruits & Vegetables
CUST3895,9,503.0,3.4444444444444446,34.333333333333336,0,0,JioMart,Beverages
CUST6920,9,745.2222222222222,3.4444444444444446,28.555555555555557,0,0,Blinkit,Personal Care
CUST8670,9,748.5555555555555,3.5555555555555554,26.77777777777778,0,0,Swiggy Instamart,Grocery
CUST8517,9,682.4444444444445,3.5555555555555554,29.77777777777778,0,0,JioMart,Grocery
CUST8456,9,666.2222222222222,3.4444444444444446,27.88888888888889,0,0,JioMart,Dairy
CUST4366,9,512.5555555555555,3.111111111111111,33.0,0,0,Swiggy Instamart,Grocery
CUST7919,9,475.77777777777777,3.4444444444444446,23.333333333333332,0,0,Blinkit,Grocery
CUST4751,9,375.55555555555554,2.888888888888889,28.0,0,1,JioMart,Fruits & Vegetables
CUST3181,9,528.1111111111111,2.6666666666666665,33.22222222222222,0,1,Swiggy Instamart,Beverages
CUST3825,9,485.77777777777777,3.888888888888889,31.22222222222222,0,0,Swiggy Instamart,Snacks
CUST3604,9,414.44444444444446,3.3333333333333335,28.444444444444443,0,0,Blinkit,Dairy
CUST1085,9,538.2222222222222,3.888888888888889,31.0,0,0,Swiggy Instamart,Snacks
CUST1968,9,682.2222222222222,3.6666666666666665,34.44444444444444,0,0,Swiggy Instamart,Grocery
CUST6100,9,416.55555555555554,2.7777777777777777,32.22222222222222,0,1,JioMart,Beverages
CUST9797,9,533.4444444444445,3.3333333333333335,27.88888888888889,0,0,JioMart,Beverages
CUST6806,9,687.7777777777778,2.111111111111111,32.55555555555556,0,1,JioMart,Grocery
CUST7551,9,558.2222222222222,3.5555555555555554,35.77777777777778,1,0,Swiggy Instamart,Grocery
CUST1346,9,516.8888888888889,2.4444444444444446,25.666666666666668,0,1,Swiggy Instamart,Dairy
CUST3927,9,780.8888888888889,3.2222222222222223,28.666666666666668,0,0,Swiggy Instamart,Fruits & Vegetables
CUST3665,9,767.5555555555555,3.3333333333333335,32.666666666666664,0,0,Swiggy Instamart,Snacks
CUST6678,9,715.5555555555555,2.7777777777777777,32.888888888888886,0,1,Blinkit,Dairy
CUST1948,9,487.44444444444446,4.555555555555555,28.88888888888889,0,0,Swiggy Instamart,Snacks
CUST3079,9,536.7777777777778,3.7777777777777777,33.77777777777778,0,0,Swiggy Instamart,Beverages
CUST9377,9,495.8888888888889,4.666666666666667,24.666666666666668,0,0,Blinkit,Fruits & Vegetables
CUST6081,9,372.0,4.0,28.11111111111111,0,0,Swiggy Instamart,Snacks
CUST4949,9,517.0,3.4444444444444446,32.44444444444444,0,0,JioMart,Beverages
CUST9655,9,797.0,3.7777777777777777,29.0,0,0,Swiggy Instamart,Beverages
CUST2046,9,612.7777777777778,3.3333333333333335,31.22222222222222,0,0,Swiggy Instamart,Beverages
CUST4740,9,611.2222222222222,3.5555555555555554,27.666666666666668,0,0,Blinkit,Dairy
CUST6676,9,587.2222222222222,3.2222222222222223,32.44444444444444,0,1,JioMart,Personal Care
CUST3775,9,480.0,2.7777777777777777,25.444444444444443,0,1,Blinkit,Fruits & Vegetables
CUST1009,9,621.1111111111111,3.888888888888889,28.77777777777778,0,0,JioMart,Beverages
CUST7898,9,718.3333333333334,2.7777777777777777,29.666666666666668,0,0,Swiggy Instamart,Beverages
CUST5354,9,443.44444444444446,3.6666666666666665,30.0,0,0,Swiggy Instamart,Fruits & Vegetables
CUST6382,9,950.1111111111111,3.5555555555555554,32.44444444444444,0,0,Blinkit,Grocery
CUST9577,9,666.7777777777778,2.6666666666666665,24.666666666666668,0,1,JioMart,Grocery
CUST6788,9,475.6666666666667,3.0,26.88888888888889,0,1,Swiggy Instamart,Beverages
CUST9128,9,722.1111111111111,3.3333333333333335,31.666666666666668,0,0,Swiggy Instamart,Beverages
CUST1908,9,561.0,3.5555555555555554,28.333333333333332,0,0,JioMart,Beverages
CUST2030,9,424.6666666666667,3.4444444444444446,28.22222222222222,0,0,Blinkit,Snacks
CUST6652,9,508.0,3.3333333333333335,35.44444444444444,0,0,JioMart,Dairy
CUST4049,9,827.2222222222222,3.6666666666666665,33.77777777777778,0,0,Blinkit,Beverages
CUST6958,9,534.6666666666666,2.888888888888889,24.666666666666668,0,1,Blinkit,Snacks
CUST8747,9,479.1111111111111,3.111111111111111,31.333333333333332,0,1,Blinkit,Fruits & Vegetables
CUST6090,9,561.6666666666666,2.888888888888889,28.555555555555557,0,1,Blinkit,Snacks
CUST7024,9,778.2222222222222,3.4444444444444446,22.11111111111111,0,0,JioMart,Dairy
CUST6127,9,791.8888888888889,3.3333333333333335,29.11111111111111,0,0,Blinkit,Personal Care
CUST4710,9,687.3333333333334,4.0,23.11111111111111,0,0,Blinkit,Personal Care
CUST4748,9,674.5555555555555,3.4444444444444446,29.444444444444443,0,0,Swiggy Instamart,Dairy
CUST4932,9,435.3333333333333,3.111111111111111,31.77777777777778,0,1,JioMart,Fruits & Vegetables
CUST3397,9,642.0,2.5555555555555554,26.22222222222222,0,1,Blinkit,Beverages
CUST1161,9,620.6666666666666,3.111111111111111,31.666666666666668,0,1,Swiggy Instamart,Beverages
CUST2720,9,581.5555555555555,2.4444444444444446,30.22222222222222,0,1,Swiggy Instamart,Dairy
CUST3023,9,552.0,3.0,26.555555555555557,0,1,Blinkit,Dairy
CUST9414,9,458.3333333333333,2.3333333333333335,29.88888888888889,0,1,Swiggy Instamart,Fruits & Vegetables
CUST3070,9,561.7777777777778,4.0,33.111111111111114,0,0,Swiggy Instamart,Snacks
CUST7206,9,740.7777777777778,3.2222222222222223,28.333333333333332,0,0,Blinkit,Beverages
CUST3789,9,824.5555555555555,3.888888888888889,24.0,0,0,JioMart,Beverages
CUST1650,9,508.8888888888889,3.3333333333333335,37.77777777777778,0,0,Swiggy Instamart,Dairy
CUST9727,9,619.6666666666666,3.4444444444444446,32.0,0,0,Blinkit,Dairy
CUST8463,9,596.8888888888889,3.4444444444444446,30.77777777777778,0,0,Blinkit,Snacks
CUST9330,9,859.4444444444445,3.888888888888889,29.77777777777778,0,0,JioMart,Fruits & Vegetables
CUST1506,9,676.6666666666666,2.7777777777777777,26.88888888888889,0,1,Blinkit,Personal Care
CUST1573,9,703.8888888888889,3.4444444444444446,28.77777777777778,0,0,Swiggy Instamart,Dairy
CUST5179,9,935.4444444444445,2.2222222222222223,29.333333333333332,0,1,JioMart,Personal Care
CUST3932,9,573.3333333333334,2.5555555555555554,37.44444444444444,0,1,Blinkit,Fruits & Vegetables
CUST1956,9,647.1111111111111,3.0,25.88888888888889,0,1,Swiggy Instamart,Grocery
CUST1485,9,852.3333333333334,3.2222222222222223,30.444444444444443,0,0,JioMart,Grocery
CUST7150,9,640.5555555555555,2.4444444444444446,23.666666666666668,0,1,JioMart,Snacks
CUST7288,9,530.7777777777778,3.6666666666666665,24.333333333333332,0,0,JioMart,Beverages
CUST8161,9,545.7777777777778,3.6666666666666665,29.88888888888889,0,0,Blinkit,Grocery
CUST3154,9,347.1111111111111,3.111111111111111,22.88888888888889,0,1,JioMart,Snacks
CUST5928,9,663.4444444444445,2.888888888888889,30.555555555555557,0,0,Blinkit,Personal Care
CUST1363,9,457.1111111111111,2.5555555555555554,31.555555555555557,0,1,JioMart,Dairy
CUST7260,9,404.0,3.0,33.111111111111114,0,1,Swiggy Instamart,Fruits & Vegetables
CUST1010,9,511.1111111111111,2.888888888888889,23.88888888888889,0,1,JioMart,Fruits & Vegetables
CUST2409,9,465.77777777777777,3.4444444444444446,35.77777777777778,0,0,Swiggy Instamart,Dairy
CUST2607,9,621.5555555555555,3.111111111111111,30.333333333333332,0,0,Blinkit,Snacks
CUST5948,9,606.0,4.222222222222222,25.666666666666668,0,0,JioMart,Dairy
CUST6539,9,756.8888888888889,3.2222222222222223,31.666666666666668,0,1,Swiggy Instamart,Personal Care
CUST6501,9,441.55555555555554,3.0,29.22222222222222,0,1,Blinkit,Dairy
CUST4198,9,514.8888888888889,3.111111111111111,32.111111111111114,0,0,Swiggy Instamart,Personal Care
CUST7213,9,634.3333333333334,3.2222222222222223,25.555555555555557,0,1,Swiggy Instamart,Dairy
CUST1154,9,1048.7777777777778,2.888888888888889,31.333333333333332,0,1,Blinkit,Personal Care
CUST8109,9,689.4444444444445,3.888888888888889,33.666666666666664,0,0,JioMart,Personal Care
CUST4890,9,641.7777777777778,3.0,24.77777777777778,0,1,JioMart,Beverages
CUST6211,9,614.2222222222222,4.333333333333333,31.444444444444443,0,0,Swiggy Instamart,Snacks
CUST2223,9,761.0,4.111111111111111,28.0,0,0,Swiggy Instamart,Fruits & Vegetables
CUST7461,9,675.4444444444445,3.2222222222222223,28.666666666666668,0,0,JioMart,Fruits & Vegetables
CUST2226,9,440.44444444444446,3.3333333333333335,33.0,0,0,Swiggy Instamart,Beverages
CUST7556,9,499.77777777777777,2.3333333333333335,28.11111111111111,0,1,JioMart,Personal Care
CUST5626,9,571.7777777777778,2.3333333333333335,34.44444444444444,0,1,Blinkit,Dairy
CUST3681,9,568.6666666666666,1.8888888888888888,35.22222222222222,0,1,Blinkit,Dairy
CUST1097,9,546.0,4.555555555555555,28.0,0,0,JioMart,Fruits & Vegetables
CUST5426,9,529.2222222222222,3.7777777777777777,32.77777777777778,0,0,JioMart,Snacks
CUST1562,9,568.3333333333334,2.4444444444444446,33.22222222222222,0,1,JioMart,Grocery
CUST7596,9,586.8888888888889,3.6666666666666665,28.77777777777778,0,0,JioMart,Beverages
CUST7273,9,481.3333333333333,3.5555555555555554,27.11111111111111,0,0,Blinkit,Beverages
CUST1567,9,700.6666666666666,4.222222222222222,25.11111111111111,0,0,Blinkit,Beverages
CUST4246,9,541.2222222222222,3.5555555555555554,30.666666666666668,0,0,JioMart,Beverages
CUST7098,9,550.0,3.4444444444444446,39.22222222222222,0,0,Swiggy Instamart,Snacks
CUST2056,9,498.77777777777777,3.4444444444444446,28.444444444444443,0,0,JioMart,Dairy
CUST9412,9,410.77777777777777,3.6666666666666665,27.88888888888889,0,0,JioMart,Dairy
CUST1509,9,696.0,3.4444444444444446,32.333333333333336,0,0,Swiggy Instamart,Snacks
CUST8151,9,745.8888888888889,3.4444444444444446,23.77777777777778,0,0,Blinkit,Personal Care
CUST4463,9,555.3333333333334,3.111111111111111,31.333333333333332,0,0,Swiggy Instamart,Grocery
CUST8790,9,547.5555555555555,3.7777777777777777,33.111111111111114,0,0,Blinkit,Snacks
CUST4144,9,651.1111111111111,3.2222222222222223,28.88888888888889,0,0,Blinkit,Beverages
CUST2000,9,564.0,3.0,34.888888888888886,0,1,Blinkit,Snacks
CUST9320,9,668.6666666666666,4.555555555555555,29.11111111111111,0,0,Blinkit,Dairy
CUST7209,9,550.5555555555555,2.0,30.555555555555557,0,1,Swiggy Instamart,Grocery
CUST4006,9,742.1111111111111,3.2222222222222223,24.555555555555557,0,1,Swiggy Instamart,Grocery
CUST3933,9,630.0,1.8888888888888888,29.77777777777778,0,1,Blinkit,Personal Care
CUST4987,9,799.4444444444445,3.6666666666666665,32.22222222222222,0,0,Blinkit,Beverages
CUST6349,9,699.5555555555555,2.888888888888889,24.88888888888889,0,0,JioMart,Beverages
CUST3016,9,812.8888888888889,2.4444444444444446,30.555555555555557,0,1,Swiggy Instamart,Fruits & Vegetables
CUST5751,9,358.1111111111111,3.111111111111111,31.88888888888889,0,0,JioMart,Snacks
CUST7640,9,398.55555555555554,2.0,32.333333333333336,0,1,JioMart,Dairy
CUST6497,9,513.5555555555555,3.6666666666666665,24.77777777777778,0,0,Blinkit,Fruits & Vegetables
CUST2362,9,326.3333333333333,2.7777777777777777,26.11111111111111,0,1,Blinkit,Snacks
CUST1811,9,830.5555555555555,3.4444444444444446,36.0,0,0,Blinkit,Personal Care
CUST6883,9,611.4444444444445,3.888888888888889,26.77777777777778,0,0,Blinkit,Grocery
CUST1427,9,728.0,3.3333333333333335,33.44444444444444,0,0,JioMart,Beverages
CUST2883,9,311.8888888888889,2.6666666666666665,31.0,0,1,Blinkit,Snacks
CUST9134,9,666.0,2.888888888888889,36.111111111111114,0,1,JioMart,Grocery
CUST8482,9,498.22222222222223,3.6666666666666665,28.666666666666668,0,0,Swiggy Instamart,Personal Care
CUST8307,9,631.3333333333334,3.7777777777777777,31.0,0,0,Blinkit,Grocery
CUST8831,9,556.2222222222222,2.7777777777777777,32.666666666666664,0,1,Swiggy Instamart,Beverages
CUST4557,9,316.77777777777777,3.111111111111111,31.88888888888889,0,1,Blinkit,Dairy
CUST1998,9,555.0,3.5555555555555554,31.22222222222222,0,0,Swiggy Instamart,Beverages
CUST3579,9,640.4444444444445,2.7777777777777777,30.444444444444443,0,0,JioMart,Beverages
CUST9990,9,509.3333333333333,2.888888888888889,30.0,0,1,Swiggy Instamart,Dairy
CUST1558,9,369.0,2.6666666666666665,33.666666666666664,0,1,JioMart,Dairy
CUST5249,9,567.0,3.2222222222222223,34.111111111111114,0,0,Swiggy Instamart,Dairy
CUST3876,9,480.55555555555554,3.111111111111111,21.444444444444443,0,0,Blinkit,Dairy
CUST9035,9,476.6666666666667,3.111111111111111,28.444444444444443,0,0,Swiggy Instamart,Beverages
CUST6645,9,504.0,3.2222222222222223,26.88888888888889,0,0,JioMart,Fruits & Vegetables
CUST4199,9,421.44444444444446,3.111111111111111,26.444444444444443,0,0,JioMart,Fruits & Vegetables
CUST8663,9,961.2222222222222,2.6666666666666665,28.444444444444443,0,1,JioMart,Grocery
CUST8064,9,655.6666666666666,2.5555555555555554,34.0,0,1,Swiggy Instamart,Beverages
CUST9285,9,410.55555555555554,4.222222222222222,31.555555555555557,0,0,JioMart,Dairy
CUST8993,9,483.1111111111111,3.888888888888889,34.111111111111114,0,0,Swiggy Instamart,Beverages
CUST5697,9,358.77777777777777,3.111111111111111,30.333333333333332,0,1,Swiggy Instamart,Snacks
CUST6884,9,579.1111111111111,2.4444444444444446,33.666666666666664,0,1,Swiggy Instamart,Fruits & Vegetables
CUST6512,9,665.4444444444445,3.3333333333333335,29.666666666666668,0,0,Swiggy Instamart,Grocery
CUST7702,9,566.6666666666666,3.888888888888889,34.0,0,0,JioMart,Fruits & Vegetables
CUST4843,9,518.7777777777778,3.111111111111111,25.11111111111111,0,0,Blinkit,Beverages
CUST1954,9,629.6666666666666,3.7777777777777777,33.55555555555556,0,0,Swiggy Instamart,Grocery
CUST7515,9,769.2222222222222,3.4444444444444446,26.333333333333332,0,0,Blinkit,Personal Care
CUST9600,9,465.22222222222223,3.4444444444444446,23.22222222222222,0,0,Blinkit,Fruits & Vegetables
CUST5103,9,884.7777777777778,3.0,25.88888888888889,0,1,Blinkit,Personal Care
CUST4346,9,413.0,2.6666666666666665,32.77777777777778,0,1,Blinkit,Dairy
CUST9075,9,531.0,3.888888888888889,28.444444444444443,0,0,Swiggy Instamart,Snacks
CUST9913,9,696.2222222222222,2.888888888888889,37.0,0,0,Swiggy Instamart,Dairy
CUST2188,9,617.3333333333334,4.111111111111111,32.111111111111114,0,0,JioMart,Dairy
CUST9349,9,283.6666666666667,4.111111111111111,27.11111111111111,0,0,Swiggy Instamart,Snacks
CUST6459,9,725.4444444444445,3.4444444444444446,30.77777777777778,0,0,JioMart,Beverages
CUST9533,9,556.8888888888889,2.888888888888889,27.666666666666668,0,1,JioMart,Grocery
CUST4372,9,516.7777777777778,3.5555555555555554,33.77777777777778,0,0,Blinkit,Dairy
CUST9836,9,306.6666666666667,3.111111111111111,31.666666666666668,0,0,Blinkit,Dairy
CUST2157,9,717.3333333333334,3.2222222222222223,25.333333333333332,0,0,Blinkit,Fruits & Vegetables
CUST8196,9,460.77777777777777,3.3333333333333335,29.0,0,0,Blinkit,Dairy
CUST4008,9,653.8888888888889,3.7777777777777777,28.555555555555557,0,0,Swiggy Instamart,Grocery
CUST2732,9,666.1111111111111,3.111111111111111,24.444444444444443,0,1,Swiggy Instamart,Personal Care
CUST7667,9,387.22222222222223,3.3333333333333335,29.0,0,0,JioMart,Dairy
CUST2969,9,781.4444444444445,2.5555555555555554,27.0,0,1,Blinkit,Dairy
CUST9339,9,650.1111111111111,3.2222222222222223,25.333333333333332,0,0,Blinkit,Dairy
CUST9549,9,802.6666666666666,3.0,29.333333333333332,0,1,Blinkit,Beverages
CUST1621,9,431.22222222222223,2.7777777777777777,32.22222222222222,0,1,Swiggy Instamart,Grocery
CUST6770,9,437.44444444444446,3.7777777777777777,34.333333333333336,0,0,Blinkit,Dairy
CUST3546,9,507.0,2.888888888888889,22.88888888888889,0,1,JioMart,Beverages
CUST7193,9,799.7777777777778,3.3333333333333335,29.11111111111111,0,0,Swiggy Instamart,Grocery
CUST8721,9,342.0,3.4444444444444446,30.0,0,0,JioMart,Snacks
CUST6066,9,590.1111111111111,2.4444444444444446,26.333333333333332,0,1,JioMart,Grocery
CUST8321,9,405.55555555555554,3.2222222222222223,25.444444444444443,0,0,Blinkit,Fruits & Vegetables
CUST5464,9,753.0,3.2222222222222223,32.22222222222222,0,0,Swiggy Instamart,Dairy
CUST4873,9,506.22222222222223,3.6666666666666665,34.0,0,0,Swiggy Instamart,Fruits & Vegetables
CUST1973,9,797.1111111111111,3.3333333333333335,28.444444444444443,0,0,JioMart,Beverages
CUST9963,9,478.1111111111111,3.2222222222222223,31.22222222222222,0,0,JioMart,Beverages
CUST1683,9,591.8888888888889,3.111111111111111,30.0,0,1,Swiggy Instamart,Snacks
CUST1583,9,500.22222222222223,3.111111111111111,28.444444444444443,0,0,JioMart,Dairy
CUST6124,9,607.6666666666666,2.2222222222222223,29.333333333333332,0,1,Swiggy Instamart,Beverages
CUST2217,9,391.22222222222223,2.3333333333333335,25.666666666666668,0,1,JioMart,Dairy
CUST3390,9,633.1111111111111,3.0,27.88888888888889,0,1,Blinkit,Beverages
CUST6886,9,464.77777777777777,2.888888888888889,34.888888888888886,0,1,Blinkit,Snacks
CUST1547,9,845.8888888888889,3.111111111111111,28.444444444444443,0,1,Blinkit,Grocery
CUST1328,9,538.1111111111111,3.0,28.11111111111111,0,1,Blinkit,Beverages
CUST4487,9,804.4444444444445,3.0,33.44444444444444,0,1,Blinkit,Personal Care
CUST6794,9,436.1111111111111,3.6666666666666665,34.44444444444444,0,0,Blinkit,Snacks
CUST7755,9,508.3333333333333,2.888888888888889,28.666666666666668,0,1,JioMart,Snacks
CUST6988,9,447.8888888888889,2.888888888888889,26.444444444444443,0,0,Blinkit,Beverages
CUST9136,9,724.3333333333334,3.111111111111111,32.888888888888886,0,0,JioMart,Fruits & Vegetables
CUST3297,9,490.22222222222223,2.888888888888889,29.444444444444443,0,1,JioMart,Fruits & Vegetables
CUST8219,9,411.77777777777777,2.7777777777777777,35.888888888888886,0,1,Swiggy Instamart,Dairy
CUST8274,9,811.1111111111111,3.111111111111111,34.22222222222222,0,0,Blinkit,Fruits & Vegetables
CUST1262,9,573.7777777777778,3.3333333333333335,31.77777777777778,0,0,Swiggy Instamart,Grocery
CUST8567,9,722.2222222222222,3.888888888888889,30.11111111111111,0,0,JioMart,Dairy
CUST7327,9,676.5555555555555,2.7777777777777777,32.0,0,1,JioMart,Dairy
CUST5325,9,800.6666666666666,2.5555555555555554,27.555555555555557,0,1,Swiggy Instamart,Dairy
CUST3143,9,600.7777777777778,3.5555555555555554,33.333333333333336,0,0,Blinkit,Dairy
CUST5452,9,507.44444444444446,2.4444444444444446,23.11111111111111,0,1,Swiggy Instamart,Fruits & Vegetables
CUST5279,9,454.6666666666667,3.111111111111111,31.555555555555557,0,0,Blinkit,Beverages
CUST5349,9,641.2222222222222,3.7777777777777777,33.0,0,0,Blinkit,Dairy
CUST3191,9,617.5555555555555,2.4444444444444446,33.77777777777778,0,1,Blinkit,Dairy
CUST2048,9,434.8888888888889,2.5555555555555554,25.555555555555557,0,1,Blinkit,Fruits & Vegetables
CUST4851,9,699.1111111111111,3.5555555555555554,32.44444444444444,0,0,Swiggy Instamart,Grocery
CUST4547,9,605.7777777777778,2.7777777777777777,30.88888888888889,0,1,Swiggy Instamart,Beverages
CUST2779,9,539.2222222222222,3.111111111111111,22.22222222222222,0,0,JioMart,Grocery
CUST9467,9,698.6666666666666,3.5555555555555554,32.0,0,0,JioMart,Beverages
CUST7052,9,718.5555555555555,3.3333333333333335,29.333333333333332,0,0,JioMart,Beverages
CUST4706,9,452.55555555555554,3.0,27.11111111111111,0,0,Blinkit,Dairy
CUST8005,9,669.0,2.888888888888889,36.666666666666664,0,1,JioMart,Grocery
CUST4695,9,537.4444444444445,3.5555555555555554,26.11111111111111,0,0,Blinkit,Personal Care
CUST7781,9,431.44444444444446,2.2222222222222223,28.333333333333332,0,1,Swiggy Instamart,Snacks
CUST4625,9,630.2222222222222,4.444444444444445,24.444444444444443,0,0,JioMart,Fruits & Vegetables
CUST8854,9,601.8888888888889,3.2222222222222223,29.77777777777778,0,1,Swiggy Instamart,Beverages
CUST4974,9,621.4444444444445,3.888888888888889,29.444444444444443,0,0,Swiggy Instamart,Beverages
CUST4574,9,516.7777777777778,4.555555555555555,31.77777777777778,0,0,Blinkit,Fruits & Vegetables
CUST3657,9,618.1111111111111,3.5555555555555554,26.11111111111111,0,0,JioMart,Snacks
CUST7175,9,897.6666666666666,3.0,30.88888888888889,0,0,JioMart,Grocery
CUST1331,9,788.0,2.7777777777777777,28.11111111111111,0,1,Swiggy Instamart,Grocery
CUST3566,9,630.5555555555555,1.6666666666666667,24.555555555555557,0,1,Blinkit,Dairy
CUST1006,9,577.6666666666666,3.888888888888889,27.333333333333332,0,0,Swiggy Instamart,Dairy
CUST6344,9,572.7777777777778,3.3333333333333335,29.22222222222222,0,0,Blinkit,Fruits & Vegetables
CUST7211,9,692.4444444444445,3.5555555555555554,27.666666666666668,0,0,Blinkit,Personal Care
CUST4114,9,719.2222222222222,3.5555555555555554,36.111111111111114,0,0,Blinkit,Grocery
CUST1027,9,921.8888888888889,3.5555555555555554,28.333333333333332,0,0,Blinkit,Beverages
CUST9495,9,629.7777777777778,4.111111111111111,34.111111111111114,0,0,Swiggy Instamart,Grocery
CUST7404,9,480.55555555555554,2.6666666666666665,31.0,0,1,Blinkit,Dairy
CUST6259,9,605.0,2.5555555555555554,32.0,0,1,Swiggy Instamart,Grocery
CUST5746,9,495.22222222222223,2.6666666666666665,30.22222222222222,0,1,JioMart,Fruits & Vegetables
CUST8803,9,587.7777777777778,2.6666666666666665,28.22222222222222,0,1,Blinkit,Personal Care
CUST3909,9,436.77777777777777,3.111111111111111,25.666666666666668,0,1,Blinkit,Personal Care
CUST6097,9,717.6666666666666,3.4444444444444446,29.333333333333332,0,0,Blinkit,Beverages
CUST9303,9,809.6666666666666,4.222222222222222,31.88888888888889,0,0,JioMart,Grocery
CUST4158,9,854.7777777777778,3.6666666666666665,31.0,0,0,Blinkit,Grocery
CUST1541,9,577.0,3.2222222222222223,25.77777777777778,0,0,JioMart,Beverages
CUST7503,9,426.55555555555554,2.888888888888889,17.77777777777778,0,1,Blinkit,Dairy
CUST7079,9,542.8888888888889,3.888888888888889,34.888888888888886,0,0,JioMart,Snacks
CUST9813,9,462.3333333333333,2.7777777777777777,29.0,0,1,Blinkit,Beverages
CUST3197,9,330.44444444444446,3.5555555555555554,32.0,0,0,JioMart,Dairy
CUST5604,9,668.5555555555555,2.7777777777777777,30.88888888888889,0,1,Blinkit,Personal Care
CUST5316,9,694.0,3.5555555555555554,27.0,0,0,Swiggy Instamart,Dairy
CUST8773,9,566.6666666666666,3.7777777777777777,27.0,0,0,Blinkit,Fruits & Vegetables
CUST6760,9,406.0,3.2222222222222223,30.22222222222222,0,0,Blinkit,Beverages
CUST4771,9,743.8888888888889,2.2222222222222223,22.333333333333332,0,1,Blinkit,Beverages
CUST3942,9,447.8888888888889,3.5555555555555554,29.22222222222222,0,0,Swiggy Instamart,Snacks
CUST1812,9,564.6666666666666,4.222222222222222,36.22222222222222,0,0,Blinkit,Fruits & Vegetables
CUST8068,9,455.3333333333333,4.222222222222222,30.22222222222222,0,0,Blinkit,Grocery
CUST3184,9,616.1111111111111,3.5555555555555554,27.333333333333332,0,0,Blinkit,Personal Care
CUST5050,9,549.4444444444445,3.7777777777777777,30.22222222222222,0,0,Blinkit,Grocery
CUST3743,9,566.8888888888889,3.111111111111111,30.11111111111111,0,0,Blinkit,Beverages
CUST4325,9,497.44444444444446,3.6666666666666665,32.44444444444444,0,0,JioMart,Fruits & Vegetables
CUST7716,9,522.6666666666666,3.7777777777777777,27.555555555555557,0,0,Swiggy Instamart,Dairy
CUST8215,9,687.7777777777778,3.4444444444444446,27.333333333333332,0,0,Blinkit,Grocery
CUST4930,9,556.0,2.7777777777777777,26.77777777777778,0,1,Blinkit,Beverages
CUST1930,9,572.6666666666666,3.4444444444444446,31.333333333333332,0,0,Swiggy Instamart,Personal Care
CUST4575,9,612.0,3.3333333333333335,31.77777777777778,0,0,Blinkit,Beverages
CUST8892,9,537.7777777777778,3.3333333333333335,25.77777777777778,0,0,Blinkit,Beverages
CUST5269,9,787.6666666666666,2.888888888888889,21.77777777777778,0,1,JioMart,Beverages
CUST5817,9,364.0,4.0,26.444444444444443,0,0,JioMart,Snacks
CUST4358,9,533.1111111111111,2.888888888888889,33.44444444444444,0,1,Swiggy Instamart,Fruits & Vegetables
CUST2532,9,540.7777777777778,2.5555555555555554,30.11111111111111,0,1,Blinkit,Fruits & Vegetables
CUST6717,9,534.8888888888889,2.4444444444444446,29.77777777777778,0,1,JioMart,Grocery
CUST4086,9,560.4444444444445,3.888888888888889,33.111111111111114,0,0,JioMart,Snacks
CUST9475,9,782.4444444444445,3.111111111111111,27.444444444444443,0,1,Blinkit,Grocery
CUST9323,9,480.3333333333333,3.6666666666666665,28.22222222222222,0,0,Swiggy Instamart,Dairy
CUST6943,9,571.8888888888889,2.888888888888889,28.0,0,1,Swiggy Instamart,Snacks
CUST7797,9,521.3333333333334,3.888888888888889,31.333333333333332,0,0,Blinkit,Snacks
CUST8633,9,455.55555555555554,3.4444444444444446,35.333333333333336,0,0,Blinkit,Dairy
CUST9849,9,487.8888888888889,3.888888888888889,28.0,0,0,Blinkit,Dairy
CUST4503,9,738.6666666666666,3.6666666666666665,25.0,0,0,Swiggy Instamart,Fruits & Vegetables
CUST7123,9,608.0,3.5555555555555554,25.88888888888889,0,0,Blinkit,Beverages
CUST9926,9,464.8888888888889,3.6666666666666665,35.888888888888886,0,0,Blinkit,Dairy
CUST4107,9,434.44444444444446,2.6666666666666665,28.666666666666668,0,1,JioMart,Dairy
CUST1991,9,354.8888888888889,3.5555555555555554,28.444444444444443,0,0,Blinkit,Beverages
CUST6106,9,531.5555555555555,3.0,26.333333333333332,0,1,JioMart,Beverages
CUST8709,9,677.1111111111111,4.111111111111111,30.555555555555557,0,0,Blinkit,Beverages
CUST5130,9,490.1111111111111,4.0,28.0,0,0,Swiggy Instamart,Personal Care
CUST2799,9,649.7777777777778,4.444444444444445,33.333333333333336,0,0,Blinkit,Grocery
CUST7266,9,705.1111111111111,3.3333333333333335,22.555555555555557,0,0,Blinkit,Beverages
CUST7154,9,602.5555555555555,3.6666666666666665,28.11111111111111,0,0,Blinkit,Grocery
CUST8186,9,527.5555555555555,3.0,30.88888888888889,0,1,JioMart,Dairy
CUST3091,9,713.3333333333334,4.222222222222222,27.444444444444443,0,0,Blinkit,Fruits & Vegetables
CUST4512,9,617.8888888888889,3.111111111111111,31.444444444444443,0,0,JioMart,Snacks
CUST7186,9,392.22222222222223,2.6666666666666665,29.22222222222222,0,1,Swiggy Instamart,Snacks
CUST9491,9,624.1111111111111,3.2222222222222223,31.444444444444443,0,0,JioMart,Fruits & Vegetables
CUST4137,9,485.1111111111111,2.7777777777777777,30.555555555555557,0,1,JioMart,Fruits & Vegetables
CUST5599,9,563.1111111111111,4.222222222222222,31.444444444444443,0,0,JioMart,Beverages
CUST4174,9,347.3333333333333,3.6666666666666665,28.88888888888889,0,0,Blinkit,Fruits & Vegetables
CUST1109,9,786.3333333333334,4.111111111111111,33.0,0,0,Blinkit,Beverages
CUST8435,9,508.0,2.888888888888889,29.444444444444443,0,0,Blinkit,Fruits & Vegetables
CUST8386,9,541.4444444444445,3.7777777777777777,26.555555555555557,0,0,Swiggy Instamart,Beverages
CUST8575,9,837.2222222222222,2.888888888888889,29.444444444444443,0,1,JioMart,Dairy
CUST2044,9,1061.111111111111,2.2222222222222223,28.22222222222222,0,1,Blinkit,Personal Care
CUST7147,9,453.6666666666667,3.888888888888889,32.333333333333336,0,0,Swiggy Instamart,Fruits & Vegetables
CUST2682,9,748.4444444444445,2.111111111111111,34.44444444444444,0,1,Blinkit,Personal Care
CUST8469,9,802.4444444444445,2.7777777777777777,27.88888888888889,0,1,Swiggy Instamart,Personal Care
CUST9587,9,410.22222222222223,3.4444444444444446,25.555555555555557,0,0,Swiggy Instamart,Snacks
CUST1950,9,390.55555555555554,2.5555555555555554,24.77777777777778,0,1,Blinkit,Dairy
CUST4787,9,671.8888888888889,3.111111111111111,36.0,0,1,JioMart,Fruits & Vegetables
CUST2556,9,573.5555555555555,3.3333333333333335,32.111111111111114,0,0,Blinkit,Personal Care
CUST7827,9,630.6666666666666,2.5555555555555554,34.44444444444444,0,1,JioMart,Fruits & Vegetables
CUST7320,9,551.7777777777778,3.888888888888889,31.666666666666668,0,0,Blinkit,Personal Care
CUST2329,9,419.6666666666667,3.0,23.333333333333332,0,0,JioMart,Dairy
CUST3044,9,526.3333333333334,3.0,25.88888888888889,0,1,JioMart,Dairy
CUST5110,9,764.2222222222222,4.222222222222222,29.77777777777778,0,0,JioMart,Personal Care
CUST6494,9,640.2222222222222,3.6666666666666665,31.555555555555557,0,0,Blinkit,Fruits & Vegetables
CUST3242,9,819.3333333333334,3.0,29.11111111111111,0,1,Swiggy Instamart,Dairy
CUST4607,9,750.5555555555555,2.6666666666666665,34.888888888888886,0,1,JioMart,Personal Care
CUST4416,9,758.7777777777778,3.7777777777777777,31.88888888888889,0,0,Swiggy Instamart,Beverages
CUST6416,9,676.4444444444445,2.888888888888889,35.77777777777778,0,1,Swiggy Instamart,Dairy
CUST7103,9,476.1111111111111,2.3333333333333335,38.44444444444444,0,1,JioMart,Dairy
CUST2962,9,775.1111111111111,3.2222222222222223,34.22222222222222,0,0,Swiggy Instamart,Grocery
CUST9799,9,668.7777777777778,3.0,33.0,0,1,Swiggy Instamart,Fruits & Vegetables
CUST7006,9,689.0,3.4444444444444446,28.0,0,0,Blinkit,Dairy
CUST1987,9,700.3333333333334,3.7777777777777777,30.0,0,0,Swiggy Instamart,Fruits & Vegetables
CUST2279,9,711.5555555555555,3.5555555555555554,32.666666666666664,0,0,Blinkit,Dairy
CUST2838,9,561.0,3.5555555555555554,35.666666666666664,0,0,Blinkit,Snacks
CUST9792,9,570.2222222222222,3.6666666666666665,33.333333333333336,0,0,Swiggy Instamart,Grocery
CUST4365,9,745.1111111111111,3.3333333333333335,28.444444444444443,0,0,JioMart,Personal Care
CUST5007,9,659.3333333333334,2.888888888888889,25.11111111111111,0,1,Blinkit,Dairy
CUST7763,9,513.8888888888889,3.888888888888889,24.333333333333332,0,0,Blinkit,Dairy
CUST4318,9,550.3333333333334,3.111111111111111,26.22222222222222,0,0,Blinkit,Dairy
CUST7676,9,643.5555555555555,3.2222222222222223,32.44444444444444,0,0,JioMart,Beverages
CUST9649,9,542.4444444444445,3.6666666666666665,30.22222222222222,0,0,JioMart,Dairy
CUST2491,9,360.0,2.3333333333333335,30.11111111111111,0,1,JioMart,Beverages
CUST1965,9,496.55555555555554,3.0,39.111111111111114,0,0,Blinkit,Beverages
CUST6329,9,598.8888888888889,2.6666666666666665,33.55555555555556,0,1,Blinkit,Beverages
CUST3098,9,628.4444444444445,3.5555555555555554,27.11111111111111,0,0,Blinkit,Dairy
CUST7310,9,775.3333333333334,3.111111111111111,27.22222222222222,0,0,Blinkit,Dairy
CUST4249,9,707.7777777777778,3.0,28.88888888888889,0,1,Blinkit,Beverages
CUST4103,9,474.0,3.4444444444444446,32.888888888888886,0,0,JioMart,Grocery
CUST7830,9,549.7777777777778,4.111111111111111,26.22222222222222,0,0,Blinkit,Dairy
CUST3364,9,563.7777777777778,2.5555555555555554,34.111111111111114,0,1,Swiggy Instamart,Dairy
CUST2945,9,512.0,2.4444444444444446,30.11111111111111,0,1,JioMart,Grocery
CUST2724,9,830.1111111111111,2.6666666666666665,29.0,0,1,Swiggy Instamart,Grocery
CUST6058,9,612.5555555555555,2.7777777777777777,35.55555555555556,0,1,Blinkit,Personal Care
CUST3597,9,749.8888888888889,3.2222222222222223,32.22222222222222,0,0,Blinkit,Beverages
CUST8131,9,682.1111111111111,3.2222222222222223,29.88888888888889,0,0,JioMart,Dairy
CUST7203,9,440.77777777777777,2.7777777777777777,26.555555555555557,0,1,Blinkit,Personal Care
CUST8908,9,461.0,3.2222222222222223,31.77777777777778,0,0,JioMart,Dairy
CUST6875,9,561.0,3.5555555555555554,27.88888888888889,0,0,Blinkit,Dairy
CUST3996,9,371.0,3.6666666666666665,28.555555555555557,0,0,JioMart,Grocery
CUST7319,9,521.1111111111111,3.6666666666666665,32.22222222222222,0,0,Swiggy Instamart,Beverages
CUST2248,9,702.8888888888889,2.7777777777777777,29.666666666666668,0,1,Blinkit,Beverages
CUST6325,9,401.8888888888889,3.4444444444444446,28.88888888888889,0,0,JioMart,Fruits & Vegetables
CUST7957,9,577.5555555555555,3.111111111111111,31.444444444444443,0,1,Swiggy Instamart,Personal Care
CUST3462,9,450.77777777777777,3.7777777777777777,24.333333333333332,0,0,JioMart,Snacks
CUST9541,9,492.77777777777777,3.2222222222222223,25.555555555555557,0,0,JioMart,Dairy
CUST7926,9,584.4444444444445,4.0,26.11111111111111,0,0,Blinkit,Personal Care
CUST1487,9,569.3333333333334,2.7777777777777777,32.0,0,1,JioMart,Grocery
CUST6480,9,547.0,3.5555555555555554,35.666666666666664,0,0,Blinkit,Beverages
CUST2334,9,638.6666666666666,3.3333333333333335,32.44444444444444,0,0,JioMart,Beverages
CUST2729,9,481.77777777777777,3.888888888888889,35.0,0,0,Blinkit,Beverages
CUST5100,9,492.0,3.3333333333333335,29.88888888888889,0,0,JioMart,Personal Care
CUST4858,9,656.3333333333334,4.111111111111111,30.666666666666668,0,0,Blinkit,Dairy
CUST2845,9,531.2222222222222,2.888888888888889,32.888888888888886,0,1,Swiggy Instamart,Snacks
CUST8518,9,494.55555555555554,2.6666666666666665,38.111111111111114,0,1,Blinkit,Fruits & Vegetables
CUST1230,9,882.7777777777778,2.6666666666666665,28.666666666666668,0,1,Blinkit,Personal Care
CUST2987,9,723.1111111111111,3.4444444444444446,23.333333333333332,0,0,Blinkit,Grocery
CUST8815,9,794.7777777777778,2.4444444444444446,30.555555555555557,0,1,Blinkit,Personal Care
CUST2050,9,640.8888888888889,3.4444444444444446,31.444444444444443,0,0,Blinkit,Snacks
CUST3667,9,533.5555555555555,3.5555555555555554,26.88888888888889,0,0,JioMart,Beverages
CUST9166,9,695.8888888888889,3.111111111111111,27.77777777777778,0,1,Swiggy Instamart,Beverages
CUST7534,9,535.8888888888889,3.4444444444444446,25.444444444444443,0,0,Blinkit,Beverages
CUST7535,9,634.5555555555555,3.7777777777777777,32.44444444444444,0,0,JioMart,Fruits & Vegetables
CUST5658,9,672.7777777777778,3.6666666666666665,29.11111111111111,0,0,Swiggy Instamart,Grocery
CUST5853,9,385.8888888888889,2.5555555555555554,29.666666666666668,0,1,Blinkit,Beverages
CUST8995,9,550.6666666666666,2.6666666666666665,27.666666666666668,0,1,Blinkit,Fruits & Vegetables
CUST5021,9,499.3333333333333,3.7777777777777777,26.11111111111111,0,0,Blinkit,Dairy
CUST2043,9,612.5555555555555,3.4444444444444446,32.44444444444444,0,0,Swiggy Instamart,Fruits & Vegetables
CUST6469,9,411.55555555555554,3.7777777777777777,27.77777777777778,0,0,Blinkit,Dairy
CUST6205,9,1071.0,2.888888888888889,30.444444444444443,0,0,Blinkit,Grocery
CUST6584,9,721.2222222222222,3.3333333333333335,24.0,0,0,JioMart,Fruits & Vegetables
CUST1833,9,547.3333333333334,3.4444444444444446,27.77777777777778,0,0,Swiggy Instamart,Grocery
CUST1212,9,786.8888888888889,2.4444444444444446,26.555555555555557,0,1,Swiggy Instamart,Personal Care
CUST2890,9,605.0,3.111111111111111,25.77777777777778,0,1,Blinkit,Beverages
CUST9747,9,656.2222222222222,2.3333333333333335,26.22222222222222,0,1,Blinkit,Fruits & Vegetables
CUST3488,9,426.55555555555554,3.2222222222222223,27.333333333333332,0,0,Swiggy Instamart,Snacks
CUST3186,9,437.44444444444446,3.3333333333333335,30.0,0,0,JioMart,Snacks
CUST1037,9,518.7777777777778,2.6666666666666665,28.0,0,1,Blinkit,Beverages
CUST3880,9,694.0,3.4444444444444446,31.77777777777778,0,0,Swiggy Instamart,Grocery
CUST5136,9,358.1111111111111,3.4444444444444446,29.88888888888889,0,0,Blinkit,Fruits & Vegetables
CUST2213,9,470.1111111111111,3.2222222222222223,19.333333333333332,0,0,JioMart,Dairy
CUST2282,9,622.4444444444445,4.222222222222222,27.444444444444443,0,0,Blinkit,Beverages
CUST8882,9,580.2222222222222,3.0,29.333333333333332,0,0,Blinkit,Snacks
CUST1321,9,577.1111111111111,3.3333333333333335,30.22222222222222,0,0,JioMart,Beverages
CUST5151,9,614.1111111111111,3.0,27.77777777777778,0,1,Swiggy Instamart,Beverages
CUST2339,9,502.1111111111111,2.5555555555555554,38.77777777777778,1,1,Blinkit,Fruits & Vegetables
CUST9638,9,666.6666666666666,3.2222222222222223,28.666666666666668,0,0,Blinkit,Dairy
CUST8825,9,527.0,2.888888888888889,31.77777777777778,0,1,Blinkit,Dairy
CUST3563,9,519.0,2.888888888888889,23.0,0,1,JioMart,Beverages
CUST2064,9,598.5555555555555,3.3333333333333335,31.444444444444443,0,0,Blinkit,Dairy
CUST8078,9,649.0,3.888888888888889,33.666666666666664,0,0,Swiggy Instamart,Fruits & Vegetables
CUST5415,9,492.0,3.5555555555555554,28.0,0,0,Blinkit,Dairy
CUST3330,9,644.1111111111111,2.888888888888889,31.88888888888889,0,1,JioMart,Dairy
CUST5334,9,546.6666666666666,2.6666666666666665,28.22222222222222,0,1,JioMart,Beverages
CUST7413,9,573.1111111111111,3.2222222222222223,29.666666666666668,0,0,JioMart,Beverages
CUST3400,9,483.77777777777777,2.5555555555555554,31.22222222222222,0,1,Blinkit,Grocery
CUST7969,9,475.0,3.6666666666666665,30.22222222222222,0,0,Swiggy Instamart,Grocery
CUST7666,9,346.6666666666667,4.666666666666667,33.666666666666664,0,0,JioMart,Dairy
CUST1611,9,965.7777777777778,3.6666666666666665,27.11111111111111,0,0,Blinkit,Grocery
CUST5796,9,694.6666666666666,1.5555555555555556,32.22222222222222,0,1,JioMart,Fruits & Vegetables
CUST8849,9,686.1111111111111,3.6666666666666665,28.88888888888889,0,0,Swiggy Instamart,Beverages
CUST9608,9,759.7777777777778,4.111111111111111,26.0,0,0,JioMart,Grocery
CUST2117,9,797.7777777777778,3.6666666666666665,30.0,0,0,Blinkit,Personal Care
CUST4624,9,677.0,3.4444444444444446,26.555555555555557,0,0,Blinkit,Dairy
CUST5809,9,504.3333333333333,3.111111111111111,27.666666666666668,0,0,Swiggy Instamart,Snacks
CUST1144,9,637.4444444444445,3.0,32.22222222222222,0,0,Swiggy Instamart,Snacks
CUST9337,9,510.77777777777777,2.6666666666666665,30.77777777777778,0,1,Blinkit,Dairy
CUST4993,9,502.0,3.5555555555555554,29.88888888888889,0,0,JioMart,Fruits & Vegetables
CUST6360,9,678.2222222222222,2.5555555555555554,25.0,0,1,Swiggy Instamart,Snacks
CUST4636,9,579.1111111111111,3.111111111111111,32.111111111111114,0,1,Blinkit,Beverages
CUST2358,9,745.3333333333334,3.4444444444444446,31.333333333333332,0,0,JioMart,Grocery
CUST6153,9,432.3333333333333,3.111111111111111,28.555555555555557,0,1,JioMart,Dairy
CUST9431,9,712.5555555555555,2.7777777777777777,27.11111111111111,0,1,Swiggy Instamart,Snacks
CUST6260,9,545.5555555555555,2.888888888888889,28.0,0,0,Swiggy Instamart,Dairy
CUST8959,9,485.8888888888889,3.111111111111111,30.0,0,0,Swiggy Instamart,Dairy
CUST8332,9,427.55555555555554,3.6666666666666665,30.11111111111111,0,0,Swiggy Instamart,Beverages
CUST3391,9,538.1111111111111,3.7777777777777777,27.88888888888889,0,0,Blinkit,Dairy
CUST9096,9,615.5555555555555,2.6666666666666665,29.666666666666668,0,1,JioMart,Personal Care
CUST7994,9,729.6666666666666,4.555555555555555,27.11111111111111,0,0,Blinkit,Dairy
CUST2220,9,355.6666666666667,3.7777777777777777,27.22222222222222,0,0,Blinkit,Dairy
CUST3519,9,657.0,3.6666666666666665,33.0,0,0,Blinkit,Beverages
CUST5203,9,691.6666666666666,3.111111111111111,28.666666666666668,0,0,JioMart,Grocery
CUST9851,9,754.5555555555555,3.0,29.0,0,1,Swiggy Instamart,Beverages
CUST1404,9,613.8888888888889,2.6666666666666665,34.666666666666664,0,1,JioMart,Snacks
CUST9426,9,582.2222222222222,4.444444444444445,30.0,0,0,Swiggy Instamart,Dairy
CUST6775,9,675.3333333333334,3.7777777777777777,27.88888888888889,0,0,Swiggy Instamart,Beverages
CUST4169,9,668.0,2.7777777777777777,30.77777777777778,0,1,Blinkit,Beverages
CUST6684,9,666.0,2.6666666666666665,26.88888888888889,0,1,Blinkit,Personal Care
CUST5442,9,506.6666666666667,3.111111111111111,30.666666666666668,0,1,Swiggy Instamart,Fruits & Vegetables
CUST1860,9,686.6666666666666,2.111111111111111,27.333333333333332,0,1,JioMart,Beverages
CUST3268,9,641.6666666666666,2.888888888888889,27.11111111111111,0,1,Blinkit,Beverages
CUST5787,9,653.3333333333334,3.3333333333333335,32.44444444444444,0,0,JioMart,Fruits & Vegetables
CUST1851,9,749.4444444444445,3.0,28.0,0,1,Swiggy Instamart,Beverages
CUST2087,9,570.3333333333334,3.0,28.77777777777778,0,1,Blinkit,Fruits & Vegetables
CUST6945,9,505.8888888888889,3.2222222222222223,27.88888888888889,0,1,Blinkit,Snacks
CUST3300,9,615.3333333333334,3.6666666666666665,30.11111111111111,0,0,Swiggy Instamart,Personal Care
CUST8367,9,810.2222222222222,3.0,33.22222222222222,0,1,Blinkit,Beverages
CUST2012,9,388.44444444444446,3.3333333333333335,27.88888888888889,0,0,Swiggy Instamart,Fruits & Vegetables
CUST8626,9,779.4444444444445,3.5555555555555554,32.666666666666664,0,0,Blinkit,Grocery
CUST2236,9,652.6666666666666,3.7777777777777777,27.11111111111111,0,0,JioMart,Beverages
CUST6611,9,715.7777777777778,3.111111111111111,27.333333333333332,0,1,Swiggy Instamart,Personal Care
CUST6439,9,361.1111111111111,3.3333333333333335,30.333333333333332,0,0,JioMart,Beverages
CUST5551,9,416.1111111111111,3.0,31.555555555555557,0,1,Blinkit,Beverages
CUST6865,9,782.6666666666666,2.5555555555555554,31.333333333333332,0,1,Blinkit,Beverages
CUST8425,9,726.5555555555555,3.3333333333333335,34.55555555555556,0,0,Swiggy Instamart,Dairy
CUST3361,9,906.2222222222222,4.0,31.0,0,0,Blinkit,Personal Care
CUST7512,9,738.5555555555555,2.888888888888889,26.77777777777778,0,1,Blinkit,Beverages
CUST3123,9,561.1111111111111,3.7777777777777777,29.666666666666668,0,0,Blinkit,Snacks
CUST6894,9,497.0,2.6666666666666665,27.0,0,1,Blinkit,Beverages
CUST2851,9,620.1111111111111,3.111111111111111,28.333333333333332,0,0,JioMart,Fruits & Vegetables
CUST4234,9,835.5555555555555,2.888888888888889,33.888888888888886,0,1,Swiggy Instamart,Fruits & Vegetables
CUST9800,9,521.2222222222222,3.0,26.77777777777778,0,0,Blinkit,Beverages
CUST2433,9,407.77777777777777,3.2222222222222223,27.77777777777778,0,0,Swiggy Instamart,Beverages
CUST1021,9,533.5555555555555,2.888888888888889,28.666666666666668,0,1,Blinkit,Dairy
CUST9588,9,429.22222222222223,3.3333333333333335,32.666666666666664,0,0,Swiggy Instamart,Fruits & Vegetables
CUST9389,9,565.0,3.111111111111111,28.555555555555557,0,1,Blinkit,Snacks
CUST9142,9,402.3333333333333,3.4444444444444446,30.333333333333332,0,0,Blinkit,Fruits & Vegetables
CUST5056,9,492.44444444444446,3.888888888888889,31.333333333333332,0,0,Blinkit,Snacks
CUST4373,9,417.3333333333333,2.7777777777777777,30.666666666666668,0,1,JioMart,Fruits & Vegetables
CUST2121,9,641.7777777777778,3.111111111111111,28.444444444444443,0,1,Blinkit,Dairy
CUST5547,9,638.4444444444445,3.888888888888889,28.666666666666668,0,0,Blinkit,Fruits & Vegetables
CUST2202,9,786.8888888888889,2.888888888888889,30.333333333333332,0,1,Swiggy Instamart,Grocery
CUST8621,9,624.1111111111111,4.222222222222222,30.555555555555557,0,0,Blinkit,Dairy
CUST4658,9,710.0,3.111111111111111,29.22222222222222,0,1,Blinkit,Beverages
CUST6182,9,599.2222222222222,3.4444444444444446,30.77777777777778,0,0,Blinkit,Snacks
CUST6877,9,569.7777777777778,3.0,29.333333333333332,0,1,JioMart,Beverages
CUST8578,9,583.3333333333334,3.111111111111111,27.444444444444443,0,0,Blinkit,Personal Care
CUST5461,9,545.5555555555555,4.222222222222222,34.333333333333336,0,0,JioMart,Snacks
CUST2608,9,418.1111111111111,3.2222222222222223,31.11111111111111,0,0,Swiggy Instamart,Dairy
CUST7220,9,616.6666666666666,2.7777777777777777,27.77777777777778,0,1,Swiggy Instamart,Beverages
CUST7723,9,395.22222222222223,2.7777777777777777,25.555555555555557,0,1,JioMart,Dairy
CUST8726,9,771.7777777777778,3.3333333333333335,28.11111111111111,0,0,Blinkit,Personal Care
CUST4397,9,624.3333333333334,2.5555555555555554,25.444444444444443,0,1,Swiggy Instamart,Snacks
CUST1026,9,456.0,4.222222222222222,22.666666666666668,0,0,Blinkit,Personal Care
CUST9191,9,437.0,3.888888888888889,27.77777777777778,0,0,Swiggy Instamart,Beverages
CUST3635,9,676.5555555555555,3.7777777777777777,31.0,0,0,Blinkit,Personal Care
CUST7282,9,571.7777777777778,3.111111111111111,27.333333333333332,0,0,Blinkit,Snacks
CUST5134,9,710.4444444444445,3.111111111111111,28.333333333333332,0,1,JioMart,Dairy
CUST8555,9,545.4444444444445,4.111111111111111,28.333333333333332,0,0,Blinkit,Fruits & Vegetables
CUST5161,9,567.5555555555555,3.0,28.555555555555557,0,1,JioMart,Dairy
CUST3588,9,557.1111111111111,3.888888888888889,22.444444444444443,0,0,Blinkit,Beverages
CUST5000,9,582.8888888888889,3.4444444444444446,30.555555555555557,0,0,Blinkit,Beverages
CUST9357,9,507.77777777777777,3.3333333333333335,25.0,0,0,Swiggy Instamart,Beverages
CUST9271,9,875.5555555555555,2.6666666666666665,33.44444444444444,0,1,Blinkit,Fruits & Vegetables
CUST9343,9,573.5555555555555,2.888888888888889,28.22222222222222,0,0,Swiggy Instamart,Dairy
CUST2360,9,700.8888888888889,3.2222222222222223,27.11111111111111,0,0,Blinkit,Beverages
CUST9157,9,633.3333333333334,3.2222222222222223,23.333333333333332,0,0,JioMart,Personal Care
CUST1589,9,471.0,3.2222222222222223,33.0,0,1,Blinkit,Dairy
CUST5378,9,608.8888888888889,2.888888888888889,31.444444444444443,0,1,JioMart,Fruits & Vegetables
CUST7257,9,461.3333333333333,3.0,34.0,0,0,Blinkit,Dairy
CUST1538,9,608.3333333333334,4.0,29.555555555555557,0,0,Blinkit,Beverages
CUST6608,9,620.1111111111111,2.6666666666666665,33.77777777777778,0,1,Swiggy Instamart,Dairy
CUST5331,9,604.5555555555555,2.4444444444444446,30.0,0,1,JioMart,Beverages
CUST8225,9,901.7777777777778,2.3333333333333335,29.666666666666668,0,1,JioMart,Grocery
CUST3723,9,641.0,3.5555555555555554,26.444444444444443,0,0,JioMart,Personal Care
CUST9778,9,474.3333333333333,3.5555555555555554,29.444444444444443,0,0,JioMart,Fruits & Vegetables
CUST9465,9,896.4444444444445,3.4444444444444446,27.11111111111111,0,0,JioMart,Fruits & Vegetables
CUST9210,9,837.7777777777778,2.888888888888889,27.22222222222222,0,1,JioMart,Beverages
CUST4913,9,537.3333333333334,3.7777777777777777,28.444444444444443,0,0,Swiggy Instamart,Beverages
CUST1285,9,632.4444444444445,3.5555555555555554,27.444444444444443,0,0,Blinkit,Grocery
CUST1335,9,542.1111111111111,3.7777777777777777,30.555555555555557,0,0,Swiggy Instamart,Dairy
CUST9091,9,606.6666666666666,3.5555555555555554,24.22222222222222,0,0,Blinkit,Beverages
CUST7803,9,680.6666666666666,2.2222222222222223,29.444444444444443,0,1,Blinkit,Fruits & Vegetables
CUST3720,9,898.3333333333334,2.6666666666666665,31.555555555555557,0,1,Blinkit,Personal Care
CUST2347,9,644.6666666666666,3.7777777777777777,30.22222222222222,0,0,Blinkit,Personal Care
CUST9563,9,679.7777777777778,2.4444444444444446,29.333333333333332,0,1,Swiggy Instamart,Fruits & Vegetables
CUST8280,9,519.3333333333334,3.5555555555555554,30.555555555555557,0,0,Swiggy Instamart,Fruits & Vegetables
CUST4962,9,501.22222222222223,4.111111111111111,25.22222222222222,0,0,JioMart,Snacks
CUST5689,9,615.2222222222222,2.2222222222222223,28.88888888888889,0,1,JioMart,Grocery
CUST3153,9,766.5555555555555,1.8888888888888888,35.44444444444444,0,1,Blinkit,Beverages
CUST9473,9,466.0,2.4444444444444446,26.0,0,1,Blinkit,Dairy
CUST6973,9,781.3333333333334,3.6666666666666665,31.22222222222222,0,0,Blinkit,Personal Care
CUST8207,9,761.0,2.6666666666666665,25.22222222222222,0,1,Blinkit,Personal Care
CUST2263,9,601.0,3.2222222222222223,35.666666666666664,0,0,Blinkit,Grocery
CUST9521,9,572.1111111111111,3.6666666666666665,27.444444444444443,0,0,JioMart,Beverages
CUST8804,9,673.6666666666666,4.0,27.88888888888889,0,0,Swiggy Instamart,Beverages
CUST2760,9,445.77777777777777,4.222222222222222,30.0,0,0,JioMart,Fruits & Vegetables
CUST9769,9,469.1111111111111,3.111111111111111,33.333333333333336,0,0,Swiggy Instamart,Snacks
CUST4834,9,859.2222222222222,2.4444444444444446,28.0,0,1,Swiggy Instamart,Beverages
CUST6218,9,911.5555555555555,2.5555555555555554,30.444444444444443,0,1,JioMart,Grocery
CUST9025,9,465.22222222222223,3.6666666666666665,28.555555555555557,0,0,Blinkit,Personal Care
CUST9791,9,738.6666666666666,3.0,25.11111111111111,0,0,JioMart,Grocery
CUST1048,9,487.6666666666667,3.0,28.333333333333332,0,0,JioMart,Dairy
CUST4332,9,547.7777777777778,3.4444444444444446,35.888888888888886,0,0,JioMart,Beverages
CUST3104,9,735.2222222222222,2.6666666666666665,32.44444444444444,0,1,Swiggy Instamart,Dairy
CUST4506,9,768.7777777777778,2.888888888888889,30.666666666666668,0,1,Blinkit,Grocery
CUST7004,9,744.7777777777778,2.3333333333333335,31.11111111111111,0,1,Blinkit,Fruits & Vegetables
CUST1696,9,737.0,3.2222222222222223,26.555555555555557,0,0,Blinkit,Grocery
CUST8544,9,602.8888888888889,3.4444444444444446,25.666666666666668,0,0,Swiggy Instamart,Fruits & Vegetables
CUST3695,9,482.8888888888889,3.6666666666666665,29.444444444444443,0,0,Swiggy Instamart,Fruits & Vegetables
CUST9446,9,373.0,3.0,33.44444444444444,0,1,Swiggy Instamart,Beverages
CUST1797,9,940.8888888888889,2.6666666666666665,24.88888888888889,0,1,Blinkit,Grocery
CUST9793,9,451.8888888888889,3.5555555555555554,24.0,0,0,JioMart,Fruits & Vegetables
CUST9324,9,662.1111111111111,3.111111111111111,25.11111111111111,0,0,Swiggy Instamart,Beverages
CUST3338,9,656.5555555555555,2.3333333333333335,29.88888888888889,0,1,Blinkit,Personal Care
CUST7196,9,563.3333333333334,3.111111111111111,28.11111111111111,0,1,JioMart,Dairy
CUST8889,9,714.2222222222222,3.3333333333333335,26.77777777777778,0,0,JioMart,Dairy
CUST3639,9,369.3333333333333,3.3333333333333335,28.11111111111111,0,0,Swiggy Instamart,Dairy
CUST7649,9,360.55555555555554,3.0,29.444444444444443,0,1,Blinkit,Personal Care
CUST9222,9,602.4444444444445,3.4444444444444446,25.555555555555557,0,0,JioMart,Fruits & Vegetables
CUST4500,9,488.77777777777777,3.4444444444444446,29.11111111111111,0,0,Swiggy Instamart,Fruits & Vegetables
CUST4605,9,528.7777777777778,3.3333333333333335,30.555555555555557,0,0,JioMart,Fruits & Vegetables
CUST8799,9,522.7777777777778,4.222222222222222,30.11111111111111,0,0,JioMart,Dairy
CUST4626,9,606.0,2.3333333333333335,28.555555555555557,0,1,Swiggy Instamart,Dairy
CUST2911,9,555.8888888888889,2.4444444444444446,25.11111111111111,0,1,Blinkit,Dairy
CUST2592,9,610.3333333333334,3.888888888888889,30.77777777777778,0,0,Blinkit,Beverages
CUST5170,9,655.8888888888889,4.111111111111111,31.555555555555557,0,0,Blinkit,Fruits & Vegetables
CUST8817,9,544.2222222222222,3.4444444444444446,30.444444444444443,0,0,Blinkit,Fruits & Vegetables
CUST5223,9,664.7777777777778,3.7777777777777777,21.555555555555557,0,0,JioMart,Grocery
CUST6859,9,602.1111111111111,3.3333333333333335,24.22222222222222,0,0,Blinkit,Beverages
CUST4316,9,719.4444444444445,3.5555555555555554,29.666666666666668,0,0,JioMart,Fruits & Vegetables
CUST3080,9,413.77777777777777,3.0,29.22222222222222,0,1,JioMart,Snacks
CUST3308,9,613.3333333333334,3.111111111111111,30.444444444444443,0,1,Swiggy Instamart,Fruits & Vegetables
CUST1829,9,371.6666666666667,3.3333333333333335,31.333333333333332,0,0,Blinkit,Snacks
CUST7293,9,723.4444444444445,3.111111111111111,35.0,0,0,Blinkit,Beverages
CUST6123,9,1130.4444444444443,3.6666666666666665,28.333333333333332,0,0,Swiggy Instamart,Personal Care
CUST5968,9,425.0,2.888888888888889,31.333333333333332,0,1,Swiggy Instamart,Fruits & Vegetables
CUST3409,9,715.2222222222222,2.5555555555555554,24.666666666666668,0,1,JioMart,Fruits & Vegetables
CUST9803,9,694.2222222222222,3.111111111111111,32.666666666666664,0,1,Blinkit,Beverages
CUST9332,9,408.6666666666667,3.0,31.11111111111111,0,1,JioMart,Beverages
CUST5788,9,861.0,2.2222222222222223,30.444444444444443,0,1,Blinkit,Dairy
CUST6942,9,462.44444444444446,3.3333333333333335,30.666666666666668,0,0,Swiggy Instamart,Snacks
CUST7018,9,428.1111111111111,2.5555555555555554,32.55555555555556,0,1,JioMart,Snacks
CUST7866,9,372.44444444444446,2.5555555555555554,30.11111111111111,0,1,JioMart,Beverages
CUST2622,9,614.8888888888889,3.4444444444444446,20.11111111111111,0,0,Blinkit,Fruits & Vegetables
CUST7976,9,414.8888888888889,3.3333333333333335,27.77777777777778,0,0,Swiggy Instamart,Snacks
CUST3370,9,750.4444444444445,2.5555555555555554,27.77777777777778,0,1,JioMart,Dairy
CUST3989,9,736.3333333333334,3.2222222222222223,31.77777777777778,0,0,Blinkit,Grocery
CUST6587,9,361.22222222222223,3.888888888888889,30.333333333333332,0,0,Swiggy Instamart,Snacks
CUST9211,9,858.7777777777778,3.5555555555555554,32.22222222222222,0,0,JioMart,Fruits & Vegetables
CUST6838,9,470.6666666666667,2.5555555555555554,35.333333333333336,0,1,Blinkit,Dairy
CUST4868,9,723.4444444444445,3.111111111111111,26.333333333333332,0,0,Blinkit,Dairy
CUST2835,9,439.22222222222223,2.4444444444444446,25.77777777777778,0,1,Swiggy Instamart,Beverages
CUST5540,9,506.1111111111111,2.5555555555555554,29.444444444444443,0,1,JioMart,Fruits & Vegetables
CUST6639,9,700.3333333333334,3.111111111111111,27.22222222222222,0,1,Blinkit,Beverages
CUST7192,9,704.4444444444445,2.888888888888889,26.22222222222222,0,0,Swiggy Instamart,Dairy
CUST3046,9,501.77777777777777,4.0,27.444444444444443,0,0,Swiggy Instamart,Beverages
CUST3589,9,785.7777777777778,2.888888888888889,25.444444444444443,0,1,JioMart,Beverages
CUST6121,9,593.6666666666666,2.5555555555555554,23.444444444444443,0,1,JioMart,Beverages
CUST2739,9,409.3333333333333,2.888888888888889,28.444444444444443,0,1,JioMart,Dairy
CUST6893,9,473.8888888888889,2.6666666666666665,29.22222222222222,0,1,Swiggy Instamart,Fruits & Vegetables
CUST7474,9,587.0,3.0,29.88888888888889,0,1,Blinkit,Dairy
CUST7287,9,553.7777777777778,3.111111111111111,27.11111111111111,0,0,Swiggy Instamart,Beverages
CUST8588,9,738.5555555555555,4.222222222222222,26.88888888888889,0,0,Blinkit,Grocery
CUST9073,9,558.7777777777778,1.8888888888888888,28.11111111111111,0,1,Blinkit,Beverages
CUST9543,9,696.6666666666666,3.5555555555555554,33.0,0,0,Blinkit,Personal Care
CUST7580,9,652.8888888888889,3.4444444444444446,25.22222222222222,0,0,Blinkit,Beverages
CUST7984,9,486.3333333333333,3.6666666666666665,28.555555555555557,0,0,Swiggy Instamart,Beverages
CUST5420,9,412.1111111111111,2.111111111111111,29.666666666666668,0,1,Swiggy Instamart,Fruits & Vegetables
CUST9887,9,462.8888888888889,2.888888888888889,29.77777777777778,0,1,JioMart,Dairy
CUST6989,9,523.0,2.7777777777777777,35.333333333333336,0,1,JioMart,Dairy
CUST9032,9,726.8888888888889,2.7777777777777777,28.88888888888889,0,1,Swiggy Instamart,Dairy
CUST3854,9,757.1111111111111,3.6666666666666665,27.11111111111111,0,0,JioMart,Personal Care
CUST3092,9,520.3333333333334,3.7777777777777777,25.77777777777778,0,0,JioMart,Beverages
CUST3974,9,569.2222222222222,3.0,29.77777777777778,0,0,Blinkit,Beverages
CUST2285,9,626.3333333333334,2.3333333333333335,29.0,0,1,JioMart,Beverages
CUST6693,9,435.6666666666667,3.4444444444444446,31.666666666666668,0,0,JioMart,Fruits & Vegetables
CUST8372,9,745.8888888888889,4.0,27.333333333333332,0,0,Blinkit,Beverages
CUST6332,9,594.4444444444445,3.0,27.0,0,1,Swiggy Instamart,Beverages
CUST8180,9,520.3333333333334,3.3333333333333335,26.77777777777778,0,0,Swiggy Instamart,Fruits & Vegetables
CUST3271,9,627.4444444444445,3.5555555555555554,34.666666666666664,0,0,JioMart,Fruits & Vegetables
CUST2074,9,446.77777777777777,3.4444444444444446,28.666666666666668,0,0,Swiggy Instamart,Fruits & Vegetables
CUST9692,9,588.7777777777778,2.888888888888889,28.444444444444443,0,1,JioMart,Grocery
CUST6408,9,736.5555555555555,3.111111111111111,28.333333333333332,0,1,Blinkit,Grocery
CUST9961,9,485.44444444444446,2.7777777777777777,27.444444444444443,0,1,Blinkit,Fruits & Vegetables
CUST5914,9,583.0,3.0,34.55555555555556,0,1,Blinkit,Grocery
CUST3580,9,380.0,2.2222222222222223,32.666666666666664,0,1,Blinkit,Dairy
CUST8176,9,534.1111111111111,3.7777777777777777,28.11111111111111,0,0,JioMart,Fruits & Vegetables
CUST8117,9,668.4444444444445,3.7777777777777777,23.11111111111111,0,0,JioMart,Beverages
CUST9726,9,727.6666666666666,2.0,30.333333333333332,0,1,Blinkit,Fruits & Vegetables
CUST9176,9,422.55555555555554,4.111111111111111,24.77777777777778,0,0,JioMart,Fruits & Vegetables
CUST9859,9,275.3333333333333,3.2222222222222223,32.0,0,0,Swiggy Instamart,Snacks
CUST7450,9,622.1111111111111,2.6666666666666665,28.666666666666668,0,1,Swiggy Instamart,Beverages
CUST3500,9,667.5555555555555,2.4444444444444446,33.333333333333336,0,1,Blinkit,Grocery
CUST8706,9,347.44444444444446,2.5555555555555554,30.88888888888889,0,1,JioMart,Snacks
CUST8868,9,934.4444444444445,4.0,32.55555555555556,0,0,Swiggy Instamart,Personal Care
CUST4540,9,477.3333333333333,2.7777777777777777,31.22222222222222,0,1,Blinkit,Dairy
CUST7152,9,516.7777777777778,2.5555555555555554,32.77777777777778,0,1,Swiggy Instamart,Grocery
CUST4313,9,717.6666666666666,3.4444444444444446,30.0,0,0,JioMart,Snacks
CUST8947,9,528.2222222222222,2.888888888888889,27.77777777777778,0,1,JioMart,Snacks
CUST4731,9,719.2222222222222,3.4444444444444446,28.77777777777778,0,0,Blinkit,Grocery
CUST8490,9,643.0,3.111111111111111,33.111111111111114,0,0,Swiggy Instamart,Fruits & Vegetables
CUST7096,9,506.55555555555554,2.888888888888889,23.0,0,1,Blinkit,Fruits & Vegetables
CUST6136,9,642.7777777777778,2.3333333333333335,26.666666666666668,0,1,JioMart,Beverages
CUST3741,9,581.0,4.111111111111111,35.111111111111114,0,0,JioMart,Beverages
CUST5663,9,789.7777777777778,2.5555555555555554,27.0,0,1,Blinkit,Beverages
CUST5111,9,780.2222222222222,2.4444444444444446,31.0,0,1,JioMart,Fruits & Vegetables
CUST6903,9,514.4444444444445,2.4444444444444446,29.555555555555557,0,1,Blinkit,Snacks
CUST1324,9,543.5555555555555,3.111111111111111,30.11111111111111,0,0,Blinkit,Fruits & Vegetables
CUST7340,9,501.55555555555554,3.2222222222222223,26.333333333333332,0,0,JioMart,Dairy
CUST8311,9,504.55555555555554,3.111111111111111,26.333333333333332,0,1,JioMart,Fruits & Vegetables
CUST3753,9,680.5555555555555,4.111111111111111,24.666666666666668,0,0,Blinkit,Beverages
CUST4320,9,586.7777777777778,3.5555555555555554,28.444444444444443,0,0,Swiggy Instamart,Fruits & Vegetables
CUST6312,9,657.5555555555555,3.111111111111111,24.555555555555557,0,1,Blinkit,Personal Care
CUST9943,9,564.0,3.0,24.555555555555557,0,1,Blinkit,Beverages
CUST6400,9,617.2222222222222,3.0,28.88888888888889,0,1,Swiggy Instamart,Grocery
CUST3002,9,419.77777777777777,3.6666666666666665,24.555555555555557,0,0,Blinkit,Fruits & Vegetables
CUST4485,9,617.1111111111111,2.111111111111111,33.44444444444444,0,1,Blinkit,Personal Care
CUST2773,9,446.1111111111111,2.888888888888889,31.22222222222222,0,1,Blinkit,Fruits & Vegetables
CUST9674,9,704.7777777777778,3.0,33.55555555555556,0,0,Swiggy Instamart,Beverages
CUST7012,9,636.8888888888889,3.6666666666666665,29.555555555555557,0,0,Blinkit,Personal Care
CUST7521,9,523.4444444444445,3.888888888888889,29.666666666666668,0,0,Blinkit,Fruits & Vegetables
CUST6150,9,579.6666666666666,3.7777777777777777,28.0,0,0,Blinkit,Dairy
CUST4931,9,654.7777777777778,1.6666666666666667,33.77777777777778,0,1,Blinkit,Beverages
CUST3836,9,823.2222222222222,4.111111111111111,22.0,0,0,JioMart,Fruits & Vegetables
CUST8376,9,591.6666666666666,3.111111111111111,31.22222222222222,0,0,Swiggy Instamart,Beverages
CUST5744,9,692.3333333333334,3.7777777777777777,33.22222222222222,0,0,JioMart,Snacks
CUST2808,9,573.8888888888889,2.888888888888889,27.0,0,1,JioMart,Beverages
CUST5463,9,381.0,2.6666666666666665,31.444444444444443,0,1,Swiggy Instamart,Fruits & Vegetables
CUST2467,9,334.77777777777777,4.333333333333333,29.88888888888889,0,0,Swiggy Instamart,Dairy
CUST6044,9,506.6666666666667,2.3333333333333335,35.666666666666664,0,1,Blinkit,Snacks
CUST3551,9,584.1111111111111,3.6666666666666665,34.44444444444444,0,0,JioMart,Beverages
CUST3405,9,689.5555555555555,3.2222222222222223,30.11111111111111,0,0,Swiggy Instamart,Dairy
CUST3495,9,480.6666666666667,3.2222222222222223,30.77777777777778,0,0,JioMart,Fruits & Vegetables
CUST9417,9,533.5555555555555,3.0,26.333333333333332,0,1,Blinkit,Grocery
CUST8630,9,566.1111111111111,3.5555555555555554,26.666666666666668,0,0,Blinkit,Beverages
CUST4907,9,563.2222222222222,2.4444444444444446,23.88888888888889,0,1,JioMart,Beverages
CUST6558,9,919.5555555555555,3.3333333333333335,27.333333333333332,0,0,Blinkit,Personal Care
CUST7881,9,762.7777777777778,3.2222222222222223,24.333333333333332,0,0,JioMart,Dairy
CUST2383,9,491.0,3.5555555555555554,34.333333333333336,0,0,Blinkit,Grocery
CUST8530,9,504.22222222222223,3.111111111111111,31.555555555555557,0,0,Blinkit,Grocery
CUST2114,9,428.44444444444446,2.7777777777777777,29.0,0,1,JioMart,Dairy
CUST8394,9,797.6666666666666,3.888888888888889,32.0,0,0,Swiggy Instamart,Grocery
CUST9483,9,906.5555555555555,3.888888888888889,31.0,0,0,Blinkit,Grocery
CUST1584,9,643.3333333333334,3.3333333333333335,30.444444444444443,0,0,Swiggy Instamart,Fruits & Vegetables
CUST1415,9,533.6666666666666,3.111111111111111,33.111111111111114,0,1,Blinkit,Beverages
CUST1014,9,518.6666666666666,3.5555555555555554,34.111111111111114,0,0,Blinkit,Fruits & Vegetables
CUST1619,9,720.6666666666666,3.5555555555555554,38.22222222222222,0,0,Blinkit,Grocery
CUST9770,9,490.3333333333333,2.3333333333333335,30.666666666666668,0,1,Blinkit,Beverages
CUST6450,9,742.5555555555555,3.0,28.11111111111111,0,1,Swiggy Instamart,Fruits & Vegetables
CUST9857,9,539.6666666666666,2.3333333333333335,31.11111111111111,0,1,Blinkit,Snacks
CUST7679,9,501.6666666666667,3.3333333333333335,30.77777777777778,0,0,Blinkit,Grocery
CUST9937,9,918.8888888888889,2.7777777777777777,23.88888888888889,0,1,JioMart,Personal Care
CUST4003,9,517.8888888888889,3.7777777777777777,36.44444444444444,0,0,JioMart,Personal Care
CUST8181,9,588.0,2.3333333333333335,29.666666666666668,0,1,Swiggy Instamart,Dairy
CUST6104,9,287.77777777777777,4.0,27.333333333333332,0,0,Blinkit,Snacks
CUST2289,9,508.77777777777777,3.7777777777777777,33.44444444444444,0,0,JioMart,Fruits & Vegetables
CUST1557,9,485.8888888888889,3.3333333333333335,29.333333333333332,0,0,Swiggy Instamart,Dairy
CUST7533,9,564.0,2.6666666666666665,32.666666666666664,0,1,JioMart,Beverages
CUST2553,9,760.2222222222222,2.2222222222222223,25.77777777777778,0,1,Blinkit,Beverages
CUST1234,9,539.8888888888889,3.7777777777777777,31.555555555555557,0,0,Swiggy Instamart,Dairy
CUST7787,9,517.7777777777778,3.5555555555555554,33.888888888888886,0,0,Blinkit,Personal Care
CUST1502,9,607.6666666666666,2.3333333333333335,31.22222222222222,0,1,Swiggy Instamart,Dairy
CUST1861,9,635.1111111111111,3.7777777777777777,31.88888888888889,0,0,Swiggy Instamart,Dairy
CUST8442,9,516.0,2.6666666666666665,25.333333333333332,0,1,JioMart,Fruits & Vegetables
CUST5404,9,694.8888888888889,2.3333333333333335,30.22222222222222,0,1,Blinkit,Fruits & Vegetables
CUST4080,9,662.6666666666666,3.0,27.0,0,1,Blinkit,Dairy
CUST8786,9,395.1111111111111,2.6666666666666665,29.88888888888889,0,1,Blinkit,Fruits & Vegetables
CUST5618,9,521.7777777777778,2.0,28.77777777777778,0,1,Swiggy Instamart,Fruits & Vegetables
CUST9371,9,677.3333333333334,3.6666666666666665,35.111111111111114,0,0,JioMart,Beverages
CUST1967,9,412.55555555555554,3.888888888888889,34.77777777777778,0,0,JioMart,Dairy
CUST5622,9,665.2222222222222,4.333333333333333,25.444444444444443,0,0,Blinkit,Personal Care
CUST1512,9,704.0,3.2222222222222223,30.333333333333332,0,0,Blinkit,Fruits & Vegetables
CUST1125,9,531.3333333333334,2.3333333333333335,26.555555555555557,0,1,Blinkit,Beverages
CUST3878,9,471.6666666666667,3.2222222222222223,26.88888888888889,0,1,Blinkit,Grocery
CUST8788,9,644.6666666666666,3.111111111111111,31.444444444444443,0,1,JioMart,Grocery
CUST7748,9,405.6666666666667,3.111111111111111,28.88888888888889,0,1,Swiggy Instamart,Dairy
CUST9640,9,561.5555555555555,3.7777777777777777,34.0,0,0,Blinkit,Grocery
CUST3744,9,755.8888888888889,3.5555555555555554,35.44444444444444,0,0,Swiggy Instamart,Beverages
CUST3770,9,556.2222222222222,3.6666666666666665,26.77777777777778,0,0,Swiggy Instamart,Snacks
CUST8942,9,482.22222222222223,2.4444444444444446,27.88888888888889,0,1,Blinkit,Dairy
CUST3991,9,629.7777777777778,3.5555555555555554,26.666666666666668,0,0,Blinkit,Grocery
CUST4634,9,577.8888888888889,2.888888888888889,28.11111111111111,0,1,Blinkit,Dairy
CUST5561,9,277.1111111111111,1.7777777777777777,24.77777777777778,0,1,JioMart,Dairy
CUST1804,9,537.7777777777778,3.4444444444444446,32.666666666666664,0,0,JioMart,Beverages
CUST6303,9,509.6666666666667,3.2222222222222223,31.77777777777778,0,0,Blinkit,Beverages
CUST7014,9,299.22222222222223,2.888888888888889,27.77777777777778,0,1,Blinkit,Beverages
CUST1306,9,851.5555555555555,2.6666666666666665,26.555555555555557,0,1,Blinkit,Grocery
CUST4117,9,416.44444444444446,3.5555555555555554,26.333333333333332,0,0,Blinkit,Beverages
CUST8608,9,565.8888888888889,3.5555555555555554,31.22222222222222,0,0,Blinkit,Beverages
CUST6438,9,505.8888888888889,2.5555555555555554,26.11111111111111,0,1,Blinkit,Dairy
CUST3039,9,524.2222222222222,3.0,28.77777777777778,0,0,Blinkit,Fruits & Vegetables
CUST3209,9,861.1111111111111,3.3333333333333335,30.88888888888889,0,0,Blinkit,Grocery
CUST8498,9,700.3333333333334,2.3333333333333335,25.333333333333332,0,1,Swiggy Instamart,Fruits & Vegetables
CUST6170,9,488.22222222222223,4.666666666666667,29.88888888888889,0,0,Blinkit,Snacks
CUST6724,9,646.8888888888889,3.0,24.77777777777778,0,0,JioMart,Beverages
CUST2887,9,582.8888888888889,3.3333333333333335,30.11111111111111,0,0,Swiggy Instamart,Dairy
CUST2443,9,401.44444444444446,3.0,26.555555555555557,0,0,Blinkit,Beverages
CUST8681,9,373.0,3.0,27.88888888888889,0,1,JioMart,Personal Care
CUST4854,9,441.55555555555554,3.4444444444444446,31.88888888888889,0,0,Swiggy Instamart,Beverages
CUST8073,9,479.22222222222223,2.4444444444444446,30.0,0,1,JioMart,Dairy
CUST3278,9,478.6666666666667,3.2222222222222223,31.22222222222222,0,0,JioMart,Beverages
CUST9867,9,465.8888888888889,3.5555555555555554,30.333333333333332,0,0,Blinkit,Snacks
CUST4612,9,844.2222222222222,3.0,30.555555555555557,0,1,Blinkit,Dairy
CUST5284,9,384.8888888888889,3.888888888888889,33.44444444444444,0,0,JioMart,Beverages
CUST2007,9,707.1111111111111,2.888888888888889,32.22222222222222,0,1,JioMart,Grocery
CUST4565,9,480.44444444444446,2.3333333333333335,32.77777777777778,0,1,JioMart,Snacks
CUST7773,9,638.3333333333334,3.2222222222222223,33.333333333333336,0,1,JioMart,Fruits & Vegetables
CUST2082,9,486.1111111111111,3.3333333333333335,32.55555555555556,0,1,JioMart,Beverages
CUST2873,9,582.0,3.6666666666666665,24.11111111111111,0,0,Blinkit,Fruits & Vegetables
CUST1395,9,730.4444444444445,2.111111111111111,23.555555555555557,0,1,JioMart,Personal Care
CUST8481,9,487.0,3.3333333333333335,28.11111111111111,0,0,Swiggy Instamart,Fruits & Vegetables
CUST3473,9,471.6666666666667,2.888888888888889,29.444444444444443,0,1,Swiggy Instamart,Fruits & Vegetables
CUST3754,9,693.1111111111111,2.7777777777777777,26.555555555555557,0,1,JioMart,Beverages
CUST4410,9,641.6666666666666,2.6666666666666665,26.555555555555557,0,1,JioMart,Fruits & Vegetables
CUST2859,9,618.2222222222222,3.2222222222222223,22.77777777777778,0,0,JioMart,Fruits & Vegetables
CUST9710,9,432.6666666666667,1.8888888888888888,25.88888888888889,0,1,Blinkit,Dairy
CUST2728,9,603.8888888888889,3.3333333333333335,32.888888888888886,0,0,Swiggy Instamart,Snacks
CUST7579,9,472.0,3.888888888888889,33.44444444444444,0,0,Swiggy Instamart,Fruits & Vegetables
CUST7002,9,611.3333333333334,3.2222222222222223,28.333333333333332,0,0,Blinkit,Fruits & Vegetables
CUST1955,9,672.0,3.111111111111111,28.77777777777778,0,0,Swiggy Instamart,Personal Care
CUST5772,9,668.6666666666666,2.5555555555555554,28.555555555555557,0,1,Blinkit,Personal Care
CUST9576,9,429.6666666666667,3.888888888888889,23.333333333333332,0,0,JioMart,Snacks
CUST1932,9,413.77777777777777,2.2222222222222223,31.88888888888889,0,1,Blinkit,Snacks
CUST8637,9,766.4444444444445,3.3333333333333335,20.77777777777778,0,0,Swiggy Instamart,Beverages
CUST6264,9,610.2222222222222,3.2222222222222223,23.88888888888889,0,1,Blinkit,Snacks
CUST3816,9,767.0,2.6666666666666665,28.555555555555557,0,1,Blinkit,Personal Care
CUST5297,9,701.2222222222222,3.7777777777777777,28.333333333333332,0,0,JioMart,Beverages
CUST8818,9,778.0,2.888888888888889,28.555555555555557,0,1,Blinkit,Personal Care
CUST8629,9,609.4444444444445,4.555555555555555,36.0,0,0,JioMart,Beverages
CUST3354,9,584.1111111111111,3.0,27.77777777777778,0,1,JioMart,Fruits & Vegetables
CUST7423,9,716.4444444444445,3.3333333333333335,22.22222222222222,0,0,JioMart,Dairy
CUST6758,9,757.5555555555555,3.0,29.666666666666668,0,1,JioMart,Personal Care
CUST6826,9,404.44444444444446,3.111111111111111,26.88888888888889,0,0,JioMart,Fruits & Vegetables
CUST9729,9,680.0,2.4444444444444446,29.22222222222222,0,1,Blinkit,Beverages
CUST5815,9,361.8888888888889,3.3333333333333335,34.55555555555556,0,0,JioMart,Snacks
CUST6972,9,508.77777777777777,3.0,32.111111111111114,0,1,JioMart,Fruits & Vegetables
CUST7350,9,691.7777777777778,3.0,26.0,0,0,Blinkit,Dairy
CUST5532,9,335.44444444444446,3.3333333333333335,30.555555555555557,0,0,Swiggy Instamart,Dairy
CUST8623,9,503.0,3.2222222222222223,29.88888888888889,0,0,Blinkit,Dairy
CUST6076,9,727.7777777777778,2.6666666666666665,25.333333333333332,0,1,Blinkit,Personal Care
CUST1867,9,623.6666666666666,3.0,25.88888888888889,0,1,Blinkit,Beverages
CUST9603,9,604.5555555555555,3.2222222222222223,28.77777777777778,0,1,Blinkit,Beverages
CUST2517,9,448.8888888888889,3.4444444444444446,33.55555555555556,0,0,Blinkit,Personal Care
CUST5293,9,539.4444444444445,3.4444444444444446,29.22222222222222,0,0,JioMart,Beverages
CUST9703,9,596.3333333333334,3.3333333333333335,29.444444444444443,0,1,Swiggy Instamart,Dairy
CUST2821,9,782.8888888888889,2.4444444444444446,28.555555555555557,0,1,Swiggy Instamart,Personal Care
CUST4906,9,491.1111111111111,3.6666666666666665,25.0,0,0,JioMart,Snacks
CUST7712,9,564.3333333333334,3.4444444444444446,25.333333333333332,0,0,Blinkit,Fruits & Vegetables
CUST4635,9,219.77777777777777,4.111111111111111,29.11111111111111,0,0,Blinkit,Dairy
CUST2623,9,615.3333333333334,2.7777777777777777,28.333333333333332,0,1,JioMart,Personal Care
CUST1086,9,692.1111111111111,3.2222222222222223,25.0,0,0,Blinkit,Beverages
CUST4533,9,534.8888888888889,2.2222222222222223,30.666666666666668,0,1,Swiggy Instamart,Fruits & Vegetables
CUST9685,9,554.1111111111111,3.3333333333333335,21.333333333333332,0,0,Blinkit,Grocery
CUST3533,9,589.1111111111111,2.7777777777777777,31.333333333333332,0,1,JioMart,Dairy
CUST9995,9,683.1111111111111,3.0,27.88888888888889,0,1,Blinkit,Personal Care
CUST4494,9,546.7777777777778,3.0,32.0,0,0,JioMart,Beverages
CUST9410,9,581.5555555555555,3.2222222222222223,36.77777777777778,0,0,Swiggy Instamart,Grocery
CUST8076,9,619.4444444444445,3.2222222222222223,30.0,0,0,Blinkit,Beverages
CUST3112,9,751.0,3.888888888888889,33.0,0,0,Swiggy Instamart,Beverages
CUST6381,9,653.3333333333334,2.888888888888889,27.333333333333332,0,1,Swiggy Instamart,Dairy
CUST3524,9,586.7777777777778,3.0,30.11111111111111,0,1,Blinkit,Grocery
CUST2540,9,443.22222222222223,2.888888888888889,29.444444444444443,0,1,JioMart,Fruits & Vegetables
CUST3760,9,629.3333333333334,2.888888888888889,29.22222222222222,0,1,Blinkit,Fruits & Vegetables
CUST1392,9,410.6666666666667,2.4444444444444446,26.333333333333332,0,1,Blinkit,Beverages
CUST6844,9,601.0,2.5555555555555554,29.0,0,1,Blinkit,Dairy
CUST8783,9,503.8888888888889,3.111111111111111,26.0,0,0,JioMart,Fruits & Vegetables
CUST1712,9,565.1111111111111,3.5555555555555554,24.444444444444443,0,0,JioMart,Fruits & Vegetables
CUST6298,9,538.7777777777778,2.7777777777777777,28.11111111111111,0,1,Blinkit,Beverages
CUST5994,9,545.5555555555555,2.4444444444444446,23.22222222222222,0,1,Swiggy Instamart,Beverages
CUST8535,9,605.0,3.111111111111111,27.88888888888889,0,0,JioMart,Grocery
CUST4128,9,381.3333333333333,3.0,25.666666666666668,0,1,Swiggy Instamart,Beverages
CUST4240,9,612.1111111111111,4.333333333333333,32.111111111111114,0,0,Swiggy Instamart,Dairy
CUST3874,9,578.0,4.222222222222222,28.0,0,0,JioMart,Personal Care
CUST8098,9,567.7777777777778,2.2222222222222223,34.111111111111114,0,1,JioMart,Fruits & Vegetables
CUST3055,9,508.77777777777777,3.0,21.444444444444443,0,1,Swiggy Instamart,Dairy
CUST8774,9,750.7777777777778,4.0,28.555555555555557,0,0,JioMart,Snacks
CUST9639,9,840.2222222222222,2.888888888888889,27.11111111111111,0,0,Blinkit,Personal Care
CUST5629,9,584.5555555555555,3.0,33.0,0,1,JioMart,Dairy
CUST9626,9,412.1111111111111,3.5555555555555554,30.555555555555557,0,0,Swiggy Instamart,Snacks
CUST3158,9,387.0,3.111111111111111,26.333333333333332,0,1,Swiggy Instamart,Beverages
CUST6765,9,659.4444444444445,4.111111111111111,32.44444444444444,0,0,Blinkit,Dairy
CUST3790,9,896.5555555555555,3.4444444444444446,31.11111111111111,0,0,Swiggy Instamart,Personal Care
CUST2091,9,601.0,3.111111111111111,26.666666666666668,0,0,JioMart,Beverages
CUST1312,9,633.7777777777778,3.7777777777777777,34.44444444444444,0,0,Swiggy Instamart,Beverages
CUST9709,9,524.3333333333334,3.6666666666666665,33.44444444444444,0,0,JioMart,Dairy
CUST5912,9,437.3333333333333,2.3333333333333335,30.333333333333332,0,1,Swiggy Instamart,Grocery
CUST5713,9,543.7777777777778,3.4444444444444446,33.22222222222222,0,0,JioMart,Personal Care
CUST9641,9,434.6666666666667,4.0,30.333333333333332,0,0,JioMart,Fruits & Vegetables
CUST1386,9,622.5555555555555,3.888888888888889,28.666666666666668,0,0,Blinkit,Dairy
CUST8400,9,542.0,2.7777777777777777,30.666666666666668,0,1,Blinkit,Fruits & Vegetables
CUST2397,9,396.6666666666667,2.6666666666666665,24.77777777777778,0,1,Swiggy Instamart,Dairy
CUST9784,9,479.6666666666667,4.0,33.77777777777778,0,0,Swiggy Instamart,Grocery
CUST1643,9,588.3333333333334,3.2222222222222223,30.77777777777778,0,1,Blinkit,Fruits & Vegetables
CUST1167,9,291.3333333333333,3.4444444444444446,26.444444444444443,0,0,JioMart,Snacks
CUST5152,9,357.55555555555554,3.4444444444444446,24.0,0,0,Blinkit,Beverages
CUST8358,9,668.3333333333334,3.5555555555555554,31.77777777777778,0,0,Blinkit,Personal Care
CUST3712,9,893.8888888888889,4.777777777777778,22.666666666666668,0,0,Swiggy Instamart,Dairy
CUST8277,9,544.7777777777778,4.333333333333333,26.77777777777778,0,0,JioMart,Beverages
CUST3889,9,651.8888888888889,3.7777777777777777,30.444444444444443,0,0,Blinkit,Beverages
CUST7741,9,603.2222222222222,2.6666666666666665,26.666666666666668,0,1,Swiggy Instamart,Grocery
CUST6975,9,612.8888888888889,3.4444444444444446,32.666666666666664,0,0,Blinkit,Grocery
CUST3515,9,883.3333333333334,2.7777777777777777,28.555555555555557,0,1,JioMart,Grocery
CUST5943,9,428.8888888888889,2.5555555555555554,26.666666666666668,0,1,Swiggy Instamart,Snacks
CUST1816,9,411.1111111111111,3.3333333333333335,28.333333333333332,0,0,JioMart,Personal Care
CUST1245,9,409.3333333333333,2.6666666666666665,27.666666666666668,0,1,Blinkit,Snacks
CUST4351,9,537.5555555555555,2.6666666666666665,31.555555555555557,0,1,Blinkit,Beverages
CUST2939,9,519.6666666666666,3.2222222222222223,27.666666666666668,0,0,JioMart,Fruits & Vegetables
CUST3155,9,817.7777777777778,4.111111111111111,29.22222222222222,0,0,JioMart,Personal Care
CUST4184,9,713.1111111111111,3.3333333333333335,32.666666666666664,0,0,JioMart,Personal Care
CUST7262,9,419.8888888888889,3.5555555555555554,26.11111111111111,0,0,Blinkit,Dairy
CUST5196,9,426.6666666666667,3.3333333333333335,30.88888888888889,0,0,Blinkit,Snacks
CUST2871,9,407.44444444444446,3.3333333333333335,27.555555555555557,0,0,Blinkit,Dairy
CUST5818,9,520.7777777777778,3.0,29.555555555555557,0,1,JioMart,Dairy
CUST6620,9,519.8888888888889,3.3333333333333335,31.11111111111111,0,0,JioMart,Beverages
CUST6225,9,602.8888888888889,3.6666666666666665,33.22222222222222,0,0,Swiggy Instamart,Snacks
CUST3692,9,519.1111111111111,4.333333333333333,35.0,0,0,Swiggy Instamart,Beverages
CUST7871,9,496.0,2.2222222222222223,26.555555555555557,0,1,JioMart,Snacks
CUST1711,9,468.44444444444446,3.0,32.666666666666664,0,1,Blinkit,Snacks
CUST2139,9,603.0,2.5555555555555554,32.22222222222222,0,1,Blinkit,Grocery
CUST3737,9,470.77777777777777,2.7777777777777777,28.77777777777778,0,1,Swiggy Instamart,Dairy
CUST5679,9,650.7777777777778,3.3333333333333335,33.44444444444444,0,0,Blinkit,Personal Care
CUST7134,9,684.2222222222222,3.4444444444444446,33.111111111111114,0,0,JioMart,Grocery
CUST2754,9,585.1111111111111,2.7777777777777777,37.22222222222222,0,1,Blinkit,Beverages
CUST2205,9,773.8888888888889,3.6666666666666665,33.333333333333336,0,0,Swiggy Instamart,Grocery
CUST5384,9,801.0,2.888888888888889,29.0,0,1,JioMart,Fruits & Vegetables
CUST1426,9,714.8888888888889,2.7777777777777777,27.666666666666668,0,1,JioMart,Fruits & Vegetables
CUST6708,9,520.5555555555555,3.111111111111111,27.77777777777778,0,1,Blinkit,Dairy
CUST9003,8,595.75,3.25,28.875,0,0,Swiggy Instamart,Beverages
CUST3038,8,687.875,3.875,28.125,0,0,JioMart,Beverages
CUST9924,8,775.25,2.875,30.5,0,0,JioMart,Grocery
CUST1758,8,858.125,2.625,34.125,0,1,Swiggy Instamart,Beverages
CUST2632,8,581.75,3.25,25.875,0,0,JioMart,Beverages
CUST6541,8,812.375,2.875,25.5,0,1,Blinkit,Fruits & Vegetables
CUST9663,8,743.875,4.125,30.75,0,0,JioMart,Beverages
CUST8275,8,451.75,3.5,30.0,0,0,Swiggy Instamart,Fruits & Vegetables
CUST9454,8,665.625,3.375,33.125,0,0,Blinkit,Fruits & Vegetables
CUST2885,8,565.25,3.875,29.625,0,0,JioMart,Dairy
CUST5822,8,479.25,3.25,22.375,0,0,JioMart,Snacks
CUST2084,8,626.25,2.5,31.5,0,1,Swiggy Instamart,Beverages
CUST1552,8,643.125,3.5,28.25,0,0,Swiggy Instamart,Grocery
CUST8963,8,669.125,2.875,28.875,0,1,Swiggy Instamart,Personal Care
CUST3398,8,482.5,2.875,25.5,0,0,Swiggy Instamart,Dairy
CUST8573,8,505.75,3.25,28.625,0,0,Blinkit,Fruits & Vegetables
CUST4752,8,525.875,3.25,26.625,0,0,JioMart,Beverages
CUST3031,8,854.0,2.75,30.375,0,1,JioMart,Fruits & Vegetables
CUST7794,8,730.5,3.625,26.5,0,0,Blinkit,Fruits & Vegetables
CUST6154,8,728.875,3.625,28.125,0,0,Swiggy Instamart,Grocery
CUST9811,8,699.625,3.375,26.875,0,0,Swiggy Instamart,Grocery
CUST9898,8,370.5,2.5,28.0,0,1,JioMart,Personal Care
CUST5877,8,778.5,3.5,28.75,0,0,Blinkit,Beverages
CUST3280,8,363.25,3.625,30.625,0,0,Swiggy Instamart,Snacks
CUST2984,8,483.25,3.375,30.625,0,0,Swiggy Instamart,Snacks
CUST4670,8,509.625,3.625,29.75,0,0,Swiggy Instamart,Snacks
CUST7837,8,602.75,3.625,28.5,0,0,Blinkit,Beverages
CUST9862,8,585.0,3.125,28.5,0,0,Swiggy Instamart,Fruits & Vegetables
CUST4711,8,636.625,3.375,38.125,0,0,Swiggy Instamart,Fruits & Vegetables
CUST2657,8,544.0,3.75,29.625,0,0,Swiggy Instamart,Snacks
CUST3204,8,425.75,3.25,33.75,0,0,JioMart,Fruits & Vegetables
CUST4553,8,401.0,3.25,37.875,0,0,JioMart,Beverages
CUST1801,8,768.75,3.375,32.0,0,0,JioMart,Beverages
CUST3429,8,695.5,3.5,30.0,0,0,JioMart,Dairy
CUST1390,8,451.125,3.5,31.25,0,0,JioMart,Grocery
CUST9843,8,668.5,2.875,28.875,0,0,JioMart,Dairy
CUST1482,8,488.875,2.625,26.125,0,1,Blinkit,Snacks
CUST7332,8,485.5,2.875,25.625,0,1,JioMart,Snacks
CUST8441,8,427.625,4.125,31.375,0,0,JioMart,Beverages
CUST3856,8,884.0,3.375,32.0,0,0,JioMart,Dairy
CUST7142,8,543.125,3.125,29.875,0,0,JioMart,Dairy
CUST7256,8,716.5,4.375,30.25,0,0,Swiggy Instamart,Personal Care
CUST6401,8,545.375,3.5,33.25,0,0,Blinkit,Fruits & Vegetables
CUST5655,8,437.875,3.5,29.25,0,0,Swiggy Instamart,Dairy
CUST6831,8,782.5,2.875,28.625,0,0,Blinkit,Beverages
CUST7632,8,491.375,3.25,30.375,0,0,Blinkit,Fruits & Vegetables
CUST3006,8,660.875,3.0,34.375,0,0,JioMart,Beverages
CUST1598,8,604.0,2.625,29.375,0,1,Blinkit,Dairy
CUST1518,8,1011.875,4.25,25.375,0,0,JioMart,Grocery
CUST1497,8,875.625,4.0,26.75,0,0,Swiggy Instamart,Beverages
CUST2932,8,548.375,2.75,22.0,0,1,Blinkit,Snacks
CUST6547,8,492.375,3.25,33.375,0,0,JioMart,Dairy
CUST2823,8,425.625,3.0,29.125,0,0,Blinkit,Beverages
CUST9952,8,341.75,2.625,35.625,0,1,Swiggy Instamart,Beverages
CUST4718,8,736.5,4.375,29.25,0,0,Swiggy Instamart,Grocery
CUST4498,8,661.75,3.125,30.75,0,0,Blinkit,Grocery
CUST6532,8,623.125,2.375,27.125,0,1,Blinkit,Beverages
CUST3823,8,486.625,4.25,30.875,0,0,Blinkit,Fruits & Vegetables
CUST3673,8,662.625,3.5,32.875,0,0,JioMart,Beverages
CUST9236,8,532.0,2.75,30.125,0,1,Blinkit,Beverages
CUST7090,8,624.875,4.0,31.875,0,0,JioMart,Beverages
CUST1267,8,395.25,3.125,30.25,0,0,JioMart,Fruits & Vegetables
CUST9480,8,855.5,2.5,25.75,0,1,JioMart,Dairy
CUST6159,8,606.0,3.125,26.5,0,0,Swiggy Instamart,Beverages
CUST3769,8,273.375,4.625,28.25,0,0,Blinkit,Snacks
CUST9526,8,626.625,2.0,31.875,0,1,Swiggy Instamart,Beverages
CUST7009,8,672.25,3.75,29.375,0,0,JioMart,Beverages
CUST2029,8,604.0,2.25,32.0,0,1,Swiggy Instamart,Beverages
CUST1921,8,428.125,3.625,31.5,0,0,Swiggy Instamart,Dairy
CUST2502,8,351.875,2.5,28.75,0,1,Blinkit,Dairy
CUST6354,8,475.875,4.375,26.375,0,0,Swiggy Instamart,Snacks
CUST5747,8,688.25,3.625,31.0,0,0,Swiggy Instamart,Beverages
CUST8879,8,642.625,3.0,35.125,0,0,JioMart,Grocery
CUST6060,8,469.125,2.375,32.875,0,1,Blinkit,Dairy
CUST6648,8,564.125,3.0,26.125,0,0,JioMart,Grocery
CUST6908,8,497.875,2.625,29.25,0,1,JioMart,Fruits & Vegetables
CUST2147,8,412.75,3.75,30.75,0,0,Blinkit,Beverages
CUST5703,8,700.125,3.125,28.5,0,0,Blinkit,Personal Care
CUST9214,8,350.625,3.125,21.875,0,1,Blinkit,Dairy
CUST7629,8,831.5,3.75,29.875,0,0,Swiggy Instamart,Snacks
CUST4478,8,490.625,2.625,29.0,0,1,Blinkit,Beverages
CUST1755,8,413.5,3.5,33.0,0,0,JioMart,Snacks
CUST5483,8,672.5,3.0,27.75,0,0,JioMart,Fruits & Vegetables
CUST1249,8,540.25,2.75,26.75,0,1,JioMart,Beverages
CUST9679,8,628.625,2.875,37.75,0,1,JioMart,Dairy
CUST2542,8,454.75,3.25,29.625,0,0,Blinkit,Personal Care
CUST8312,8,523.5,3.625,30.375,0,0,JioMart,Snacks
CUST8199,8,531.0,3.125,29.375,0,0,Blinkit,Snacks
CUST6748,8,364.125,1.875,25.625,0,1,Blinkit,Fruits & Vegetables
CUST5236,8,542.875,3.375,27.75,0,0,Blinkit,Beverages
CUST5857,8,689.625,4.25,28.5,0,0,JioMart,Grocery
CUST7959,8,649.5,3.25,33.25,0,0,Blinkit,Personal Care
CUST7459,8,495.375,4.0,32.625,0,0,Swiggy Instamart,Grocery
CUST8667,8,390.625,2.625,26.625,0,1,Blinkit,Snacks
CUST7229,8,721.5,3.875,23.125,0,0,JioMart,Personal Care
CUST6802,8,814.75,3.375,32.25,0,0,Blinkit,Dairy
CUST2451,8,548.875,3.375,33.25,0,0,Swiggy Instamart,Dairy
CUST8294,8,629.375,4.125,28.375,0,0,Blinkit,Beverages
CUST4369,8,521.625,4.5,28.5,0,0,JioMart,Beverages
CUST2618,8,788.5,3.625,26.75,0,0,JioMart,Grocery
CUST7752,8,648.125,4.125,32.5,0,0,Swiggy Instamart,Beverages
CUST8766,8,468.25,3.125,35.0,0,1,Swiggy Instamart,Snacks
CUST1337,8,540.75,3.25,29.75,0,0,Blinkit,Beverages
CUST5779,8,625.75,2.5,29.625,0,1,Swiggy Instamart,Grocery
CUST1551,8,822.625,3.5,29.0,0,0,Blinkit,Grocery
CUST1666,8,633.75,4.5,33.625,0,0,Blinkit,Beverages
CUST4415,8,942.875,3.75,31.875,0,0,Blinkit,Personal Care
CUST8746,8,504.5,4.0,26.5,0,0,Blinkit,Dairy
CUST1691,8,339.75,2.75,26.375,0,1,Blinkit,Fruits & Vegetables
CUST8128,8,570.75,3.125,28.125,0,0,Blinkit,Beverages
CUST7832,8,734.0,3.75,30.625,0,0,JioMart,Personal Care
CUST5200,8,622.375,3.125,28.125,0,0,Swiggy Instamart,Personal Care
CUST3771,8,780.625,2.5,31.125,0,1,Blinkit,Beverages
CUST1242,8,628.875,3.75,27.875,0,0,JioMart,Grocery
CUST5603,8,568.625,3.125,34.25,0,0,JioMart,Dairy
CUST2579,8,435.625,4.125,30.625,0,0,Swiggy Instamart,Beverages
CUST5510,8,544.875,3.625,31.125,0,0,Swiggy Instamart,Dairy
CUST9873,8,493.375,3.625,29.625,0,0,Swiggy Instamart,Fruits & Vegetables
CUST3061,8,527.0,2.25,30.0,0,1,JioMart,Personal Care
CUST7426,8,576.625,2.75,30.0,0,1,JioMart,Beverages
CUST2794,8,565.25,3.625,37.75,0,0,Swiggy Instamart,Beverages
CUST7560,8,548.5,2.625,26.75,0,1,JioMart,Fruits & Vegetables
CUST1134,8,478.0,3.0,24.0,0,1,Blinkit,Dairy
CUST6601,8,757.75,3.375,28.0,0,0,JioMart,Grocery
CUST7885,8,469.25,3.375,33.0,0,0,Swiggy Instamart,Snacks
CUST8597,8,791.25,3.125,30.125,0,0,JioMart,Grocery
CUST3393,8,773.625,3.5,28.75,0,0,JioMart,Fruits & Vegetables
CUST4193,8,897.5,2.75,27.5,0,0,Blinkit,Grocery
CUST9429,8,493.625,3.25,35.875,0,0,Blinkit,Beverages
CUST6525,8,461.75,2.25,31.625,0,1,JioMart,Fruits & Vegetables
CUST8984,8,457.0,3.375,24.75,0,0,Blinkit,Fruits & Vegetables
CUST3873,8,915.25,3.375,29.625,0,0,Blinkit,Grocery
CUST8957,8,507.375,3.5,32.0,0,0,Blinkit,Snacks
CUST6053,8,537.25,3.625,29.375,0,0,Swiggy Instamart,Dairy
CUST1815,8,570.625,3.625,27.75,0,0,Blinkit,Dairy
CUST5972,8,581.0,2.75,29.875,0,1,Swiggy Instamart,Personal Care
CUST1246,8,763.375,3.0,24.125,0,0,JioMart,Grocery
CUST2539,8,649.0,4.0,29.5,0,0,JioMart,Grocery
CUST6062,8,458.375,2.75,29.125,0,0,JioMart,Fruits & Vegetables
CUST6571,8,584.0,3.75,33.0,0,0,Blinkit,Fruits & Vegetables
CUST5750,8,355.375,3.375,28.875,0,0,JioMart,Snacks
CUST9686,8,822.75,3.375,23.0,0,0,Blinkit,Beverages
CUST7687,8,711.375,3.25,29.875,0,0,JioMart,Grocery
CUST3528,8,397.875,2.75,27.875,0,1,Blinkit,Snacks
CUST3438,8,619.375,2.875,35.375,0,0,JioMart,Grocery
CUST7617,8,517.375,4.125,25.875,0,0,JioMart,Dairy
CUST2240,8,550.25,3.125,28.25,0,0,Swiggy Instamart,Fruits & Vegetables
CUST1560,8,673.625,4.0,27.125,0,0,Blinkit,Grocery
CUST1468,8,644.875,2.5,29.375,0,1,JioMart,Beverages
CUST7507,8,734.75,3.25,37.5,0,0,JioMart,Beverages
CUST6021,8,345.5,3.0,28.375,0,0,Blinkit,Snacks
CUST7981,8,496.5,4.125,25.375,0,0,Blinkit,Dairy
CUST1675,8,685.25,3.25,30.75,0,0,Blinkit,Dairy
CUST4131,8,604.875,3.25,28.0,0,0,Blinkit,Personal Care
CUST5071,8,800.0,3.0,25.375,0,0,Blinkit,Personal Care
CUST2757,8,692.875,3.0,31.25,0,0,Swiggy Instamart,Beverages
CUST5424,8,487.875,3.25,31.625,0,0,JioMart,Dairy
CUST4409,8,438.375,3.125,32.5,0,1,Blinkit,Fruits & Vegetables
CUST4433,8,701.125,3.125,30.625,0,0,Blinkit,Dairy
CUST7162,8,471.125,3.5,28.375,0,0,Swiggy Instamart,Beverages
CUST9657,8,375.25,3.5,27.5,0,0,Blinkit,Beverages
CUST6358,8,683.0,4.375,27.75,0,0,Swiggy Instamart,Fruits & Vegetables
CUST7532,8,633.75,3.375,34.625,0,0,Blinkit,Fruits & Vegetables
CUST2557,8,458.5,3.75,34.625,0,0,Blinkit,Dairy
CUST6120,8,351.125,3.375,25.125,0,0,Blinkit,Dairy
CUST9406,8,517.5,3.875,29.125,0,0,Blinkit,Snacks
CUST6933,8,565.125,2.25,32.625,0,1,JioMart,Snacks
CUST5652,8,624.875,2.75,32.0,0,1,Blinkit,Beverages
CUST4528,8,801.5,2.375,37.375,0,1,Swiggy Instamart,Grocery
CUST4705,8,721.625,3.25,32.125,0,0,Blinkit,Dairy
CUST8537,8,804.875,3.875,35.25,0,0,Blinkit,Dairy
CUST9987,8,610.375,3.875,26.125,0,0,JioMart,Snacks
CUST4885,8,762.125,4.5,29.125,0,0,JioMart,Beverages
CUST9066,8,552.125,3.125,28.875,0,0,Blinkit,Beverages
CUST5591,8,567.875,3.5,18.625,0,0,JioMart,Personal Care
CUST7105,8,719.125,3.25,30.75,0,0,Blinkit,Fruits & Vegetables
CUST7907,8,580.75,3.375,31.0,0,0,JioMart,Grocery
CUST4276,8,612.0,2.75,31.75,0,1,Swiggy Instamart,Fruits & Vegetables
CUST3917,8,397.375,2.5,28.875,0,1,Blinkit,Beverages
CUST2820,8,652.125,3.625,28.125,0,0,JioMart,Grocery
CUST4256,8,781.875,4.0,26.375,0,0,JioMart,Dairy
CUST7759,8,536.25,3.5,26.75,0,0,Swiggy Instamart,Beverages
CUST5829,8,718.25,3.25,39.0,0,0,Blinkit,Grocery
CUST5791,8,492.875,3.125,31.75,0,0,Swiggy Instamart,Beverages
CUST9985,8,513.125,3.625,28.875,0,0,JioMart,Snacks
CUST8384,8,568.75,3.5,26.625,0,0,JioMart,Dairy
CUST8254,8,583.875,4.125,35.5,0,0,JioMart,Dairy
CUST9512,8,428.625,2.5,36.25,0,1,JioMart,Snacks
CUST9489,8,588.5,3.0,29.25,0,0,JioMart,Grocery
CUST3053,8,700.25,3.125,31.875,0,0,Blinkit,Dairy
CUST8452,8,476.625,3.0,26.625,0,0,Swiggy Instamart,Dairy
CUST8627,8,695.125,3.625,31.25,0,0,Blinkit,Grocery
CUST8757,8,466.875,2.875,39.75,1,1,Swiggy Instamart,Fruits & Vegetables
CUST1656,8,647.25,3.5,27.75,0,0,JioMart,Beverages
CUST6335,8,664.125,2.75,29.125,0,1,Blinkit,Dairy
CUST3067,8,615.75,3.25,36.375,0,0,Swiggy Instamart,Dairy
CUST9282,8,716.625,3.125,27.0,0,0,Blinkit,Dairy
CUST8048,8,833.125,4.25,29.0,0,0,JioMart,Beverages
CUST4743,8,556.0,2.875,32.5,0,1,Blinkit,Beverages
CUST8632,8,565.125,2.125,34.625,0,1,Blinkit,Fruits & Vegetables
CUST4439,8,784.875,2.625,30.625,0,1,Blinkit,Grocery
CUST7710,8,557.375,3.625,23.75,0,0,Blinkit,Beverages
CUST4960,8,495.875,4.0,30.25,0,0,Swiggy Instamart,Beverages
CUST8642,8,553.375,3.75,26.25,0,0,Blinkit,Grocery
CUST4904,8,832.75,3.0,28.375,0,0,Swiggy Instamart,Grocery
CUST2711,8,331.25,3.25,35.75,0,0,Blinkit,Snacks
CUST1836,8,603.875,2.25,30.375,0,1,Swiggy Instamart,Dairy
CUST3892,8,503.5,2.75,29.875,0,1,Blinkit,Fruits & Vegetables
CUST6872,8,599.5,3.125,27.625,0,0,Swiggy Instamart,Grocery
CUST2486,8,352.125,3.375,31.125,0,0,JioMart,Snacks
CUST6277,8,622.875,3.0,29.625,0,0,Blinkit,Beverages
CUST3034,8,678.5,2.875,30.5,0,0,Swiggy Instamart,Fruits & Vegetables
CUST6839,8,485.75,3.625,26.5,0,0,JioMart,Grocery
CUST2208,8,424.75,3.75,27.875,0,0,Swiggy Instamart,Fruits & Vegetables
CUST3555,8,293.875,3.5,31.0,0,0,Blinkit,Beverages
CUST8923,8,499.375,2.25,32.125,0,1,JioMart,Dairy
CUST6703,8,480.25,2.5,34.5,0,1,Blinkit,Beverages
CUST5222,8,744.625,3.0,27.625,0,1,Swiggy Instamart,Beverages
CUST8243,8,599.375,2.875,31.625,0,1,JioMart,Snacks
CUST7109,8,461.125,3.125,24.75,0,0,Swiggy Instamart,Personal Care
CUST3530,8,635.0,4.0,32.5,0,0,JioMart,Beverages
CUST8450,8,298.625,3.25,27.75,0,0,Blinkit,Dairy
CUST3076,8,478.375,2.75,26.375,0,0,JioMart,Fruits & Vegetables
CUST9619,8,518.5,3.25,31.25,0,0,JioMart,Beverages
CUST4898,8,468.5,3.75,35.875,0,0,Swiggy Instamart,Dairy
CUST2652,8,791.25,4.125,30.25,0,0,Blinkit,Beverages
CUST1892,8,388.5,2.25,34.125,0,1,Blinkit,Beverages
CUST6609,8,719.75,2.25,29.375,0,1,Blinkit,Personal Care
CUST9696,8,571.125,2.875,25.875,0,1,JioMart,Beverages
CUST7562,8,520.5,3.875,30.5,0,0,JioMart,Beverages
CUST7075,8,493.125,3.375,28.125,0,0,Swiggy Instamart,Dairy
CUST1633,8,417.0,2.75,25.375,0,1,Swiggy Instamart,Fruits & Vegetables
CUST3849,8,699.5,3.375,26.875,0,0,JioMart,Fruits & Vegetables
CUST5080,8,450.375,4.375,30.25,0,0,JioMart,Beverages
CUST1410,8,575.5,2.0,33.625,0,1,Blinkit,Grocery
CUST5932,8,499.375,3.75,26.25,0,0,Swiggy Instamart,Dairy
CUST1211,8,984.75,2.875,35.75,0,1,Blinkit,Dairy
CUST4622,8,648.125,2.75,30.125,0,0,Swiggy Instamart,Grocery
CUST5541,8,661.125,3.25,28.0,0,0,JioMart,Grocery
CUST3394,8,574.75,3.5,34.0,0,0,Blinkit,Personal Care
CUST7254,8,604.75,3.125,32.75,0,0,Blinkit,Dairy
CUST5986,8,403.625,3.625,27.25,0,0,Blinkit,Dairy
CUST4809,8,660.0,3.5,37.0,0,0,JioMart,Grocery
CUST8901,8,408.875,2.75,29.875,0,1,Blinkit,Fruits & Vegetables
CUST8044,8,652.5,3.25,33.5,0,0,JioMart,Dairy
CUST4508,8,643.25,3.125,28.125,0,0,JioMart,Dairy
CUST7239,8,577.125,3.25,27.75,0,0,Blinkit,Fruits & Vegetables
CUST9744,8,481.875,2.75,23.875,0,1,JioMart,Grocery
CUST4226,8,584.0,3.25,30.875,0,0,Blinkit,Fruits & Vegetables
CUST2990,8,516.625,4.0,32.75,0,0,Blinkit,Dairy
CUST6309,8,591.875,3.75,29.5,0,0,JioMart,Dairy
CUST1537,8,469.5,2.875,29.0,0,1,Blinkit,Dairy
CUST2487,8,474.375,3.25,32.75,0,0,Blinkit,Dairy
CUST4712,8,553.75,3.375,36.375,0,0,Blinkit,Beverages
CUST2830,8,522.875,4.125,33.75,0,0,Blinkit,Dairy
CUST2273,8,647.875,3.625,31.875,0,0,Blinkit,Fruits & Vegetables
CUST6166,8,466.75,3.875,28.5,0,0,Swiggy Instamart,Dairy
CUST4576,8,1087.75,3.625,40.125,0,0,Swiggy Instamart,Grocery
CUST2023,8,445.875,3.25,30.625,0,0,Blinkit,Snacks
CUST4344,8,490.0,3.0,32.75,0,0,Blinkit,Beverages
CUST3382,8,868.375,1.625,38.25,0,1,JioMart,Grocery
CUST1367,8,471.875,4.0,26.125,0,0,JioMart,Snacks
CUST8991,8,869.75,3.125,31.125,0,1,JioMart,Grocery
CUST4759,8,395.5,3.625,30.0,0,0,Blinkit,Beverages
CUST1951,8,669.75,3.125,25.875,0,1,JioMart,Fruits & Vegetables
CUST8262,8,692.0,2.0,30.125,0,1,Swiggy Instamart,Personal Care
CUST9427,8,611.0,3.875,37.625,0,0,JioMart,Personal Care
CUST6373,8,1050.625,2.875,27.375,0,1,Swiggy Instamart,Grocery
CUST9542,8,822.0,2.75,35.0,0,1,Blinkit,Snacks
CUST3040,8,535.25,3.375,28.375,0,0,Blinkit,Grocery
CUST3590,8,472.5,3.75,30.875,0,0,Blinkit,Beverages
CUST2575,8,699.375,2.875,34.125,0,0,Blinkit,Dairy
CUST2807,8,538.375,3.125,30.375,0,0,Blinkit,Beverages
CUST5723,8,455.625,4.125,33.625,0,0,Blinkit,Dairy
CUST9088,8,576.25,3.5,32.125,0,0,Swiggy Instamart,Snacks
CUST8011,8,608.25,2.875,27.125,0,0,Blinkit,Dairy
CUST9833,8,385.5,3.0,31.375,0,1,JioMart,Beverages
CUST1205,8,692.25,3.875,31.0,0,0,Blinkit,Dairy
CUST3461,8,822.5,3.375,37.0,0,0,Blinkit,Fruits & Vegetables
CUST1835,8,797.0,3.25,32.25,0,0,Blinkit,Grocery
CUST8162,8,568.625,2.375,27.75,0,1,Swiggy Instamart,Fruits & Vegetables
CUST9485,8,559.25,4.0,31.75,0,0,Blinkit,Beverages
CUST3211,8,634.5,3.5,29.625,0,0,Blinkit,Beverages
CUST2265,8,442.75,3.375,25.5,0,0,Blinkit,Fruits & Vegetables
CUST5946,8,504.125,3.5,33.875,0,0,Blinkit,Dairy
CUST2521,8,578.5,3.625,34.5,0,0,Blinkit,Beverages
CUST6195,8,571.75,2.875,30.625,0,0,Blinkit,Grocery
CUST8484,8,581.5,3.375,27.375,0,0,Blinkit,Beverages
CUST7248,8,764.375,3.25,24.75,0,0,Blinkit,Grocery
CUST5296,8,513.875,3.875,25.0,0,0,Swiggy Instamart,Snacks
CUST4529,8,506.875,3.875,30.125,0,0,Blinkit,Snacks
CUST9223,8,596.125,2.75,31.375,0,1,Blinkit,Dairy
CUST6959,8,513.625,3.0,28.0,0,1,JioMart,Fruits & Vegetables
CUST5472,8,591.875,3.375,31.625,0,0,JioMart,Dairy
CUST7491,8,846.25,3.125,32.75,0,0,Blinkit,Grocery
CUST4999,8,565.875,4.25,34.125,0,0,Blinkit,Grocery
CUST9052,8,454.5,2.875,31.375,0,1,JioMart,Beverages
CUST7725,8,636.875,3.125,31.25,0,0,JioMart,Grocery
CUST4396,8,897.0,3.375,28.125,0,0,Swiggy Instamart,Beverages
CUST6851,8,664.125,4.125,29.0,0,0,Blinkit,Grocery
CUST3019,8,595.875,2.625,29.75,0,1,Blinkit,Beverages
CUST7760,8,528.125,4.25,27.625,0,0,Blinkit,Fruits & Vegetables
CUST6434,8,729.875,3.625,36.875,0,0,Blinkit,Grocery
CUST9742,8,371.25,3.25,28.0,0,0,JioMart,Fruits & Vegetables
CUST7721,8,485.75,3.25,29.0,0,0,Blinkit,Beverages
CUST1778,8,594.25,2.75,23.625,0,1,Blinkit,Beverages
CUST8092,8,707.875,2.25,33.875,0,1,JioMart,Fruits & Vegetables
CUST1364,8,326.0,2.625,31.875,0,0,Swiggy Instamart,Fruits & Vegetables
CUST7394,8,494.625,3.75,29.75,0,0,Swiggy Instamart,Snacks
CUST7956,8,846.0,3.875,30.5,0,0,JioMart,Grocery
CUST1588,8,686.625,4.0,29.75,0,0,Swiggy Instamart,Grocery
CUST3411,8,563.375,3.625,28.625,0,0,Swiggy Instamart,Snacks
CUST6379,8,485.625,2.875,27.125,0,0,Blinkit,Snacks
CUST1079,8,447.5,4.625,26.375,0,0,Blinkit,Beverages
CUST1329,8,605.375,3.5,33.25,0,0,Blinkit,Grocery
CUST4563,8,505.875,3.125,27.125,0,0,JioMart,Beverages
CUST4900,8,565.125,3.875,35.5,0,0,Blinkit,Beverages
CUST5634,8,420.5,4.0,27.875,0,0,Blinkit,Dairy
CUST9022,8,578.75,3.75,27.0,0,0,Blinkit,Fruits & Vegetables
CUST7928,8,545.125,2.25,31.875,0,1,Blinkit,Grocery
CUST1467,8,577.625,1.75,29.375,0,1,JioMart,Dairy
CUST7788,8,859.125,3.375,26.875,0,0,Swiggy Instamart,Grocery
CUST2172,8,449.75,3.0,29.5,0,1,JioMart,Fruits & Vegetables
CUST6659,8,525.375,2.5,33.0,0,1,Blinkit,Fruits & Vegetables
CUST2115,8,761.625,2.375,29.25,0,1,Swiggy Instamart,Personal Care
CUST7312,8,609.875,3.625,29.5,0,0,JioMart,Fruits & Vegetables
CUST2408,8,563.375,2.125,35.25,0,1,Blinkit,Dairy
CUST4151,8,644.625,3.375,31.875,0,0,JioMart,Beverages
CUST5571,8,790.5,3.0,30.0,0,1,Blinkit,Beverages
CUST5735,8,640.375,3.25,36.25,0,0,JioMart,Beverages
CUST8631,8,682.5,3.75,33.0,0,0,Swiggy Instamart,Dairy
CUST7289,8,463.75,3.25,34.125,0,0,Swiggy Instamart,Beverages
CUST6207,8,460.75,3.125,32.375,0,0,Swiggy Instamart,Fruits & Vegetables
CUST4603,8,551.0,3.0,27.375,0,0,Blinkit,Beverages
CUST9636,8,470.5,2.625,27.375,0,1,Blinkit,Dairy
CUST1018,8,587.25,2.625,31.75,0,1,Blinkit,Fruits & Vegetables
CUST1169,8,708.0,3.375,29.0,0,0,JioMart,Grocery
CUST8636,8,384.125,3.75,32.375,0,0,Blinkit,Beverages
CUST3906,8,723.5,3.375,35.25,0,0,Blinkit,Fruits & Vegetables
CUST1663,8,622.125,3.375,24.625,0,0,JioMart,Dairy
CUST6430,8,596.5,3.25,32.875,0,0,JioMart,Grocery
CUST3081,8,470.75,3.125,36.0,0,0,Blinkit,Grocery
CUST1799,8,358.25,3.125,27.375,0,0,JioMart,Fruits & Vegetables
CUST3980,8,168.5,3.75,35.125,0,0,JioMart,Snacks
CUST5144,8,845.25,3.375,24.0,0,0,Swiggy Instamart,Grocery
CUST6451,8,803.375,3.75,30.625,0,0,JioMart,Personal Care
CUST1905,8,435.875,2.625,31.5,0,1,JioMart,Fruits & Vegetables
CUST7886,8,524.5,3.375,28.625,0,0,Swiggy Instamart,Snacks
CUST7238,8,693.25,3.0,36.75,0,0,Blinkit,Snacks
CUST6823,8,442.625,2.75,27.625,0,1,JioMart,Beverages
CUST7017,8,837.125,4.0,33.0,0,0,Blinkit,Personal Care
CUST8446,8,865.625,2.625,27.625,0,1,Swiggy Instamart,Grocery
CUST6745,8,787.875,2.5,25.875,0,1,Swiggy Instamart,Grocery
CUST6749,8,417.625,3.625,29.5,0,0,JioMart,Snacks
CUST9716,8,407.375,3.0,33.0,0,1,JioMart,Beverages
CUST1336,8,505.0,3.75,28.25,0,0,Blinkit,Personal Care
CUST8083,8,250.125,2.875,27.5,0,1,Blinkit,Beverages
CUST3341,8,860.625,4.125,33.375,0,0,Swiggy Instamart,Fruits & Vegetables
CUST1986,8,754.75,3.5,27.625,0,0,Blinkit,Personal Care
CUST9590,8,549.625,3.75,34.5,0,0,Blinkit,Beverages
CUST9092,8,765.125,3.25,30.25,0,0,Swiggy Instamart,Fruits & Vegetables
CUST5686,8,598.5,3.25,33.125,0,0,JioMart,Fruits & Vegetables
CUST8493,8,527.375,2.125,30.625,0,1,Blinkit,Dairy
CUST2958,8,451.125,3.25,25.25,0,0,Blinkit,Fruits & Vegetables
CUST5636,8,749.0,4.0,29.625,0,0,JioMart,Grocery
CUST2693,8,513.125,4.25,35.75,0,0,Blinkit,Fruits & Vegetables
CUST6086,8,638.375,3.0,31.625,0,0,Blinkit,Grocery
CUST2721,8,693.25,3.5,26.25,0,0,JioMart,Dairy
CUST9113,8,636.75,4.625,27.875,0,0,Blinkit,Dairy
CUST9594,8,706.25,2.875,24.625,0,0,Blinkit,Fruits & Vegetables
CUST9273,8,520.125,2.25,32.625,0,1,Blinkit,Dairy
CUST5163,8,659.375,3.5,24.625,0,0,JioMart,Beverages
CUST6122,8,560.125,3.0,35.625,0,1,JioMart,Dairy
CUST5684,8,490.625,2.75,28.25,0,0,JioMart,Beverages
CUST1209,8,470.375,2.375,28.0,0,1,Blinkit,Fruits & Vegetables
CUST2348,8,434.125,3.25,32.5,0,0,Blinkit,Snacks
CUST8444,8,710.375,4.0,29.0,0,0,Swiggy Instamart,Dairy
CUST2625,8,578.75,2.375,27.0,0,1,JioMart,Dairy
CUST6664,8,613.5,3.375,24.5,0,0,JioMart,Fruits & Vegetables
CUST8914,8,618.0,3.25,30.625,0,0,Swiggy Instamart,Beverages
CUST2852,8,739.25,3.875,32.625,0,0,Blinkit,Fruits & Vegetables
CUST9885,8,591.125,3.125,29.125,0,1,Blinkit,Beverages
CUST6419,8,512.25,3.5,27.75,0,0,Swiggy Instamart,Beverages
CUST1282,8,495.75,4.125,27.125,0,0,Blinkit,Fruits & Vegetables
CUST1912,8,850.0,3.25,37.875,0,0,Blinkit,Grocery
CUST5608,8,739.625,2.75,23.75,0,1,Blinkit,Beverages
CUST9527,8,646.25,3.375,36.0,0,0,Swiggy Instamart,Beverages
CUST3064,8,430.875,3.125,25.375,0,0,Blinkit,Beverages
CUST4967,8,493.875,2.625,30.375,0,1,Blinkit,Snacks
CUST4101,8,531.0,3.0,32.875,0,0,JioMart,Dairy
CUST2421,8,643.75,3.875,29.25,0,0,Blinkit,Fruits & Vegetables
CUST6144,8,602.75,2.375,27.375,0,1,Blinkit,Dairy
CUST8419,8,439.5,2.625,28.125,0,1,Blinkit,Fruits & Vegetables
CUST9975,8,698.875,3.75,31.0,0,0,JioMart,Snacks
CUST5941,8,503.5,2.375,32.625,0,1,Blinkit,Beverages
CUST1333,8,509.75,3.125,29.5,0,1,Blinkit,Fruits & Vegetables
CUST8619,8,679.5,2.125,35.25,0,1,Blinkit,Fruits & Vegetables
CUST5198,8,484.125,2.625,36.375,0,1,Blinkit,Grocery
CUST9817,8,550.625,3.375,30.5,0,0,Blinkit,Dairy
CUST7281,8,544.75,2.125,31.25,0,1,JioMart,Personal Care
CUST2669,8,513.375,2.875,32.25,0,1,JioMart,Dairy
CUST1806,8,618.0,3.25,29.375,0,0,JioMart,Beverages
CUST9713,8,519.5,3.625,28.75,0,0,Blinkit,Beverages
CUST7711,8,538.375,4.0,28.25,0,0,Swiggy Instamart,Beverages
CUST7598,8,368.375,2.875,33.5,0,0,Blinkit,Dairy
CUST9737,8,740.625,3.375,28.625,0,0,Blinkit,Personal Care
CUST4448,8,454.5,3.125,28.125,0,0,JioMart,Beverages
CUST4618,8,387.0,2.625,28.375,0,0,Swiggy Instamart,Fruits & Vegetables
CUST8714,8,418.25,4.0,31.125,0,0,Blinkit,Beverages
CUST5711,8,578.125,3.25,29.25,0,0,Swiggy Instamart,Beverages
CUST1317,8,600.125,3.0,23.75,0,0,Blinkit,Beverages
CUST7856,8,895.75,4.125,25.0,0,0,Blinkit,Fruits & Vegetables
CUST6750,8,556.875,2.875,26.25,0,1,Blinkit,Dairy
CUST9825,8,736.0,2.875,28.125,0,1,JioMart,Grocery
CUST2145,8,468.625,3.5,27.375,0,0,JioMart,Fruits & Vegetables
CUST5473,8,493.25,2.375,32.125,0,1,JioMart,Beverages
CUST9081,8,866.5,3.375,32.125,0,0,JioMart,Personal Care
CUST9571,8,512.625,3.25,21.5,0,0,JioMart,Snacks
CUST3508,8,403.0,4.375,27.75,0,0,JioMart,Beverages
CUST7862,8,849.125,3.0,26.75,0,0,Blinkit,Beverages
CUST1313,8,500.25,3.875,26.625,0,0,Swiggy Instamart,Grocery
CUST8298,8,667.625,3.0,31.0,0,0,JioMart,Fruits & Vegetables
CUST9233,8,679.5,3.25,32.375,0,0,Swiggy Instamart,Fruits & Vegetables
CUST5187,8,546.625,2.625,28.625,0,1,Blinkit,Dairy
CUST1445,8,692.875,4.125,33.625,0,0,JioMart,Beverages
CUST3728,8,565.75,2.625,25.0,0,1,Blinkit,Grocery
CUST1055,8,561.75,3.75,26.125,0,0,Blinkit,Beverages
CUST7887,8,438.0,2.625,28.125,0,1,Blinkit,Snacks
CUST1574,8,659.375,3.0,24.25,0,1,JioMart,Beverages
CUST7501,8,370.375,3.25,26.125,0,0,JioMart,Dairy
CUST1441,8,392.5,2.25,33.75,0,1,JioMart,Beverages
CUST2375,8,332.0,2.875,35.0,0,1,JioMart,Snacks
CUST2603,8,545.625,3.75,26.125,0,0,Swiggy Instamart,Beverages
CUST5606,8,617.875,3.375,26.0,0,0,Swiggy Instamart,Personal Care
CUST9505,8,719.625,2.625,35.625,0,1,JioMart,Dairy
CUST3310,8,566.875,3.125,34.375,0,0,Blinkit,Beverages
CUST7806,8,802.375,3.625,27.5,0,0,JioMart,Beverages
CUST1796,8,420.875,2.625,29.625,0,0,Swiggy Instamart,Dairy
CUST1790,8,432.125,3.875,27.75,0,0,Blinkit,Grocery
CUST7683,8,402.25,3.75,30.875,0,0,Swiggy Instamart,Dairy
CUST7644,8,1124.25,3.25,31.5,0,0,Swiggy Instamart,Personal Care
CUST3408,8,591.0,3.625,30.75,0,0,JioMart,Snacks
CUST4762,8,697.125,2.375,35.375,0,1,Blinkit,Beverages
CUST9994,8,879.75,2.875,34.875,0,1,Blinkit,Grocery
CUST4595,8,435.25,3.375,32.25,0,0,JioMart,Fruits & Vegetables
CUST6507,8,539.0,3.5,34.75,0,0,Blinkit,Dairy
CUST6502,8,462.125,2.75,26.75,0,1,Swiggy Instamart,Fruits & Vegetables
CUST4788,8,789.5,3.625,20.75,0,0,Blinkit,Personal Care
CUST2071,8,893.375,3.25,28.75,0,0,Blinkit,Grocery
CUST9481,8,565.5,3.0,33.375,0,0,JioMart,Snacks
CUST6583,8,498.375,3.625,40.625,0,0,JioMart,Fruits & Vegetables
CUST3887,8,477.0,2.25,26.5,0,1,Blinkit,Personal Care
CUST6065,8,492.0,3.25,27.125,0,0,JioMart,Snacks
CUST3948,8,598.375,3.625,29.5,0,0,Blinkit,Dairy
CUST3218,8,734.375,3.375,30.625,0,0,JioMart,Grocery
CUST1077,8,529.375,2.75,32.0,0,0,Blinkit,Personal Care
CUST3595,8,632.0,2.875,26.5,0,1,JioMart,Grocery
CUST7768,8,675.75,3.375,32.75,0,0,Blinkit,Grocery
CUST4836,8,705.75,3.125,28.625,0,0,JioMart,Personal Care
CUST5944,8,695.875,3.75,30.75,0,0,Blinkit,Beverages
CUST9120,8,638.75,3.75,30.125,0,0,Blinkit,Dairy
CUST9181,8,610.5,3.125,25.0,0,1,Blinkit,Beverages
CUST8153,8,494.625,3.125,27.25,0,0,Blinkit,Beverages
CUST1578,8,678.25,3.25,25.125,0,0,Blinkit,Fruits & Vegetables
CUST3702,8,812.5,4.375,33.125,0,0,Swiggy Instamart,Personal Care
CUST6125,8,573.375,2.625,23.0,0,0,Swiggy Instamart,Snacks
CUST3096,8,475.5,3.25,27.75,0,0,Blinkit,Beverages
CUST6031,8,583.5,3.625,31.375,0,0,JioMart,Dairy
CUST4789,8,367.0,2.875,26.875,0,1,Swiggy Instamart,Dairy
CUST9252,8,769.875,4.25,32.875,0,0,JioMart,Beverages
CUST4837,8,602.5,3.375,31.0,0,0,JioMart,Fruits & Vegetables
CUST1527,8,552.0,3.25,25.75,0,0,JioMart,Beverages
CUST7590,8,465.25,2.875,29.75,0,1,Blinkit,Grocery
CUST3086,8,712.875,2.75,26.375,0,0,JioMart,Beverages
CUST8841,8,805.125,2.25,29.375,0,1,Blinkit,Fruits & Vegetables
CUST7647,8,485.375,2.75,30.125,0,1,Swiggy Instamart,Snacks
CUST4840,8,481.625,3.375,30.5,0,0,Blinkit,Fruits & Vegetables
CUST4581,8,840.0,3.625,29.75,0,0,JioMart,Fruits & Vegetables
CUST1730,8,518.625,3.75,22.75,0,0,JioMart,Dairy
CUST4680,8,500.125,3.375,31.375,0,0,Swiggy Instamart,Beverages
CUST2401,8,715.375,4.5,28.75,0,0,Blinkit,Snacks
CUST9672,8,519.75,2.125,31.75,0,1,Swiggy Instamart,Beverages
CUST8478,8,636.75,3.25,22.75,0,0,Swiggy Instamart,Fruits & Vegetables
CUST3607,8,545.0,3.125,27.25,0,0,Blinkit,Beverages
CUST5588,8,502.25,3.0,34.125,0,0,JioMart,Dairy
CUST2333,8,679.5,3.75,24.625,0,0,JioMart,Beverages
CUST9168,8,683.875,2.375,33.5,0,1,JioMart,Beverages
CUST5396,8,592.625,3.5,30.0,0,0,Blinkit,Fruits & Vegetables
CUST4998,8,336.875,2.5,34.125,0,1,JioMart,Snacks
CUST4692,8,558.625,3.25,31.375,0,0,Blinkit,Dairy
CUST7790,8,767.625,3.5,32.625,0,0,Swiggy Instamart,Personal Care
CUST8618,8,406.0,3.0,27.625,0,0,Blinkit,Beverages
CUST3085,8,607.0,2.75,25.75,0,1,JioMart,Snacks
CUST5930,8,606.75,3.375,34.25,0,0,Swiggy Instamart,Snacks
CUST3343,8,561.375,3.5,29.75,0,0,Blinkit,Personal Care
CUST2814,8,294.875,2.375,29.625,0,1,Swiggy Instamart,Beverages
CUST7867,8,724.875,3.5,27.125,0,0,Swiggy Instamart,Personal Care
CUST5261,8,722.25,3.75,32.5,0,0,JioMart,Personal Care
CUST1695,8,561.0,3.375,30.5,0,0,JioMart,Fruits & Vegetables
CUST7417,8,568.25,3.625,25.25,0,0,Swiggy Instamart,Beverages
CUST5142,8,522.875,3.0,26.0,0,0,JioMart,Beverages
CUST9969,8,634.375,3.125,32.375,0,0,Blinkit,Grocery
CUST5398,8,761.375,4.75,26.75,0,0,Blinkit,Beverages
CUST7167,8,698.875,3.375,29.0,0,0,JioMart,Personal Care
CUST1090,8,508.25,3.125,30.25,0,0,Swiggy Instamart,Grocery
CUST4736,8,463.25,3.0,20.5,0,1,Blinkit,Dairy
CUST8157,8,437.75,2.75,26.75,0,1,JioMart,Beverages
CUST3738,8,575.75,3.5,33.25,0,0,Blinkit,Snacks
CUST6911,8,629.75,3.125,29.125,0,0,Blinkit,Snacks
CUST2342,8,558.75,2.25,34.0,0,1,Blinkit,Dairy
CUST2892,8,610.125,2.375,32.5,0,1,Swiggy Instamart,Snacks
CUST5872,8,621.5,3.375,36.875,0,0,JioMart,Grocery
CUST8855,8,588.125,2.25,30.75,0,1,Blinkit,Beverages
CUST7073,8,670.625,3.125,34.5,0,0,Swiggy Instamart,Beverages
CUST6126,8,428.625,3.0,23.75,0,1,JioMart,Dairy
CUST2192,8,445.25,3.0,28.5,0,1,JioMart,Fruits & Vegetables
CUST6455,8,737.625,3.25,25.25,0,0,JioMart,Fruits & Vegetables
CUST8955,8,802.5,3.375,28.125,0,0,Blinkit,Grocery
CUST1635,8,699.625,3.0,31.375,0,1,Blinkit,Snacks
CUST5525,8,415.75,3.75,28.625,0,0,JioMart,Beverages
CUST5875,8,403.0,3.25,25.375,0,0,Swiggy Instamart,Dairy
CUST9277,8,510.125,2.625,28.875,0,1,Blinkit,Fruits & Vegetables
CUST2782,8,519.875,3.625,31.125,0,0,Swiggy Instamart,Snacks
CUST4179,8,313.625,2.375,33.875,0,1,JioMart,Snacks
CUST1780,8,507.625,3.0,25.375,0,0,Blinkit,Snacks
CUST2255,8,657.0,2.875,28.25,0,1,Swiggy Instamart,Personal Care
CUST5630,8,473.5,2.75,35.125,0,1,Blinkit,Fruits & Vegetables
CUST6146,8,551.0,3.375,27.625,0,0,JioMart,Snacks
CUST2942,8,429.875,2.625,28.25,0,1,JioMart,Beverages
CUST4856,8,504.125,3.875,28.0,0,0,Blinkit,Beverages
CUST5218,8,650.375,3.5,27.25,0,0,Blinkit,Beverages
CUST5865,8,522.25,2.5,31.0,0,1,Blinkit,Snacks
CUST5044,8,808.875,2.875,32.0,0,1,JioMart,Personal Care
CUST1884,8,679.5,3.125,29.875,0,0,JioMart,Dairy
CUST4818,8,649.875,3.375,33.875,0,0,Swiggy Instamart,Grocery
CUST6862,8,481.75,3.25,29.5,0,0,Blinkit,Beverages
CUST7675,8,530.375,3.875,32.5,0,0,Swiggy Instamart,Dairy
CUST1874,8,745.125,3.125,35.25,0,0,Blinkit,Beverages
CUST5149,8,741.375,3.125,23.625,0,0,JioMart,Grocery
CUST1029,8,364.5,2.875,32.25,0,1,JioMart,Fruits & Vegetables
CUST3659,8,351.25,3.875,32.125,0,0,Blinkit,Dairy
CUST3801,8,553.75,1.875,29.375,0,1,Swiggy Instamart,Personal Care
CUST2891,8,440.0,3.5,28.875,0,0,Swiggy Instamart,Snacks
CUST6721,8,720.75,3.25,25.375,0,0,Blinkit,Beverages
CUST6385,8,434.625,3.75,26.125,0,0,Swiggy Instamart,Snacks
CUST5432,8,544.75,3.625,30.125,0,0,Blinkit,Dairy
CUST1962,8,561.375,3.125,33.625,0,0,Blinkit,Snacks
CUST5836,8,465.5,3.75,32.0,0,0,Blinkit,Fruits & Vegetables
CUST2547,8,399.125,3.75,26.75,0,0,Blinkit,Snacks
CUST2836,8,1076.125,3.875,29.0,0,0,JioMart,Grocery
CUST6500,8,655.375,3.0,35.5,0,0,Blinkit,Dairy
CUST1186,8,578.625,3.0,29.25,0,0,JioMart,Personal Care
CUST1788,8,272.125,1.75,23.75,0,1,Swiggy Instamart,Beverages
CUST8465,8,643.875,3.75,24.0,0,0,Swiggy Instamart,Grocery
CUST7795,8,379.375,3.25,30.25,0,0,Swiggy Instamart,Beverages
CUST9520,8,307.625,3.125,28.375,0,0,JioMart,Dairy
CUST6521,8,662.5,4.625,29.25,0,0,Swiggy Instamart,Dairy
CUST7993,8,818.0,3.25,29.625,0,0,Blinkit,Grocery
CUST4876,8,683.5,3.0,30.5,0,0,JioMart,Snacks
CUST4334,8,469.5,3.625,34.0,0,0,JioMart,Dairy
CUST3349,8,382.625,3.375,36.25,0,0,JioMart,Dairy
CUST9293,8,576.875,4.0,27.625,0,0,Blinkit,Dairy
CUST3829,8,511.125,2.75,28.75,0,0,Blinkit,Beverages
CUST7032,8,502.875,2.125,25.875,0,1,Swiggy Instamart,Grocery
CUST8462,8,734.25,3.0,31.375,0,0,JioMart,Grocery
CUST7297,8,779.75,2.875,28.125,0,1,Blinkit,Beverages
CUST7233,8,782.125,4.375,28.875,0,0,JioMart,Beverages
CUST3890,8,639.125,3.25,24.5,0,0,Blinkit,Dairy
CUST6025,8,412.625,3.75,29.25,0,0,JioMart,Personal Care
CUST6475,8,787.25,2.5,27.25,0,1,Blinkit,Personal Care
CUST3164,8,683.75,3.625,29.375,0,0,JioMart,Fruits & Vegetables
CUST1958,8,632.25,2.875,28.25,0,1,Blinkit,Snacks
CUST5814,8,583.625,2.875,28.625,0,1,Blinkit,Beverages
CUST2968,8,689.125,3.25,31.625,0,0,JioMart,Fruits & Vegetables
CUST8666,8,620.125,3.125,29.25,0,0,Swiggy Instamart,Beverages
CUST9405,8,764.125,3.25,23.25,0,0,JioMart,Grocery
CUST5534,8,713.375,2.25,31.375,0,1,Blinkit,Dairy
CUST2651,8,594.625,2.625,27.875,0,1,Swiggy Instamart,Dairy
CUST6063,8,658.5,3.375,26.25,0,0,Swiggy Instamart,Beverages
CUST9062,8,510.5,3.875,23.25,0,0,Blinkit,Fruits & Vegetables
CUST8768,8,682.875,3.0,27.375,0,1,JioMart,Personal Care
CUST1704,8,540.25,3.25,33.5,0,0,JioMart,Beverages
CUST9614,8,656.375,2.75,32.625,0,0,Blinkit,Fruits & Vegetables
CUST9719,8,658.5,3.0,30.5,0,0,JioMart,Dairy
CUST2638,8,252.25,3.0,27.5,0,0,Blinkit,Fruits & Vegetables
CUST9288,8,558.625,2.5,32.25,0,1,Swiggy Instamart,Dairy
CUST3937,8,750.375,4.375,23.875,0,0,Blinkit,Beverages
CUST4984,8,571.125,4.0,26.125,0,0,JioMart,Beverages
CUST2312,8,577.875,1.75,23.875,0,1,JioMart,Beverages
CUST8886,8,804.75,3.125,29.625,0,0,Swiggy Instamart,Personal Care
CUST5688,8,397.75,3.375,22.25,0,0,Blinkit,Fruits & Vegetables
CUST5824,8,426.0,3.375,31.5,0,0,Swiggy Instamart,Dairy
CUST5154,8,646.125,4.0,33.5,0,0,JioMart,Snacks
CUST3296,8,445.75,3.75,34.5,0,0,JioMart,Beverages
CUST5220,8,779.25,3.5,31.75,0,0,Swiggy Instamart,Personal Care
CUST8859,8,803.75,3.25,26.625,0,0,JioMart,Dairy
CUST8940,8,675.375,3.25,30.25,0,0,Blinkit,Personal Care
CUST6856,8,568.125,3.875,28.125,0,0,Blinkit,Beverages
CUST8328,8,324.75,3.125,28.0,0,0,Blinkit,Snacks
CUST7990,8,871.0,4.0,32.875,0,0,Blinkit,Grocery
CUST9554,8,350.625,3.375,28.0,0,0,Swiggy Instamart,Dairy
CUST3309,8,639.25,3.5,30.125,0,0,Blinkit,Beverages
CUST9872,8,512.375,3.375,31.0,0,0,Swiggy Instamart,Beverages
CUST7164,8,587.875,2.75,29.0,0,1,Blinkit,Beverages
CUST2756,8,478.625,2.625,30.75,0,1,Blinkit,Snacks
CUST7872,8,644.0,2.375,28.375,0,1,Blinkit,Grocery
CUST6164,8,449.125,3.625,26.75,0,0,Blinkit,Beverages
CUST9942,8,709.875,3.75,24.75,0,0,JioMart,Grocery
CUST3943,8,576.625,3.75,26.125,0,0,Swiggy Instamart,Dairy
CUST6803,8,504.5,2.625,25.25,0,0,Blinkit,Fruits & Vegetables
CUST8582,8,997.375,2.75,26.375,0,1,Swiggy Instamart,Personal Care
CUST1896,8,581.125,3.25,33.0,0,0,Blinkit,Grocery
CUST5863,8,839.5,3.0,34.625,0,0,Blinkit,Beverages
CUST2545,8,383.0,3.375,25.125,0,0,JioMart,Snacks
CUST6559,8,688.5,3.125,30.125,0,0,JioMart,Beverages
CUST4901,8,312.125,2.625,39.0,1,0,JioMart,Fruits & Vegetables
CUST9173,8,377.875,3.125,27.375,0,0,JioMart,Fruits & Vegetables
CUST8265,8,587.75,3.5,28.875,0,0,Swiggy Instamart,Dairy
CUST6027,8,629.375,2.625,28.125,0,0,JioMart,Grocery
CUST4413,8,642.625,3.25,34.875,0,0,JioMart,Grocery
CUST7499,8,559.75,3.5,34.375,0,0,JioMart,Fruits & Vegetables
CUST7525,8,552.0,2.75,28.0,0,1,Blinkit,Grocery
CUST9204,8,616.25,3.625,25.625,0,0,Blinkit,Grocery
CUST7645,8,550.125,4.0,23.625,0,0,Blinkit,Grocery
CUST9319,8,460.375,3.5,28.625,0,0,JioMart,Grocery
CUST1177,8,518.375,3.25,34.125,0,0,Blinkit,Snacks
CUST4722,8,492.25,4.25,25.5,0,0,Swiggy Instamart,Personal Care
CUST1556,8,471.75,2.625,34.125,0,1,Swiggy Instamart,Dairy
CUST2966,8,445.25,3.375,30.75,0,0,JioMart,Dairy
CUST4685,8,620.5,4.375,30.0,0,0,JioMart,Dairy
CUST8902,8,559.0,3.5,25.75,0,0,JioMart,Beverages
CUST8417,8,745.375,3.75,35.375,0,0,JioMart,Grocery
CUST4827,8,775.625,3.375,33.5,0,0,JioMart,Dairy
CUST7718,8,548.25,3.75,26.375,0,0,Blinkit,Snacks
CUST6769,8,638.75,3.375,39.625,0,0,Blinkit,Beverages
CUST9365,8,589.5,3.5,29.25,0,0,JioMart,Beverages
CUST7946,8,471.375,3.375,27.875,0,0,JioMart,Beverages
CUST2261,8,388.875,3.25,35.375,0,0,Blinkit,Snacks
CUST4035,8,502.5,3.25,28.25,0,0,JioMart,Beverages
CUST7545,8,404.625,3.25,28.25,0,0,Swiggy Instamart,Personal Care
CUST2630,8,630.5,3.375,27.625,0,0,JioMart,Beverages
CUST2403,8,433.625,2.75,29.75,0,0,JioMart,Dairy
CUST5039,8,508.875,3.25,31.375,0,0,JioMart,Snacks
CUST3225,8,685.875,3.625,22.0,0,0,Swiggy Instamart,Beverages
CUST9616,8,426.625,3.875,28.875,0,0,JioMart,Snacks
CUST7968,8,869.125,2.375,32.375,0,1,JioMart,Snacks
CUST3687,8,438.25,3.375,31.125,0,0,Blinkit,Snacks
CUST6396,8,401.625,2.75,32.25,0,1,Swiggy Instamart,Beverages
CUST1579,8,538.5,3.375,23.625,0,0,Blinkit,Fruits & Vegetables
CUST5579,8,858.875,2.75,29.625,0,1,Blinkit,Dairy
CUST3670,8,523.375,2.625,27.125,0,1,Blinkit,Beverages
CUST8315,8,461.75,3.5,31.125,0,0,JioMart,Dairy
CUST1720,8,619.375,2.75,30.25,0,0,Swiggy Instamart,Fruits & Vegetables
CUST1122,8,398.75,3.5,28.25,0,0,Blinkit,Snacks
CUST5052,8,447.75,3.25,31.0,0,0,Blinkit,Dairy
CUST2688,8,689.875,3.5,30.75,0,0,Swiggy Instamart,Beverages
CUST1580,8,734.75,2.75,27.125,0,1,Blinkit,Beverages
CUST9416,8,563.75,3.125,30.875,0,0,Swiggy Instamart,Fruits & Vegetables
CUST9718,8,448.375,3.0,32.875,0,0,Blinkit,Grocery
CUST5308,8,991.25,5.0,32.375,0,0,Swiggy Instamart,Grocery
CUST8457,8,650.625,2.75,31.25,0,0,JioMart,Personal Care
CUST4426,8,660.875,2.125,30.625,0,1,Blinkit,Grocery
CUST9902,8,645.5,2.375,29.875,0,1,Blinkit,Snacks
CUST6256,8,595.5,2.5,30.0,0,1,Blinkit,Beverages
CUST4656,8,525.0,2.75,35.5,0,1,Blinkit,Dairy
CUST4287,8,767.625,3.0,30.125,0,1,JioMart,Dairy
CUST8061,8,608.375,3.875,33.625,0,0,JioMart,Dairy
CUST9395,8,377.375,3.25,30.125,0,0,Blinkit,Personal Care
CUST4928,8,524.875,2.625,28.125,0,1,Blinkit,Beverages
CUST5363,8,734.875,2.125,28.75,0,1,JioMart,Grocery
CUST8874,8,699.375,3.125,34.5,0,0,JioMart,Grocery
CUST5371,8,557.25,3.25,32.875,0,0,JioMart,Fruits & Vegetables
CUST4091,8,414.625,3.0,31.125,0,0,Blinkit,Snacks
CUST9601,8,407.75,3.875,27.25,0,0,JioMart,Fruits & Vegetables
CUST1846,8,541.125,4.5,33.125,0,0,Blinkit,Grocery
CUST8416,8,592.75,2.875,23.125,0,0,JioMart,Personal Care
CUST3591,8,636.875,4.75,37.625,0,0,Swiggy Instamart,Dairy
CUST5364,8,423.0,2.5,25.5,0,0,Blinkit,Beverages
CUST2498,8,431.5,2.5,29.75,0,1,Blinkit,Snacks
CUST8599,8,432.75,2.75,30.5,0,1,JioMart,Dairy
CUST5247,8,677.25,4.625,31.125,0,0,Swiggy Instamart,Beverages
CUST9634,8,482.625,3.375,33.875,0,0,Blinkit,Beverages
CUST2772,8,586.875,2.875,33.0,0,1,Blinkit,Dairy
CUST2525,8,579.75,3.5,29.875,0,0,Blinkit,Fruits & Vegetables
CUST6986,8,391.5,3.125,29.0,0,0,Blinkit,Snacks
CUST7916,8,610.75,2.125,26.625,0,1,Blinkit,Grocery
CUST4100,8,436.125,2.75,28.375,0,0,Blinkit,Beverages
CUST5046,8,880.125,3.875,28.5,0,0,Blinkit,Grocery
CUST5674,8,553.0,3.5,28.25,0,0,JioMart,Fruits & Vegetables
CUST6957,8,704.125,3.125,19.875,0,1,JioMart,Personal Care
CUST3287,8,685.625,3.25,29.75,0,0,Blinkit,Grocery
CUST2420,8,500.625,2.5,31.375,0,1,Blinkit,Fruits & Vegetables
CUST3228,8,880.625,2.375,28.875,0,1,Blinkit,Dairy
CUST5810,8,643.625,4.25,30.0,0,0,JioMart,Beverages
CUST1219,8,657.125,2.75,24.375,0,0,Blinkit,Dairy
CUST4516,8,453.0,3.0,27.125,0,1,Swiggy Instamart,Grocery
CUST1279,8,676.0,3.875,28.625,0,0,Blinkit,Dairy
CUST2227,8,445.625,3.75,35.0,0,0,Blinkit,Grocery
CUST5197,8,521.0,4.125,32.25,0,0,Blinkit,Beverages
CUST9440,8,433.5,2.375,33.25,0,1,JioMart,Personal Care
CUST3891,8,599.5,3.75,24.0,0,0,JioMart,Snacks
CUST2177,8,571.0,3.125,31.5,0,0,JioMart,Fruits & Vegetables
CUST6784,8,497.125,4.125,28.0,0,0,JioMart,Dairy
CUST1270,8,778.375,3.875,28.125,0,0,Blinkit,Fruits & Vegetables
CUST4330,8,462.125,3.125,26.875,0,0,Blinkit,Beverages
CUST3475,8,365.0,2.875,34.0,0,1,Blinkit,Dairy
CUST7986,8,479.0,2.875,32.25,0,1,Blinkit,Dairy
CUST8455,8,565.75,3.625,27.875,0,0,Blinkit,Beverages
CUST2387,8,537.625,3.0,23.5,0,0,Blinkit,Beverages
CUST2209,8,693.0,1.625,27.625,0,1,JioMart,Personal Care
CUST9650,8,551.625,3.625,31.875,0,0,Swiggy Instamart,Personal Care
CUST5489,8,362.75,4.625,24.25,0,0,Swiggy Instamart,Personal Care
CUST1793,8,456.25,3.25,33.875,0,0,Blinkit,Beverages
CUST1499,8,309.0,3.375,29.5,0,0,JioMart,Dairy
CUST9218,8,583.625,3.875,24.75,0,0,JioMart,Dairy
CUST1179,8,459.0,2.875,29.5,0,1,JioMart,Fruits & Vegetables
CUST4192,8,382.125,4.25,25.625,0,0,JioMart,Snacks
CUST3460,8,572.25,3.25,23.625,0,0,Blinkit,Grocery
CUST6244,8,590.875,3.0,30.75,0,1,JioMart,Fruits & Vegetables
CUST2683,8,361.125,3.375,31.25,0,0,JioMart,Fruits & Vegetables
CUST7742,8,717.0,3.25,30.375,0,0,JioMart,Dairy
CUST1178,8,644.0,3.75,25.375,0,0,Blinkit,Personal Care
CUST9895,8,587.625,3.625,28.625,0,0,Swiggy Instamart,Dairy
CUST1776,8,573.375,3.25,36.125,0,0,Blinkit,Beverages
CUST1754,8,333.375,4.125,32.125,0,0,JioMart,Beverages
CUST4290,8,738.75,3.625,26.625,0,0,Blinkit,Grocery
CUST8996,8,578.625,4.875,28.5,0,0,Blinkit,Dairy
CUST7434,8,577.125,3.25,34.625,0,0,Blinkit,Personal Care
CUST5251,8,601.875,3.0,28.25,0,0,Blinkit,Beverages
CUST6980,8,610.375,3.5,25.625,0,0,JioMart,Beverages
CUST4389,8,691.75,2.875,20.375,0,1,Swiggy Instamart,Beverages
CUST2824,8,524.5,4.125,25.375,0,0,JioMart,Dairy
CUST8981,8,698.125,4.25,33.125,0,0,JioMart,Beverages
CUST2679,8,713.5,3.75,27.875,0,0,Blinkit,Dairy
CUST4280,8,769.125,4.25,30.5,0,0,JioMart,Beverages
CUST8359,8,435.5,3.625,27.5,0,0,Blinkit,Snacks
CUST4527,8,733.875,3.375,31.375,0,0,Blinkit,Dairy
CUST3021,8,536.5,3.0,29.5,0,0,Swiggy Instamart,Beverages
CUST5167,8,553.25,3.375,34.75,0,0,JioMart,Snacks
CUST4273,8,490.625,3.125,31.125,0,0,Swiggy Instamart,Grocery
CUST6184,8,680.25,2.5,24.25,0,1,JioMart,Grocery
CUST2861,8,542.5,2.875,24.625,0,0,Blinkit,Grocery
CUST7884,8,525.375,4.375,30.125,0,0,Swiggy Instamart,Grocery
CUST7066,8,662.375,3.125,28.5,0,0,JioMart,Beverages
CUST7148,8,674.25,3.875,28.25,0,0,JioMart,Fruits & Vegetables
CUST9953,8,638.0,3.0,27.125,0,0,Swiggy Instamart,Dairy
CUST7235,8,606.625,4.0,32.5,0,0,JioMart,Beverages
CUST8485,8,239.25,3.375,32.0,0,0,Blinkit,Fruits & Vegetables
CUST5770,8,516.0,4.0,27.75,0,0,Blinkit,Dairy
CUST7927,8,556.0,3.75,23.875,0,0,JioMart,Snacks
CUST7026,8,509.375,3.375,25.25,0,0,Swiggy Instamart,Fruits & Vegetables
CUST8351,8,813.875,2.75,33.875,0,0,JioMart,Fruits & Vegetables
CUST4016,8,576.0,3.5,27.625,0,0,JioMart,Grocery
CUST2089,8,791.5,3.375,26.375,0,0,Swiggy Instamart,Fruits & Vegetables
CUST8142,8,688.5,3.625,28.375,0,0,Swiggy Instamart,Dairy
CUST9251,8,677.625,3.625,25.625,0,0,Swiggy Instamart,Dairy
CUST9643,8,527.0,2.625,29.75,0,1,Blinkit,Dairy
CUST1405,8,626.25,3.125,26.0,0,0,Swiggy Instamart,Snacks
CUST7431,8,570.75,2.625,34.5,0,1,Blinkit,Dairy
CUST4022,8,501.75,3.625,29.5,0,0,Blinkit,Personal Care
CUST8382,8,467.875,4.0,29.0,0,0,Blinkit,Fruits & Vegetables
CUST1454,8,872.375,3.875,32.0,0,0,Blinkit,Personal Care
CUST3640,7,652.8571428571429,2.5714285714285716,39.0,0,1,JioMart,Fruits & Vegetables
CUST4301,7,351.7142857142857,2.5714285714285716,27.857142857142858,0,1,JioMart,Beverages
CUST4252,7,630.0,3.857142857142857,32.0,0,0,Blinkit,Fruits & Vegetables
CUST1411,7,286.57142857142856,2.142857142857143,27.142857142857142,0,1,Blinkit,Beverages
CUST7080,7,682.0,4.0,31.428571428571427,0,0,Blinkit,Beverages
CUST8909,7,552.5714285714286,2.4285714285714284,27.714285714285715,0,1,Swiggy Instamart,Beverages
CUST7573,7,464.57142857142856,2.5714285714285716,32.0,0,1,Blinkit,Personal Care
CUST6513,7,395.57142857142856,2.857142857142857,30.857142857142858,0,1,Blinkit,Snacks
CUST6422,7,791.4285714285714,3.5714285714285716,28.142857142857142,0,0,Blinkit,Fruits & Vegetables
CUST7227,7,677.0,4.142857142857143,33.0,0,0,Blinkit,Beverages
CUST6366,7,738.8571428571429,4.285714285714286,30.571428571428573,0,0,Swiggy Instamart,Grocery
CUST9781,7,350.42857142857144,4.571428571428571,27.857142857142858,0,0,Blinkit,Beverages
CUST1597,7,340.85714285714283,3.5714285714285716,25.428571428571427,0,0,Blinkit,Personal Care
CUST4957,7,573.0,3.0,29.0,0,1,JioMart,Dairy
CUST4794,7,634.7142857142857,3.857142857142857,30.714285714285715,0,0,Blinkit,Fruits & Vegetables
CUST8363,7,474.0,3.7142857142857144,34.285714285714285,0,0,JioMart,Snacks
CUST2762,7,701.1428571428571,2.857142857142857,29.0,0,1,Swiggy Instamart,Beverages
CUST5226,7,930.5714285714286,3.4285714285714284,31.428571428571427,0,0,Swiggy Instamart,Dairy
CUST5887,7,626.0,3.4285714285714284,28.142857142857142,0,0,Blinkit,Beverages
CUST1883,7,352.57142857142856,4.428571428571429,28.571428571428573,0,0,JioMart,Snacks
CUST2546,7,374.14285714285717,4.285714285714286,30.142857142857142,0,0,Blinkit,Snacks
CUST5732,7,630.1428571428571,3.4285714285714284,25.857142857142858,0,0,JioMart,Grocery
CUST9241,7,790.8571428571429,3.2857142857142856,26.571428571428573,0,0,JioMart,Personal Care
CUST6324,7,620.5714285714286,2.5714285714285716,29.714285714285715,0,1,Swiggy Instamart,Beverages
CUST9894,7,636.7142857142857,3.2857142857142856,29.142857142857142,0,0,JioMart,Dairy
CUST1602,7,525.4285714285714,3.142857142857143,23.142857142857142,0,1,Blinkit,Snacks
CUST9795,7,600.7142857142857,3.857142857142857,28.428571428571427,0,0,JioMart,Snacks
CUST6110,7,679.1428571428571,3.0,27.714285714285715,0,0,Blinkit,Dairy
CUST9675,7,479.14285714285717,2.5714285714285716,29.857142857142858,0,1,JioMart,Beverages
CUST6969,7,1031.7142857142858,3.2857142857142856,32.714285714285715,0,0,Blinkit,Personal Care
CUST3377,7,501.42857142857144,2.5714285714285716,27.714285714285715,0,1,Blinkit,Fruits & Vegetables
CUST2184,7,630.4285714285714,2.7142857142857144,33.57142857142857,0,1,Blinkit,Beverages
CUST3212,7,612.2857142857143,4.0,26.571428571428573,0,0,JioMart,Fruits & Vegetables
CUST8459,7,376.57142857142856,3.5714285714285716,38.142857142857146,1,0,Blinkit,Dairy
CUST3968,7,927.1428571428571,4.142857142857143,25.428571428571427,0,0,JioMart,Grocery
CUST6577,7,601.1428571428571,3.857142857142857,27.857142857142858,0,0,Swiggy Instamart,Beverages
CUST4078,7,454.0,2.5714285714285716,32.857142857142854,0,1,Swiggy Instamart,Fruits & Vegetables
CUST9103,7,619.2857142857143,3.5714285714285716,29.285714285714285,0,0,Blinkit,Dairy
CUST5855,7,409.42857142857144,2.4285714285714284,26.571428571428573,0,1,Swiggy Instamart,Dairy
CUST5158,7,377.85714285714283,3.2857142857142856,27.714285714285715,0,0,Swiggy Instamart,Fruits & Vegetables
CUST7324,7,685.7142857142857,4.0,35.285714285714285,0,0,Blinkit,Dairy
CUST8754,7,488.14285714285717,2.4285714285714284,23.0,0,1,JioMart,Fruits & Vegetables
CUST1767,7,601.4285714285714,2.5714285714285716,24.571428571428573,0,1,Blinkit,Snacks
CUST7010,7,795.1428571428571,3.857142857142857,26.285714285714285,0,0,JioMart,Personal Care
CUST3208,7,586.8571428571429,3.142857142857143,35.0,0,1,Blinkit,Dairy
CUST6348,7,679.4285714285714,3.2857142857142856,30.285714285714285,0,0,Swiggy Instamart,Beverages
CUST1250,7,807.1428571428571,4.142857142857143,28.857142857142858,0,0,JioMart,Beverages
CUST4108,7,699.5714285714286,4.285714285714286,29.714285714285715,0,0,Blinkit,Grocery
CUST9676,7,435.2857142857143,4.0,27.142857142857142,0,0,JioMart,Dairy
CUST9321,7,485.2857142857143,3.0,31.714285714285715,0,1,Swiggy Instamart,Personal Care
CUST6020,7,937.8571428571429,2.7142857142857144,33.57142857142857,0,1,JioMart,Personal Care
CUST7673,7,586.1428571428571,4.0,34.714285714285715,0,0,Blinkit,Dairy
CUST7448,7,702.7142857142857,2.5714285714285716,34.57142857142857,0,1,Swiggy Instamart,Grocery
CUST7353,7,572.2857142857143,3.2857142857142856,28.571428571428573,0,0,Blinkit,Grocery
CUST8848,7,572.8571428571429,4.0,32.714285714285715,0,0,Blinkit,Grocery
CUST3810,7,537.2857142857143,3.0,28.428571428571427,0,0,Swiggy Instamart,Beverages
CUST2066,7,574.5714285714286,3.2857142857142856,36.285714285714285,0,0,JioMart,Fruits & Vegetables
CUST9756,7,379.0,3.0,30.857142857142858,0,1,Swiggy Instamart,Beverages
CUST3230,7,752.0,2.5714285714285716,30.142857142857142,0,1,Swiggy Instamart,Personal Care
CUST8212,7,563.2857142857143,4.0,27.142857142857142,0,0,Swiggy Instamart,Dairy
CUST6158,7,478.7142857142857,3.142857142857143,27.142857142857142,0,0,JioMart,Dairy
CUST2327,7,534.5714285714286,3.0,20.142857142857142,0,1,Swiggy Instamart,Fruits & Vegetables
CUST4923,7,437.14285714285717,2.2857142857142856,22.285714285714285,0,1,Swiggy Instamart,Fruits & Vegetables
CUST6310,7,674.1428571428571,2.5714285714285716,32.714285714285715,0,1,Swiggy Instamart,Dairy
CUST2078,7,598.7142857142857,3.142857142857143,27.285714285714285,0,1,Swiggy Instamart,Fruits & Vegetables
CUST9118,7,459.57142857142856,2.5714285714285716,24.285714285714285,0,1,JioMart,Beverages
CUST9754,7,478.85714285714283,2.7142857142857144,25.142857142857142,0,0,JioMart,Dairy
CUST6808,7,570.1428571428571,3.5714285714285716,28.714285714285715,0,0,Blinkit,Dairy
CUST3498,7,520.8571428571429,3.142857142857143,23.142857142857142,0,0,Blinkit,Beverages
CUST5058,7,551.4285714285714,3.7142857142857144,35.57142857142857,0,0,Blinkit,Fruits & Vegetables
CUST1047,7,655.8571428571429,2.142857142857143,24.142857142857142,0,1,Blinkit,Dairy
CUST2430,7,634.1428571428571,3.0,29.857142857142858,0,1,Swiggy Instamart,Personal Care
CUST8286,7,556.4285714285714,2.7142857142857144,43.0,1,1,Blinkit,Grocery
CUST2499,7,520.2857142857143,3.5714285714285716,21.571428571428573,0,0,Swiggy Instamart,Beverages
CUST1943,7,852.4285714285714,3.142857142857143,27.571428571428573,0,0,Swiggy Instamart,Personal Care
CUST6533,7,761.1428571428571,4.0,27.571428571428573,0,0,Swiggy Instamart,Grocery
CUST3711,7,583.2857142857143,3.5714285714285716,34.857142857142854,0,0,JioMart,Personal Care
CUST6380,7,569.2857142857143,2.2857142857142856,26.571428571428573,0,1,Swiggy Instamart,Fruits & Vegetables
CUST7836,7,633.7142857142857,3.5714285714285716,24.428571428571427,0,0,JioMart,Beverages
CUST5003,7,368.14285714285717,2.857142857142857,30.0,0,1,Blinkit,Beverages
CUST2080,7,628.4285714285714,3.5714285714285716,26.0,0,0,Swiggy Instamart,Fruits & Vegetables
CUST9823,7,530.7142857142857,3.2857142857142856,31.571428571428573,0,0,JioMart,Dairy
CUST9835,7,714.1428571428571,2.5714285714285716,25.142857142857142,0,1,Swiggy Instamart,Snacks
CUST3995,7,837.4285714285714,2.4285714285714284,32.857142857142854,0,1,Blinkit,Dairy
CUST7817,7,337.42857142857144,2.857142857142857,24.571428571428573,0,1,JioMart,Dairy
CUST5159,7,841.7142857142857,2.0,37.142857142857146,0,1,Swiggy Instamart,Beverages
CUST4523,7,943.1428571428571,3.142857142857143,26.428571428571427,0,1,Swiggy Instamart,Dairy
CUST8226,7,812.5714285714286,3.5714285714285716,27.428571428571427,0,0,JioMart,Snacks
CUST2088,7,691.7142857142857,3.7142857142857144,36.142857142857146,0,0,JioMart,Grocery
CUST3545,7,618.8571428571429,4.0,28.571428571428573,0,0,JioMart,Grocery
CUST5546,7,830.2857142857143,3.0,32.57142857142857,0,0,Swiggy Instamart,Fruits & Vegetables
CUST3735,7,768.2857142857143,3.0,30.285714285714285,0,1,JioMart,Grocery
CUST3812,7,780.5714285714286,3.7142857142857144,35.142857142857146,0,0,Swiggy Instamart,Personal Care
CUST2214,7,1113.857142857143,3.4285714285714284,27.857142857142858,0,0,Blinkit,Grocery
CUST5870,7,609.0,2.857142857142857,32.857142857142854,0,1,Blinkit,Personal Care
CUST5061,7,716.7142857142857,3.5714285714285716,27.714285714285715,0,0,Swiggy Instamart,Personal Care
CUST4223,7,468.7142857142857,3.4285714285714284,25.142857142857142,0,0,Swiggy Instamart,Dairy
CUST5434,7,584.4285714285714,3.142857142857143,31.285714285714285,0,1,Swiggy Instamart,Dairy
CUST3256,7,763.5714285714286,2.7142857142857144,27.142857142857142,0,1,JioMart,Dairy
CUST3051,7,580.5714285714286,3.2857142857142856,31.571428571428573,0,0,Blinkit,Fruits & Vegetables
CUST5484,7,428.14285714285717,3.2857142857142856,31.857142857142858,0,0,Swiggy Instamart,Snacks
CUST1809,7,436.14285714285717,3.2857142857142856,28.142857142857142,0,0,Blinkit,Grocery
CUST3259,7,355.85714285714283,3.0,35.285714285714285,0,0,Blinkit,Personal Care
CUST6807,7,714.1428571428571,2.857142857142857,33.857142857142854,0,1,JioMart,Dairy
CUST3439,7,640.4285714285714,3.142857142857143,29.285714285714285,0,0,JioMart,Grocery
CUST2277,7,687.7142857142857,3.2857142857142856,24.285714285714285,0,0,JioMart,Beverages
CUST1660,7,476.2857142857143,3.142857142857143,29.857142857142858,0,1,Blinkit,Dairy
CUST5984,7,687.7142857142857,2.7142857142857144,26.142857142857142,0,1,Blinkit,Beverages
CUST1357,7,556.0,3.0,33.142857142857146,0,1,Blinkit,Fruits & Vegetables
CUST5240,7,780.5714285714286,3.142857142857143,31.285714285714285,0,0,Swiggy Instamart,Dairy
CUST5016,7,244.71428571428572,3.4285714285714284,31.428571428571427,0,0,Blinkit,Dairy
CUST5455,7,292.85714285714283,2.4285714285714284,30.714285714285715,0,1,Swiggy Instamart,Dairy
CUST4939,7,421.2857142857143,4.0,26.857142857142858,0,0,Swiggy Instamart,Beverages
CUST1360,7,583.0,3.142857142857143,32.57142857142857,0,0,JioMart,Fruits & Vegetables
CUST4899,7,735.7142857142857,3.0,30.285714285714285,0,1,Blinkit,Fruits & Vegetables
CUST8579,7,909.2857142857143,2.857142857142857,30.857142857142858,0,1,Blinkit,Personal Care
CUST7433,7,529.5714285714286,3.5714285714285716,29.0,0,0,Blinkit,Dairy
CUST9391,7,513.7142857142857,3.0,30.285714285714285,0,1,JioMart,Dairy
CUST3418,7,721.5714285714286,2.857142857142857,22.714285714285715,0,0,JioMart,Snacks
CUST6333,7,622.1428571428571,3.5714285714285716,28.857142857142858,0,0,Blinkit,Personal Care
CUST4359,7,536.5714285714286,4.0,32.285714285714285,0,0,Blinkit,Grocery
CUST9858,7,447.7142857142857,3.7142857142857144,26.285714285714285,0,0,Blinkit,Beverages
CUST4958,7,628.2857142857143,4.142857142857143,33.57142857142857,0,0,JioMart,Fruits & Vegetables
CUST1274,7,469.57142857142856,3.0,30.714285714285715,0,1,JioMart,Fruits & Vegetables
CUST2664,7,319.7142857142857,3.0,31.428571428571427,0,1,Blinkit,Beverages
CUST4875,7,449.0,2.857142857142857,31.285714285714285,0,1,Blinkit,Dairy
CUST7634,7,606.0,2.4285714285714284,34.714285714285715,0,1,Swiggy Instamart,Dairy
CUST3946,7,610.0,3.7142857142857144,33.142857142857146,0,0,JioMart,Beverages
CUST4542,7,517.7142857142857,2.857142857142857,29.142857142857142,0,0,JioMart,Beverages
CUST4778,7,1043.5714285714287,3.857142857142857,29.857142857142858,0,0,Swiggy Instamart,Personal Care
CUST6774,7,565.4285714285714,3.0,29.0,0,1,Blinkit,Snacks
CUST7446,7,446.0,3.142857142857143,28.0,0,0,JioMart,Grocery
CUST1830,7,468.14285714285717,2.5714285714285716,29.142857142857142,0,1,JioMart,Snacks
CUST7905,7,341.14285714285717,3.5714285714285716,22.428571428571427,0,0,JioMart,Dairy
CUST2543,7,521.1428571428571,4.428571428571429,28.857142857142858,0,0,JioMart,Grocery
CUST9774,7,466.2857142857143,3.857142857142857,28.714285714285715,0,0,JioMart,Dairy
CUST2488,7,574.5714285714286,3.4285714285714284,27.428571428571427,0,0,Blinkit,Grocery
CUST9180,7,945.1428571428571,3.0,34.42857142857143,0,1,Blinkit,Personal Care
CUST8356,7,431.0,2.5714285714285716,32.57142857142857,0,1,JioMart,Dairy
CUST7198,7,619.7142857142857,3.7142857142857144,33.285714285714285,0,0,Swiggy Instamart,Fruits & Vegetables
CUST4686,7,635.8571428571429,2.857142857142857,28.714285714285715,0,1,JioMart,Personal Care
CUST5900,7,920.1428571428571,3.2857142857142856,27.857142857142858,0,0,Swiggy Instamart,Personal Care
CUST6479,7,437.7142857142857,3.2857142857142856,24.142857142857142,0,0,Blinkit,Beverages
CUST1442,7,905.7142857142857,3.4285714285714284,29.428571428571427,0,0,JioMart,Grocery
CUST5359,7,932.4285714285714,4.0,26.857142857142858,0,0,Blinkit,Dairy
CUST6605,7,453.7142857142857,4.142857142857143,30.0,0,0,Swiggy Instamart,Dairy
CUST5802,7,631.7142857142857,3.0,34.0,0,1,Swiggy Instamart,Dairy
CUST7454,7,728.8571428571429,2.857142857142857,34.142857142857146,0,1,Blinkit,Dairy
CUST7380,7,566.1428571428571,2.4285714285714284,32.57142857142857,0,1,Swiggy Instamart,Dairy
CUST3345,7,447.85714285714283,3.4285714285714284,34.57142857142857,0,0,Blinkit,Grocery
CUST7828,7,480.14285714285717,3.142857142857143,31.285714285714285,0,0,Blinkit,Dairy
CUST2095,7,684.0,2.0,28.142857142857142,0,1,Swiggy Instamart,Fruits & Vegetables
CUST4790,7,571.8571428571429,2.857142857142857,34.0,0,1,JioMart,Grocery
CUST1731,7,543.4285714285714,2.7142857142857144,28.714285714285715,0,1,JioMart,Grocery
CUST6846,7,805.2857142857143,3.0,26.857142857142858,0,1,Swiggy Instamart,Dairy
CUST7954,7,681.5714285714286,3.857142857142857,41.0,1,0,Blinkit,Grocery
CUST6892,7,813.5714285714286,2.7142857142857144,27.142857142857142,0,1,JioMart,Fruits & Vegetables
CUST1926,7,762.2857142857143,2.857142857142857,36.285714285714285,1,1,Blinkit,Personal Care
CUST2568,7,392.57142857142856,3.2857142857142856,29.142857142857142,0,1,Blinkit,Fruits & Vegetables
CUST5721,7,647.7142857142857,3.5714285714285716,31.142857142857142,0,0,Blinkit,Grocery
CUST2554,7,410.14285714285717,2.142857142857143,28.571428571428573,0,1,JioMart,Snacks
CUST6147,7,836.1428571428571,3.142857142857143,30.0,0,1,Swiggy Instamart,Personal Care
CUST2439,7,480.42857142857144,3.142857142857143,29.714285714285715,0,0,Swiggy Instamart,Dairy
CUST6043,7,938.7142857142857,3.5714285714285716,29.714285714285715,0,0,Blinkit,Beverages
CUST4036,7,730.0,3.4285714285714284,21.428571428571427,0,0,JioMart,Fruits & Vegetables
CUST2456,7,715.4285714285714,3.0,24.285714285714285,0,1,JioMart,Personal Care
CUST4864,7,611.0,4.142857142857143,29.0,0,0,Swiggy Instamart,Dairy
CUST4288,7,515.5714285714286,2.5714285714285716,27.428571428571427,0,1,JioMart,Dairy
CUST6730,7,536.2857142857143,3.4285714285714284,39.42857142857143,0,0,JioMart,Beverages
CUST1568,7,569.2857142857143,3.0,34.0,0,0,Swiggy Instamart,Dairy
CUST3422,7,561.8571428571429,2.7142857142857144,32.42857142857143,0,1,Swiggy Instamart,Snacks
CUST2283,7,727.0,3.2857142857142856,32.142857142857146,0,0,JioMart,Dairy
CUST3356,7,498.14285714285717,4.428571428571429,29.571428571428573,0,0,Blinkit,Grocery
CUST6433,7,658.2857142857143,3.5714285714285716,34.857142857142854,0,0,Blinkit,Beverages
CUST4045,7,587.7142857142857,2.142857142857143,29.0,0,1,Swiggy Instamart,Snacks
CUST3170,7,681.2857142857143,2.2857142857142856,27.142857142857142,0,1,JioMart,Beverages
CUST6768,7,636.4285714285714,3.0,30.571428571428573,0,0,JioMart,Fruits & Vegetables
CUST6891,7,683.5714285714286,4.142857142857143,35.142857142857146,0,0,JioMart,Grocery
CUST1068,7,487.7142857142857,3.142857142857143,20.0,0,1,Blinkit,Beverages
CUST1565,7,515.0,3.7142857142857144,29.428571428571427,0,0,JioMart,Dairy
CUST1056,7,698.1428571428571,4.571428571428571,30.285714285714285,0,0,Swiggy Instamart,Beverages
CUST5594,7,443.85714285714283,2.2857142857142856,32.142857142857146,0,1,Blinkit,Personal Care
CUST5511,7,770.8571428571429,3.142857142857143,26.857142857142858,0,1,JioMart,Personal Care
CUST6622,7,361.57142857142856,3.857142857142857,32.857142857142854,0,0,Blinkit,Snacks
CUST8290,7,784.7142857142857,3.2857142857142856,28.714285714285715,0,0,JioMart,Beverages
CUST4466,7,419.57142857142856,3.142857142857143,33.0,0,1,JioMart,Grocery
CUST3648,7,330.2857142857143,2.857142857142857,32.142857142857146,0,1,Blinkit,Fruits & Vegetables
CUST2704,7,517.0,3.2857142857142856,29.714285714285715,0,0,Blinkit,Dairy
CUST7376,7,621.7142857142857,3.4285714285714284,30.285714285714285,0,0,JioMart,Dairy
CUST6842,7,706.5714285714286,3.5714285714285716,27.857142857142858,0,0,Swiggy Instamart,Grocery
CUST3199,7,683.1428571428571,3.2857142857142856,31.285714285714285,0,0,JioMart,Grocery
CUST3032,7,523.2857142857143,3.5714285714285716,24.714285714285715,0,0,Blinkit,Fruits & Vegetables
CUST3809,7,642.4285714285714,3.4285714285714284,31.857142857142858,0,0,Swiggy Instamart,Dairy
CUST5548,7,727.8571428571429,3.142857142857143,25.285714285714285,0,0,JioMart,Grocery
CUST2126,7,571.4285714285714,3.0,20.428571428571427,0,1,Swiggy Instamart,Beverages
CUST8152,7,511.14285714285717,3.857142857142857,37.0,0,0,Blinkit,Grocery
CUST2933,7,680.0,2.7142857142857144,33.857142857142854,0,1,Swiggy Instamart,Fruits & Vegetables
CUST5782,7,867.8571428571429,3.5714285714285716,27.714285714285715,0,0,Blinkit,Dairy
CUST8958,7,500.42857142857144,3.142857142857143,30.428571428571427,0,0,JioMart,Dairy
CUST9421,7,515.4285714285714,3.2857142857142856,34.57142857142857,0,0,Swiggy Instamart,Grocery
CUST6734,7,544.4285714285714,2.2857142857142856,26.142857142857142,0,1,Swiggy Instamart,Beverages
CUST7300,7,558.7142857142857,3.0,30.571428571428573,0,0,Blinkit,Beverages
CUST5076,7,684.5714285714286,2.857142857142857,31.142857142857142,0,1,Blinkit,Dairy
CUST8821,7,758.1428571428571,3.4285714285714284,29.571428571428573,0,0,Swiggy Instamart,Dairy
CUST4430,7,334.2857142857143,3.7142857142857144,35.0,0,0,Swiggy Instamart,Grocery
CUST5481,7,698.2857142857143,3.857142857142857,37.42857142857143,0,0,Blinkit,Grocery
CUST5577,7,746.8571428571429,3.7142857142857144,28.428571428571427,0,0,Swiggy Instamart,Fruits & Vegetables
CUST9024,7,591.0,4.285714285714286,29.571428571428573,0,0,JioMart,Grocery
CUST8402,7,992.8571428571429,3.857142857142857,29.285714285714285,0,0,Swiggy Instamart,Personal Care
CUST6442,7,635.7142857142857,3.142857142857143,28.571428571428573,0,0,Blinkit,Fruits & Vegetables
CUST6728,7,515.4285714285714,3.7142857142857144,25.0,0,0,JioMart,Beverages
CUST5996,7,495.2857142857143,2.7142857142857144,28.285714285714285,0,1,JioMart,Beverages
CUST7011,7,560.7142857142857,2.857142857142857,28.428571428571427,0,1,Swiggy Instamart,Grocery
CUST8302,7,329.57142857142856,2.857142857142857,30.428571428571427,0,0,JioMart,Beverages
CUST2130,7,368.7142857142857,4.142857142857143,30.0,0,0,JioMart,Fruits & Vegetables
CUST3027,7,430.2857142857143,2.7142857142857144,29.0,0,1,JioMart,Snacks
CUST3247,7,617.1428571428571,3.0,22.571428571428573,0,1,Blinkit,Beverages
CUST9966,7,408.14285714285717,2.7142857142857144,25.0,0,1,Blinkit,Fruits & Vegetables
CUST5330,7,873.2857142857143,4.285714285714286,30.0,0,0,Blinkit,Fruits & Vegetables
CUST2751,7,633.8571428571429,4.285714285714286,29.857142857142858,0,0,Blinkit,Snacks
CUST1945,7,1014.5714285714286,3.2857142857142856,35.42857142857143,1,0,Swiggy Instamart,Fruits & Vegetables
CUST5784,7,802.1428571428571,3.0,28.428571428571427,0,0,Blinkit,Personal Care
CUST2150,7,708.7142857142857,3.2857142857142856,27.142857142857142,0,0,Blinkit,Beverages
CUST1452,7,585.1428571428571,4.285714285714286,27.285714285714285,0,0,JioMart,Beverages
CUST5709,7,709.8571428571429,2.857142857142857,30.0,0,1,Blinkit,Beverages
CUST1935,7,436.7142857142857,3.7142857142857144,30.285714285714285,0,0,JioMart,Beverages
CUST3279,7,437.42857142857144,2.4285714285714284,27.142857142857142,0,1,Blinkit,Fruits & Vegetables
CUST9393,7,468.57142857142856,3.7142857142857144,21.857142857142858,0,0,JioMart,Beverages
CUST5234,7,487.2857142857143,3.142857142857143,29.714285714285715,0,1,JioMart,Beverages
CUST5063,7,748.7142857142857,4.142857142857143,28.428571428571427,0,0,JioMart,Grocery
CUST2562,7,698.8571428571429,2.7142857142857144,32.857142857142854,0,1,Blinkit,Personal Care
CUST1190,7,561.7142857142857,3.5714285714285716,27.571428571428573,0,0,Blinkit,Grocery
CUST4306,7,437.57142857142856,3.0,27.714285714285715,0,1,Blinkit,Beverages
CUST3161,7,433.57142857142856,3.5714285714285716,27.714285714285715,0,0,JioMart,Fruits & Vegetables
CUST7608,7,890.5714285714286,3.5714285714285716,25.142857142857142,0,0,Swiggy Instamart,Personal Care
CUST1180,7,760.8571428571429,2.0,29.285714285714285,0,1,JioMart,Personal Care
CUST5848,7,578.4285714285714,3.2857142857142856,22.857142857142858,0,0,Blinkit,Dairy
CUST8752,7,514.8571428571429,3.0,36.0,0,0,JioMart,Dairy
CUST7264,7,310.0,3.142857142857143,35.714285714285715,0,1,Blinkit,Grocery
CUST7700,7,567.5714285714286,4.428571428571429,31.857142857142858,0,0,JioMart,Beverages
CUST3575,7,496.7142857142857,4.0,28.285714285714285,0,0,Blinkit,Dairy
CUST4123,7,504.14285714285717,3.142857142857143,25.428571428571427,0,1,Blinkit,Dairy
CUST9445,7,953.4285714285714,4.0,24.857142857142858,0,0,Blinkit,Personal Care
CUST2839,7,861.7142857142857,3.0,29.857142857142858,0,0,Blinkit,Personal Care
CUST1163,7,644.7142857142857,3.142857142857143,29.428571428571427,0,1,Swiggy Instamart,Grocery
CUST6079,7,473.7142857142857,3.142857142857143,33.142857142857146,0,1,Blinkit,Snacks
CUST4099,7,393.57142857142856,3.142857142857143,36.285714285714285,0,1,Blinkit,Snacks
CUST9435,7,687.4285714285714,2.2857142857142856,34.57142857142857,0,1,Swiggy Instamart,Snacks
CUST8574,7,333.0,2.5714285714285716,30.142857142857142,0,1,Blinkit,Snacks
CUST1092,7,435.0,3.4285714285714284,26.142857142857142,0,0,JioMart,Dairy
CUST8521,7,276.7142857142857,3.857142857142857,29.285714285714285,0,0,JioMart,Beverages
CUST8751,7,752.1428571428571,3.4285714285714284,35.142857142857146,0,0,JioMart,Personal Care
CUST8087,7,440.0,3.7142857142857144,36.142857142857146,0,0,JioMart,Beverages
CUST5160,7,666.7142857142857,3.142857142857143,23.857142857142858,0,1,JioMart,Beverages
CUST1789,7,395.57142857142856,2.857142857142857,33.57142857142857,0,1,Swiggy Instamart,Snacks
CUST3499,7,926.5714285714286,3.0,30.428571428571427,0,1,JioMart,Beverages
CUST3062,7,883.0,3.142857142857143,28.857142857142858,0,0,Blinkit,Dairy
CUST2988,7,564.7142857142857,3.857142857142857,33.714285714285715,0,0,Blinkit,Beverages
CUST3881,7,889.5714285714286,3.4285714285714284,33.857142857142854,0,0,JioMart,Personal Care
CUST3884,7,835.5714285714286,3.7142857142857144,20.285714285714285,0,0,Blinkit,Beverages
CUST3596,7,389.2857142857143,3.5714285714285716,25.428571428571427,0,0,Blinkit,Dairy
CUST1592,7,730.5714285714286,2.142857142857143,29.142857142857142,0,1,Blinkit,Grocery
CUST5856,7,799.1428571428571,3.5714285714285716,27.285714285714285,0,0,Swiggy Instamart,Personal Care
CUST8301,7,580.4285714285714,3.0,28.0,0,0,Swiggy Instamart,Fruits & Vegetables
CUST6668,7,435.42857142857144,3.4285714285714284,27.428571428571427,0,0,Swiggy Instamart,Beverages
CUST2181,7,557.2857142857143,4.0,34.285714285714285,0,0,Blinkit,Dairy
CUST3510,7,643.4285714285714,4.0,32.0,0,0,Blinkit,Fruits & Vegetables
CUST5228,7,298.57142857142856,2.7142857142857144,30.857142857142858,0,1,Swiggy Instamart,Beverages
CUST7814,7,586.8571428571429,3.857142857142857,28.142857142857142,0,0,JioMart,Fruits & Vegetables
CUST9194,7,564.1428571428571,3.5714285714285716,31.714285714285715,0,0,JioMart,Beverages
CUST4124,7,692.7142857142857,4.0,28.571428571428573,0,0,Swiggy Instamart,Beverages
CUST5132,7,313.0,1.8571428571428572,33.857142857142854,0,1,Blinkit,Beverages
CUST9976,7,912.1428571428571,3.4285714285714284,27.571428571428573,0,0,JioMart,Dairy
CUST9345,7,763.5714285714286,3.4285714285714284,29.428571428571427,0,0,JioMart,Personal Care
CUST4819,7,420.85714285714283,2.7142857142857144,32.142857142857146,0,1,JioMart,Beverages
CUST6863,7,527.4285714285714,4.142857142857143,32.285714285714285,0,0,Swiggy Instamart,Beverages
CUST4363,7,858.1428571428571,3.857142857142857,32.57142857142857,0,0,Swiggy Instamart,Grocery
CUST9840,7,817.1428571428571,3.4285714285714284,25.714285714285715,0,0,Swiggy Instamart,Dairy
CUST8861,7,714.4285714285714,3.7142857142857144,19.857142857142858,0,0,JioMart,Grocery
CUST5027,7,457.14285714285717,4.428571428571429,26.285714285714285,0,0,JioMart,Fruits & Vegetables
CUST9206,7,724.5714285714286,3.4285714285714284,26.142857142857142,0,0,JioMart,Personal Care
CUST4745,7,495.42857142857144,2.2857142857142856,30.285714285714285,0,1,JioMart,Personal Care
CUST2252,7,368.42857142857144,2.2857142857142856,31.428571428571427,0,1,JioMart,Fruits & Vegetables
CUST2189,7,502.0,2.142857142857143,32.57142857142857,0,1,Swiggy Instamart,Personal Care
CUST1389,7,664.4285714285714,3.2857142857142856,31.428571428571427,0,0,Swiggy Instamart,Beverages
CUST7915,7,752.5714285714286,3.857142857142857,23.857142857142858,0,0,Swiggy Instamart,Personal Care
CUST6288,7,684.8571428571429,3.7142857142857144,32.142857142857146,0,0,Swiggy Instamart,Personal Care
CUST9197,7,423.42857142857144,3.5714285714285716,22.428571428571427,0,0,Swiggy Instamart,Beverages
CUST4623,7,671.0,3.5714285714285716,24.714285714285715,0,0,JioMart,Fruits & Vegetables
CUST3694,7,917.0,2.857142857142857,31.714285714285715,0,1,Blinkit,Personal Care
CUST4188,7,579.7142857142857,2.7142857142857144,31.0,0,1,JioMart,Fruits & Vegetables
CUST1791,7,881.2857142857143,3.142857142857143,29.857142857142858,0,0,JioMart,Dairy
CUST1063,7,547.2857142857143,3.7142857142857144,31.0,0,0,JioMart,Personal Care
CUST1133,7,599.4285714285714,4.285714285714286,24.714285714285715,0,0,JioMart,Grocery
CUST3245,7,413.14285714285717,2.2857142857142856,33.142857142857146,0,1,Blinkit,Snacks
CUST6040,7,372.42857142857144,3.4285714285714284,27.285714285714285,0,0,JioMart,Snacks
CUST5353,7,555.4285714285714,2.5714285714285716,27.285714285714285,0,1,Swiggy Instamart,Dairy
CUST7416,7,429.57142857142856,2.5714285714285716,30.142857142857142,0,1,JioMart,Dairy
CUST5257,7,448.85714285714283,3.142857142857143,33.42857142857143,0,1,Blinkit,Fruits & Vegetables
CUST7279,7,374.57142857142856,3.142857142857143,32.57142857142857,0,1,Swiggy Instamart,Beverages
CUST5121,7,418.7142857142857,3.142857142857143,30.285714285714285,0,0,Swiggy Instamart,Fruits & Vegetables
CUST2798,7,638.7142857142857,4.285714285714286,30.571428571428573,0,0,Blinkit,Fruits & Vegetables
CUST9213,7,507.7142857142857,3.2857142857142856,27.142857142857142,0,0,JioMart,Snacks
CUST6667,7,935.7142857142857,2.857142857142857,28.142857142857142,0,1,Swiggy Instamart,Beverages
CUST8880,7,735.4285714285714,3.5714285714285716,22.571428571428573,0,0,Swiggy Instamart,Beverages
CUST7942,7,382.57142857142856,3.0,31.428571428571427,0,0,Blinkit,Dairy
CUST2469,7,587.4285714285714,3.0,27.857142857142858,0,1,JioMart,Beverages
CUST3599,7,711.7142857142857,3.857142857142857,27.0,0,0,Swiggy Instamart,Personal Care
CUST9163,7,632.4285714285714,4.285714285714286,24.0,0,0,Swiggy Instamart,Beverages
CUST4219,7,394.14285714285717,4.142857142857143,30.285714285714285,0,0,JioMart,Snacks
CUST9706,7,563.8571428571429,2.0,33.0,0,1,JioMart,Dairy
CUST4315,7,396.42857142857144,3.5714285714285716,27.285714285714285,0,0,Swiggy Instamart,Dairy
CUST7695,7,508.0,2.7142857142857144,32.857142857142854,0,1,Blinkit,Dairy
CUST8689,7,405.7142857142857,3.4285714285714284,25.285714285714285,0,0,Blinkit,Fruits & Vegetables
CUST8891,7,640.2857142857143,3.2857142857142856,38.285714285714285,1,0,JioMart,Dairy
CUST8723,7,580.8571428571429,2.7142857142857144,32.42857142857143,0,1,Swiggy Instamart,Beverages
CUST1147,7,383.2857142857143,3.857142857142857,31.714285714285715,0,0,JioMart,Beverages
CUST6590,7,725.7142857142857,3.7142857142857144,28.571428571428573,0,0,JioMart,Grocery
CUST9728,7,479.85714285714283,2.5714285714285716,34.857142857142854,0,1,Swiggy Instamart,Fruits & Vegetables
CUST2039,7,715.0,3.5714285714285716,32.857142857142854,0,0,Blinkit,Dairy
CUST3117,7,594.0,2.7142857142857144,26.0,0,0,Blinkit,Fruits & Vegetables
CUST9333,7,691.8571428571429,2.4285714285714284,30.142857142857142,0,1,Swiggy Instamart,Fruits & Vegetables
CUST7050,7,457.7142857142857,3.5714285714285716,27.857142857142858,0,0,Blinkit,Snacks
CUST7910,7,394.14285714285717,3.0,34.57142857142857,0,0,Swiggy Instamart,Fruits & Vegetables
CUST4978,7,673.7142857142857,3.142857142857143,29.142857142857142,0,1,Blinkit,Dairy
CUST3507,7,647.4285714285714,4.428571428571429,32.42857142857143,0,0,JioMart,Beverages
CUST9488,7,654.5714285714286,3.7142857142857144,30.285714285714285,0,0,Swiggy Instamart,Dairy
CUST3762,7,712.4285714285714,3.142857142857143,29.0,0,1,Blinkit,Personal Care
CUST8028,7,433.57142857142856,3.7142857142857144,19.714285714285715,0,0,Blinkit,Fruits & Vegetables
CUST5756,7,552.0,2.142857142857143,29.857142857142858,0,1,Blinkit,Beverages
CUST7727,7,384.42857142857144,2.857142857142857,28.428571428571427,0,1,Swiggy Instamart,Grocery
CUST5514,7,659.2857142857143,2.0,29.0,0,1,Swiggy Instamart,Grocery
CUST5281,7,491.7142857142857,3.857142857142857,27.285714285714285,0,0,Swiggy Instamart,Beverages
CUST6175,7,566.8571428571429,3.0,29.714285714285715,0,1,JioMart,Snacks
CUST5964,7,485.14285714285717,2.7142857142857144,33.142857142857146,0,1,Blinkit,Dairy
CUST6602,7,415.42857142857144,2.857142857142857,30.428571428571427,0,1,Blinkit,Grocery
CUST8532,7,523.4285714285714,3.0,33.57142857142857,0,1,JioMart,Personal Care
CUST4307,7,875.7142857142857,3.2857142857142856,25.571428571428573,0,0,Blinkit,Beverages
CUST6102,7,383.7142857142857,2.7142857142857144,27.285714285714285,0,1,Swiggy Instamart,Dairy
CUST7605,7,529.4285714285714,2.142857142857143,26.571428571428573,0,1,Swiggy Instamart,Fruits & Vegetables
CUST8352,7,403.57142857142856,4.0,31.0,0,0,Swiggy Instamart,Fruits & Vegetables
CUST7106,7,459.57142857142856,3.0,28.0,0,0,JioMart,Dairy
CUST8339,7,474.14285714285717,2.2857142857142856,30.428571428571427,0,1,Blinkit,Beverages
CUST3102,7,642.8571428571429,3.2857142857142856,26.571428571428573,0,0,Blinkit,Fruits & Vegetables
CUST1516,7,520.0,4.142857142857143,33.285714285714285,0,0,Blinkit,Beverages
CUST5962,7,733.0,3.857142857142857,32.142857142857146,0,0,JioMart,Dairy
CUST4767,7,671.2857142857143,2.5714285714285716,27.714285714285715,0,1,JioMart,Fruits & Vegetables
CUST6627,7,690.8571428571429,3.4285714285714284,30.285714285714285,0,0,Swiggy Instamart,Personal Care
CUST7902,7,492.2857142857143,2.142857142857143,29.571428571428573,0,1,JioMart,Beverages
CUST4880,7,637.4285714285714,3.142857142857143,27.285714285714285,0,0,Blinkit,Beverages
CUST7104,7,639.2857142857143,2.142857142857143,29.857142857142858,0,1,Swiggy Instamart,Personal Care
CUST8342,7,602.7142857142857,3.4285714285714284,31.285714285714285,0,0,Swiggy Instamart,Dairy
CUST9464,7,702.1428571428571,3.0,27.714285714285715,0,0,Blinkit,Grocery
CUST7155,7,508.14285714285717,3.142857142857143,28.0,0,1,Swiggy Instamart,Beverages
CUST1340,7,492.85714285714283,2.857142857142857,29.714285714285715,0,1,Swiggy Instamart,Fruits & Vegetables
CUST4599,7,690.7142857142857,3.5714285714285716,29.142857142857142,0,0,JioMart,Beverages
CUST1523,7,545.5714285714286,3.4285714285714284,29.428571428571427,0,0,JioMart,Beverages
CUST8288,7,1152.7142857142858,3.5714285714285716,35.714285714285715,0,0,JioMart,Grocery
CUST8325,7,459.42857142857144,4.428571428571429,32.285714285714285,0,0,Swiggy Instamart,Fruits & Vegetables
CUST2844,7,545.0,3.142857142857143,22.142857142857142,0,0,JioMart,Fruits & Vegetables
CUST8322,7,723.7142857142857,1.8571428571428572,24.857142857142858,0,1,Blinkit,Snacks
CUST4259,7,514.1428571428571,3.142857142857143,27.857142857142858,0,1,Blinkit,Fruits & Vegetables
CUST3685,7,891.1428571428571,3.0,31.428571428571427,0,1,Swiggy Instamart,Beverages
CUST3805,7,543.8571428571429,3.857142857142857,31.571428571428573,0,0,JioMart,Dairy
CUST1236,7,771.7142857142857,3.2857142857142856,31.571428571428573,0,0,JioMart,Grocery
CUST6936,7,410.14285714285717,2.5714285714285716,28.285714285714285,0,1,Blinkit,Snacks
CUST7137,7,721.5714285714286,3.7142857142857144,33.57142857142857,0,0,Blinkit,Fruits & Vegetables
CUST3073,7,570.0,3.142857142857143,28.428571428571427,0,0,Swiggy Instamart,Grocery
CUST5952,7,498.42857142857144,3.2857142857142856,30.428571428571427,0,0,JioMart,Dairy
CUST1909,7,419.85714285714283,2.0,26.0,0,1,Swiggy Instamart,Fruits & Vegetables
CUST4274,7,526.4285714285714,3.5714285714285716,37.714285714285715,0,0,JioMart,Fruits & Vegetables
CUST4975,7,538.2857142857143,3.2857142857142856,34.0,0,0,JioMart,Fruits & Vegetables
CUST5150,7,715.7142857142857,3.5714285714285716,35.142857142857146,0,0,Swiggy Instamart,Grocery
CUST3220,7,515.0,3.857142857142857,27.0,0,0,Blinkit,Dairy
CUST3782,7,658.7142857142857,2.7142857142857144,26.0,0,1,Swiggy Instamart,Dairy
CUST4935,7,629.0,2.857142857142857,28.857142857142858,0,1,Swiggy Instamart,Fruits & Vegetables
CUST9507,7,494.14285714285717,2.2857142857142856,36.57142857142857,0,1,Blinkit,Fruits & Vegetables
CUST4739,7,925.5714285714286,3.4285714285714284,33.285714285714285,0,0,Blinkit,Personal Care
CUST9373,7,840.8571428571429,3.5714285714285716,37.142857142857146,0,0,JioMart,Personal Care
CUST5973,7,661.5714285714286,2.2857142857142856,27.714285714285715,0,1,Swiggy Instamart,Beverages
CUST9960,7,972.7142857142857,3.4285714285714284,25.714285714285715,0,0,Blinkit,Grocery
CUST8827,7,421.85714285714283,4.142857142857143,32.57142857142857,0,0,JioMart,Fruits & Vegetables
CUST8163,7,620.8571428571429,2.5714285714285716,28.857142857142858,0,1,JioMart,Beverages
CUST3075,7,487.85714285714283,3.4285714285714284,25.285714285714285,0,0,Swiggy Instamart,Beverages
CUST6300,7,570.7142857142857,3.4285714285714284,28.714285714285715,0,0,Swiggy Instamart,Dairy
CUST3151,7,503.7142857142857,3.4285714285714284,31.714285714285715,0,0,JioMart,Dairy
CUST5219,7,379.0,3.142857142857143,25.0,0,1,JioMart,Fruits & Vegetables
CUST7594,7,914.7142857142857,3.142857142857143,31.428571428571427,0,0,JioMart,Grocery
CUST2317,7,356.14285714285717,4.714285714285714,34.57142857142857,0,0,Blinkit,Dairy
CUST4121,7,686.2857142857143,2.4285714285714284,33.857142857142854,0,1,Blinkit,Beverages
CUST2459,7,532.4285714285714,3.5714285714285716,38.857142857142854,0,0,JioMart,Personal Care
CUST7935,7,846.4285714285714,3.0,31.142857142857142,0,1,Blinkit,Beverages
CUST7283,7,465.85714285714283,3.2857142857142856,27.428571428571427,0,0,Swiggy Instamart,Beverages
CUST1726,7,682.5714285714286,3.5714285714285716,32.142857142857146,0,0,Blinkit,Dairy
CUST8204,7,837.8571428571429,2.5714285714285716,28.714285714285715,0,1,Blinkit,Personal Care
CUST3447,7,550.1428571428571,3.142857142857143,31.428571428571427,0,1,Swiggy Instamart,Beverages
CUST5828,7,440.57142857142856,3.857142857142857,27.857142857142858,0,0,Swiggy Instamart,Dairy
CUST6965,7,647.2857142857143,3.857142857142857,29.571428571428573,0,0,Swiggy Instamart,Personal Care
CUST2128,7,637.2857142857143,2.857142857142857,29.142857142857142,0,1,Blinkit,Personal Care
CUST1521,7,444.85714285714283,3.0,28.714285714285715,0,0,JioMart,Beverages
CUST6540,7,847.0,2.4285714285714284,34.42857142857143,0,1,Blinkit,Beverages
CUST2112,7,737.0,3.857142857142857,29.571428571428573,0,0,Blinkit,Grocery
CUST3030,7,409.7142857142857,3.2857142857142856,30.0,0,0,Swiggy Instamart,Fruits & Vegetables
CUST3642,7,557.8571428571429,2.4285714285714284,34.857142857142854,0,1,Swiggy Instamart,Beverages
CUST6265,7,556.0,2.857142857142857,31.0,0,0,Blinkit,Grocery
CUST9511,7,585.4285714285714,3.857142857142857,28.714285714285715,0,0,Swiggy Instamart,Dairy
CUST4537,7,606.0,3.0,23.142857142857142,0,0,Blinkit,Fruits & Vegetables
CUST8072,7,849.1428571428571,2.857142857142857,32.714285714285715,0,1,JioMart,Fruits & Vegetables
CUST1673,7,555.1428571428571,3.7142857142857144,37.57142857142857,0,0,JioMart,Personal Care
CUST2186,7,641.4285714285714,2.7142857142857144,21.857142857142858,0,1,JioMart,Fruits & Vegetables
CUST8534,7,747.0,3.4285714285714284,25.571428571428573,0,0,Blinkit,Grocery
CUST7894,7,646.5714285714286,3.142857142857143,26.571428571428573,0,0,Swiggy Instamart,Personal Care
CUST9998,7,581.7142857142857,3.5714285714285716,24.571428571428573,0,0,JioMart,Personal Care
CUST2858,7,472.14285714285717,4.428571428571429,23.285714285714285,0,0,Blinkit,Dairy
CUST2242,7,478.85714285714283,3.5714285714285716,24.0,0,0,Blinkit,Grocery
CUST4926,7,608.7142857142857,3.7142857142857144,30.571428571428573,0,0,Swiggy Instamart,Grocery
CUST7182,7,450.7142857142857,4.142857142857143,33.0,0,0,Blinkit,Dairy
CUST6357,7,545.4285714285714,3.142857142857143,33.285714285714285,0,0,Blinkit,Dairy
CUST7529,7,508.57142857142856,3.2857142857142856,25.714285714285715,0,0,Blinkit,Personal Care
CUST7540,7,574.7142857142857,3.142857142857143,31.428571428571427,0,0,JioMart,Grocery
CUST9269,7,584.1428571428571,2.7142857142857144,31.571428571428573,0,0,Blinkit,Dairy
CUST7356,7,590.8571428571429,3.4285714285714284,27.428571428571427,0,0,JioMart,Beverages
CUST1261,7,476.2857142857143,3.0,31.714285714285715,0,0,Swiggy Instamart,Beverages
CUST3210,7,391.0,4.0,27.428571428571427,0,0,Blinkit,Fruits & Vegetables
CUST1003,7,596.7142857142857,2.7142857142857144,30.285714285714285,0,1,Swiggy Instamart,Beverages
CUST5162,7,587.1428571428571,3.4285714285714284,32.142857142857146,0,0,Swiggy Instamart,Beverages
CUST7180,7,748.2857142857143,2.2857142857142856,34.285714285714285,0,1,Blinkit,Beverages
CUST6516,7,587.7142857142857,2.857142857142857,25.714285714285715,0,1,Blinkit,Dairy
CUST6879,7,654.2857142857143,3.2857142857142856,33.57142857142857,0,0,Blinkit,Dairy
CUST5882,7,554.8571428571429,3.142857142857143,27.0,0,1,Swiggy Instamart,Dairy
CUST3003,7,600.0,3.5714285714285716,24.857142857142858,0,0,JioMart,Personal Care
CUST1251,7,393.2857142857143,2.142857142857143,29.428571428571427,0,1,JioMart,Fruits & Vegetables
CUST9018,7,830.8571428571429,4.0,24.428571428571427,0,0,Swiggy Instamart,Dairy
CUST4488,7,409.2857142857143,1.8571428571428572,29.142857142857142,0,1,JioMart,Snacks
CUST8143,7,374.42857142857144,2.0,25.0,0,1,Swiggy Instamart,Snacks
CUST2055,7,469.2857142857143,3.2857142857142856,28.142857142857142,0,1,Blinkit,Snacks
CUST7964,7,547.8571428571429,2.0,34.285714285714285,0,1,Blinkit,Beverages
CUST4862,7,844.2857142857143,2.5714285714285716,31.142857142857142,0,1,JioMart,Beverages
CUST1436,7,625.1428571428571,3.142857142857143,24.428571428571427,0,1,Blinkit,Grocery
CUST6201,7,714.2857142857143,3.2857142857142856,32.285714285714285,0,0,JioMart,Dairy
CUST5030,7,470.57142857142856,3.4285714285714284,24.857142857142858,0,0,Swiggy Instamart,Grocery
CUST6984,7,489.57142857142856,3.7142857142857144,31.285714285714285,0,0,Swiggy Instamart,Dairy
CUST9631,7,420.0,3.4285714285714284,29.0,0,0,Swiggy Instamart,Beverages
CUST5993,7,515.8571428571429,3.0,29.285714285714285,0,1,Blinkit,Beverages
CUST1865,7,635.8571428571429,3.4285714285714284,26.571428571428573,0,0,JioMart,Beverages
CUST4237,7,868.5714285714286,3.7142857142857144,31.857142857142858,0,0,Blinkit,Fruits & Vegetables
CUST3025,7,839.1428571428571,3.0,33.142857142857146,0,1,JioMart,Grocery
CUST5804,7,667.8571428571429,3.142857142857143,29.0,0,0,JioMart,Fruits & Vegetables
CUST7285,7,314.0,3.5714285714285716,27.428571428571427,0,0,Swiggy Instamart,Snacks
CUST5858,7,357.42857142857144,3.7142857142857144,31.285714285714285,0,0,JioMart,Snacks
CUST3630,7,549.5714285714286,4.142857142857143,34.0,0,0,Swiggy Instamart,Grocery
CUST6386,7,461.42857142857144,3.2857142857142856,27.285714285714285,0,0,Blinkit,Beverages
CUST8547,7,561.7142857142857,2.5714285714285716,25.714285714285715,0,1,Blinkit,Dairy
CUST5535,7,700.8571428571429,3.857142857142857,22.571428571428573,0,0,Blinkit,Dairy
CUST8748,7,653.0,3.2857142857142856,26.428571428571427,0,0,JioMart,Personal Care
CUST9138,7,689.7142857142857,4.0,24.428571428571427,0,0,JioMart,Fruits & Vegetables
CUST1803,7,614.2857142857143,2.857142857142857,26.857142857142858,0,1,Swiggy Instamart,Personal Care
CUST1098,7,439.85714285714283,3.7142857142857144,24.142857142857142,0,0,Swiggy Instamart,Dairy
CUST8201,7,315.57142857142856,3.7142857142857144,21.571428571428573,0,0,JioMart,Dairy
CUST1694,7,513.8571428571429,3.142857142857143,33.714285714285715,0,1,Blinkit,Grocery
CUST6208,7,625.0,2.7142857142857144,28.714285714285715,0,1,Blinkit,Fruits & Vegetables
CUST2777,7,679.2857142857143,3.2857142857142856,29.571428571428573,0,0,Swiggy Instamart,Dairy
CUST1429,7,564.4285714285714,4.0,27.714285714285715,0,0,Swiggy Instamart,Snacks
CUST4786,7,885.5714285714286,3.7142857142857144,33.857142857142854,0,0,Swiggy Instamart,Fruits & Vegetables
CUST2026,7,693.1428571428571,4.285714285714286,32.42857142857143,0,0,Swiggy Instamart,Fruits & Vegetables
CUST9916,7,687.1428571428571,2.857142857142857,23.142857142857142,0,1,Blinkit,Beverages
CUST3731,7,906.4285714285714,3.4285714285714284,29.428571428571427,0,0,Swiggy Instamart,Personal Care
CUST3028,7,311.14285714285717,3.0,31.285714285714285,0,1,JioMart,Fruits & Vegetables
CUST5171,7,558.4285714285714,3.4285714285714284,32.57142857142857,0,0,JioMart,Grocery
CUST3779,7,719.2857142857143,2.5714285714285716,36.42857142857143,0,1,Swiggy Instamart,Personal Care
CUST9152,7,593.7142857142857,3.2857142857142856,26.428571428571427,0,0,JioMart,Beverages
CUST2906,7,456.42857142857144,3.4285714285714284,26.428571428571427,0,0,Blinkit,Beverages
CUST7996,7,540.4285714285714,1.8571428571428572,25.714285714285715,0,1,Swiggy Instamart,Beverages
CUST1582,7,582.5714285714286,3.142857142857143,35.42857142857143,0,0,Blinkit,Beverages
CUST3538,7,558.5714285714286,3.2857142857142856,25.714285714285715,0,0,JioMart,Fruits & Vegetables
CUST5332,7,510.7142857142857,2.7142857142857144,30.571428571428573,0,1,JioMart,Beverages
CUST4696,7,765.7142857142857,2.857142857142857,33.57142857142857,0,0,Swiggy Instamart,Fruits & Vegetables
CUST7689,7,810.1428571428571,3.142857142857143,29.142857142857142,0,0,JioMart,Dairy
CUST6374,7,800.8571428571429,2.2857142857142856,25.857142857142858,0,1,Blinkit,Beverages
CUST2490,7,610.2857142857143,3.4285714285714284,30.428571428571427,0,0,JioMart,Grocery
CUST5690,7,409.14285714285717,2.857142857142857,31.857142857142858,0,0,JioMart,Snacks
CUST8593,7,474.2857142857143,3.142857142857143,32.857142857142854,0,1,JioMart,Beverages
CUST1287,7,662.4285714285714,3.2857142857142856,25.714285714285715,0,0,Blinkit,Grocery
CUST2959,7,444.14285714285717,2.7142857142857144,28.714285714285715,0,1,Swiggy Instamart,Dairy
CUST9717,7,760.8571428571429,3.2857142857142856,25.0,0,1,Blinkit,Grocery
CUST9628,7,292.7142857142857,4.0,28.285714285714285,0,0,Blinkit,Fruits & Vegetables
CUST1141,7,619.7142857142857,3.857142857142857,28.714285714285715,0,0,Swiggy Instamart,Grocery
CUST6962,7,422.14285714285717,3.2857142857142856,30.428571428571427,0,0,JioMart,Snacks
CUST1641,7,760.8571428571429,3.2857142857142856,28.857142857142858,0,0,Swiggy Instamart,Beverages
CUST9266,7,580.7142857142857,2.2857142857142856,30.428571428571427,0,1,JioMart,Grocery
CUST2381,7,467.57142857142856,4.0,24.857142857142858,0,0,Blinkit,Fruits & Vegetables
CUST2957,7,695.8571428571429,3.142857142857143,36.42857142857143,0,0,Blinkit,Beverages
CUST4286,7,280.85714285714283,3.142857142857143,22.714285714285715,0,0,JioMart,Fruits & Vegetables
CUST5268,7,497.7142857142857,2.142857142857143,22.571428571428573,0,1,JioMart,Dairy
CUST4990,7,488.0,3.2857142857142856,31.571428571428573,0,0,JioMart,Snacks
CUST9629,7,805.8571428571429,3.4285714285714284,31.285714285714285,0,0,JioMart,Personal Care
CUST5838,7,494.7142857142857,2.142857142857143,23.857142857142858,0,1,Swiggy Instamart,Fruits & Vegetables
CUST7093,7,524.4285714285714,3.0,30.714285714285715,0,0,Swiggy Instamart,Dairy
CUST9385,7,424.0,3.142857142857143,31.571428571428573,0,0,Swiggy Instamart,Dairy
CUST2619,7,601.5714285714286,2.7142857142857144,23.0,0,1,Swiggy Instamart,Personal Care
CUST8929,7,388.14285714285717,2.5714285714285716,33.714285714285715,0,1,Swiggy Instamart,Fruits & Vegetables
CUST6186,7,723.5714285714286,3.0,26.285714285714285,0,1,JioMart,Fruits & Vegetables
CUST8326,7,622.0,2.7142857142857144,32.714285714285715,0,1,JioMart,Beverages
CUST2410,7,938.8571428571429,2.142857142857143,36.285714285714285,0,1,Swiggy Instamart,Personal Care
CUST6739,7,509.2857142857143,3.2857142857142856,34.142857142857146,0,0,JioMart,Dairy
CUST6320,7,424.7142857142857,3.0,26.571428571428573,0,1,JioMart,Dairy
CUST5724,7,417.7142857142857,3.142857142857143,30.428571428571427,0,0,Blinkit,Fruits & Vegetables
CUST7400,7,635.5714285714286,2.857142857142857,34.57142857142857,0,0,Swiggy Instamart,Grocery
CUST1563,7,477.85714285714283,2.142857142857143,33.57142857142857,0,1,JioMart,Beverages
CUST1258,7,326.85714285714283,3.2857142857142856,30.428571428571427,0,0,Swiggy Instamart,Dairy
CUST8524,7,466.85714285714283,3.2857142857142856,31.0,0,0,Swiggy Instamart,Personal Care
CUST8819,7,747.4285714285714,4.0,27.571428571428573,0,0,Blinkit,Dairy
CUST5062,7,580.2857142857143,3.857142857142857,33.142857142857146,0,0,Blinkit,Snacks
CUST2326,7,423.7142857142857,3.2857142857142856,34.285714285714285,0,0,JioMart,Fruits & Vegetables
CUST4629,7,494.14285714285717,2.5714285714285716,32.285714285714285,0,1,Blinkit,Beverages
CUST1126,7,520.7142857142857,3.857142857142857,31.0,0,0,Blinkit,Fruits & Vegetables
CUST2180,7,770.4285714285714,3.5714285714285716,34.0,0,0,Swiggy Instamart,Beverages
CUST8983,7,669.7142857142857,2.5714285714285716,33.285714285714285,0,1,JioMart,Beverages
CUST1671,7,796.8571428571429,3.0,29.285714285714285,0,1,JioMart,Dairy
CUST1005,7,816.5714285714286,1.7142857142857142,30.428571428571427,0,1,Blinkit,Grocery
CUST5623,7,648.4285714285714,4.571428571428571,26.714285714285715,0,0,JioMart,Grocery
CUST2449,7,338.2857142857143,3.4285714285714284,28.714285714285715,0,0,Blinkit,Beverages
CUST5411,7,504.0,3.4285714285714284,29.857142857142858,0,0,JioMart,Fruits & Vegetables
CUST3116,7,783.7142857142857,2.5714285714285716,31.0,0,1,Blinkit,Dairy
CUST8661,7,900.4285714285714,2.7142857142857144,34.0,0,1,Blinkit,Grocery
CUST8138,7,570.2857142857143,2.857142857142857,29.142857142857142,0,1,Swiggy Instamart,Fruits & Vegetables
CUST9881,7,691.4285714285714,3.2857142857142856,25.142857142857142,0,0,Swiggy Instamart,Grocery
CUST3574,7,511.14285714285717,3.7142857142857144,31.142857142857142,0,0,Blinkit,Dairy
CUST8261,7,435.7142857142857,3.5714285714285716,29.857142857142858,0,0,Blinkit,Fruits & Vegetables
CUST6059,7,482.85714285714283,2.5714285714285716,34.857142857142854,0,1,Blinkit,Fruits & Vegetables
CUST1083,7,553.2857142857143,3.5714285714285716,28.857142857142858,0,0,Blinkit,Fruits & Vegetables
CUST7641,7,352.0,2.857142857142857,27.714285714285715,0,1,Blinkit,Personal Care
CUST4884,7,570.2857142857143,3.0,28.714285714285715,0,1,Blinkit,Dairy
CUST2503,7,562.1428571428571,2.4285714285714284,33.714285714285715,0,1,Blinkit,Dairy
CUST3860,7,693.0,2.5714285714285716,26.0,0,1,Blinkit,Dairy
CUST6284,7,556.7142857142857,3.857142857142857,31.285714285714285,0,0,Swiggy Instamart,Beverages
CUST3379,7,644.4285714285714,3.4285714285714284,29.142857142857142,0,0,JioMart,Dairy
CUST9687,7,775.4285714285714,2.5714285714285716,30.142857142857142,0,1,Swiggy Instamart,Beverages
CUST3491,7,330.57142857142856,3.857142857142857,32.285714285714285,0,0,Swiggy Instamart,Personal Care
CUST4775,7,693.4285714285714,3.4285714285714284,33.42857142857143,0,0,JioMart,Snacks
CUST8494,7,761.4285714285714,3.7142857142857144,35.42857142857143,0,0,JioMart,Grocery
CUST2351,7,507.7142857142857,3.2857142857142856,32.142857142857146,0,0,JioMart,Beverages
CUST5738,7,1097.0,3.7142857142857144,26.142857142857142,0,0,Blinkit,Personal Care
CUST9145,7,385.0,4.142857142857143,32.285714285714285,0,0,Swiggy Instamart,Dairy
CUST5439,7,349.85714285714283,4.428571428571429,31.428571428571427,0,0,JioMart,Dairy
CUST7391,7,727.8571428571429,3.7142857142857144,34.42857142857143,0,0,Blinkit,Fruits & Vegetables
CUST2993,7,1134.7142857142858,2.142857142857143,32.42857142857143,0,1,JioMart,Dairy
CUST6041,7,576.7142857142857,2.7142857142857144,28.285714285714285,0,1,Blinkit,Fruits & Vegetables
CUST7369,7,325.0,2.142857142857143,28.857142857142858,0,1,JioMart,Beverages
CUST4914,7,396.85714285714283,2.4285714285714284,31.285714285714285,0,1,Swiggy Instamart,Dairy
CUST8641,7,439.57142857142856,3.0,31.0,0,0,Blinkit,Dairy
CUST3861,7,747.5714285714286,3.7142857142857144,26.142857142857142,0,0,JioMart,Beverages
CUST7995,7,648.4285714285714,4.142857142857143,27.857142857142858,0,0,Blinkit,Fruits & Vegetables
CUST7339,7,542.2857142857143,3.2857142857142856,26.142857142857142,0,0,Swiggy Instamart,Grocery
CUST1012,7,585.4285714285714,2.142857142857143,29.428571428571427,0,1,JioMart,Beverages
CUST9493,7,858.2857142857143,2.7142857142857144,26.714285714285715,0,1,Swiggy Instamart,Personal Care
CUST2700,7,496.7142857142857,2.4285714285714284,22.857142857142858,0,1,JioMart,Snacks
CUST6029,7,357.2857142857143,3.0,25.428571428571427,0,1,Swiggy Instamart,Snacks
CUST7778,7,430.7142857142857,3.857142857142857,28.285714285714285,0,0,Blinkit,Beverages
CUST8943,7,337.42857142857144,4.0,30.571428571428573,0,0,Swiggy Instamart,Snacks
CUST3922,7,831.8571428571429,4.0,32.857142857142854,0,0,JioMart,Dairy
CUST9997,7,486.0,3.0,29.428571428571427,0,0,Blinkit,Fruits & Vegetables
CUST2580,7,602.5714285714286,2.857142857142857,35.0,0,1,JioMart,Dairy
CUST2535,7,640.4285714285714,3.7142857142857144,33.857142857142854,0,0,Blinkit,Beverages
CUST4230,6,767.1666666666666,2.8333333333333335,25.333333333333332,0,0,JioMart,Grocery
CUST1520,6,705.8333333333334,3.5,31.166666666666668,0,0,JioMart,Fruits & Vegetables
CUST6156,6,450.1666666666667,4.166666666666667,29.333333333333332,0,0,JioMart,Dairy
CUST8037,6,546.0,2.6666666666666665,34.666666666666664,0,0,JioMart,Beverages
CUST5730,6,670.1666666666666,3.1666666666666665,38.0,0,0,JioMart,Personal Care
CUST9080,6,384.1666666666667,3.3333333333333335,23.5,0,0,Blinkit,Fruits & Vegetables
CUST7552,6,378.3333333333333,2.5,34.833333333333336,0,1,Blinkit,Fruits & Vegetables
CUST3113,6,778.6666666666666,1.6666666666666667,24.0,0,1,Blinkit,Personal Care
CUST2563,6,504.5,2.6666666666666665,24.5,0,1,Swiggy Instamart,Personal Care
CUST9124,6,371.8333333333333,2.5,27.666666666666668,0,1,Blinkit,Fruits & Vegetables
CUST5365,6,676.1666666666666,3.3333333333333335,33.166666666666664,0,0,Blinkit,Dairy
CUST2455,6,540.8333333333334,3.0,36.166666666666664,0,0,Blinkit,Fruits & Vegetables
CUST2019,6,483.6666666666667,3.1666666666666665,27.0,0,0,Swiggy Instamart,Beverages
CUST2165,6,719.6666666666666,3.6666666666666665,30.833333333333332,0,0,Swiggy Instamart,Dairy
CUST5737,6,594.5,2.5,27.166666666666668,0,1,JioMart,Beverages
CUST8492,6,447.8333333333333,3.5,28.833333333333332,0,0,Blinkit,Snacks
CUST5568,6,657.0,2.3333333333333335,30.0,0,1,Swiggy Instamart,Beverages
CUST7217,6,641.6666666666666,2.6666666666666665,29.333333333333332,0,1,Swiggy Instamart,Beverages
CUST4979,6,848.5,3.0,34.666666666666664,0,0,JioMart,Beverages
CUST7037,6,680.1666666666666,1.6666666666666667,24.666666666666668,0,1,Blinkit,Fruits & Vegetables
CUST6448,6,353.8333333333333,3.1666666666666665,36.666666666666664,0,0,Blinkit,Personal Care
CUST2935,6,706.5,3.0,21.666666666666668,0,1,Blinkit,Fruits & Vegetables
CUST8346,6,637.8333333333334,2.1666666666666665,33.333333333333336,0,1,JioMart,Beverages
CUST6941,6,740.3333333333334,3.1666666666666665,28.666666666666668,0,0,JioMart,Grocery
CUST6030,6,802.8333333333334,2.5,23.0,0,1,JioMart,Personal Care
CUST1961,6,527.3333333333334,3.0,29.333333333333332,0,0,Swiggy Instamart,Fruits & Vegetables
CUST5854,6,465.5,3.5,32.0,0,0,Blinkit,Beverages
CUST2197,6,656.1666666666666,2.6666666666666665,26.5,0,1,JioMart,Beverages
CUST9712,6,1063.0,4.5,30.166666666666668,0,0,JioMart,Personal Care
CUST1904,6,619.3333333333334,2.5,27.333333333333332,0,1,Blinkit,Beverages
CUST6871,6,520.3333333333334,3.0,28.833333333333332,0,0,Swiggy Instamart,Beverages
CUST1604,6,763.1666666666666,2.6666666666666665,24.333333333333332,0,1,Blinkit,Fruits & Vegetables
CUST1766,6,642.3333333333334,3.6666666666666665,30.666666666666668,0,0,JioMart,Personal Care
CUST2504,6,563.1666666666666,3.3333333333333335,28.666666666666668,0,0,Blinkit,Snacks
CUST9644,6,618.1666666666666,3.3333333333333335,34.333333333333336,0,0,Swiggy Instamart,Fruits & Vegetables
CUST9544,6,466.3333333333333,3.1666666666666665,29.5,0,0,Blinkit,Grocery
CUST6720,6,444.6666666666667,2.6666666666666665,29.166666666666668,0,1,Blinkit,Fruits & Vegetables
CUST6108,6,712.5,3.3333333333333335,23.333333333333332,0,0,JioMart,Beverages
CUST7393,6,589.0,3.3333333333333335,29.833333333333332,0,0,JioMart,Personal Care
CUST2903,6,777.0,3.5,33.666666666666664,0,0,Blinkit,Snacks
CUST1022,6,850.8333333333334,3.6666666666666665,31.166666666666668,0,0,Blinkit,Grocery
CUST9127,6,430.1666666666667,4.0,22.0,0,0,Swiggy Instamart,Beverages
CUST3261,6,528.0,2.6666666666666665,34.833333333333336,0,0,JioMart,Beverages
CUST9149,6,707.3333333333334,3.5,28.0,0,0,Swiggy Instamart,Grocery
CUST7368,6,536.6666666666666,3.5,26.0,0,0,Blinkit,Grocery
CUST9242,6,975.3333333333334,3.1666666666666665,25.833333333333332,0,0,Swiggy Instamart,Grocery
CUST4763,6,869.6666666666666,4.0,33.5,0,0,Blinkit,Personal Care
CUST3784,6,699.3333333333334,2.1666666666666665,28.333333333333332,0,1,JioMart,Snacks
CUST8730,6,935.5,3.1666666666666665,27.5,0,0,Swiggy Instamart,Grocery
CUST5418,6,507.0,3.0,33.0,0,0,JioMart,Fruits & Vegetables
CUST7555,6,653.8333333333334,3.1666666666666665,33.166666666666664,0,0,JioMart,Grocery
CUST5794,6,649.5,4.166666666666667,23.666666666666668,0,0,Blinkit,Snacks
CUST6747,6,332.6666666666667,2.5,31.666666666666668,0,1,Blinkit,Fruits & Vegetables
CUST7485,6,972.3333333333334,4.0,31.333333333333332,0,0,JioMart,Fruits & Vegetables
CUST7252,6,713.6666666666666,3.6666666666666665,24.333333333333332,0,0,JioMart,Dairy
CUST4177,6,550.8333333333334,3.1666666666666665,27.166666666666668,0,0,JioMart,Fruits & Vegetables
CUST2602,6,303.8333333333333,2.3333333333333335,32.666666666666664,0,1,Blinkit,Beverages
CUST2005,6,604.1666666666666,2.5,36.333333333333336,0,1,JioMart,Personal Care
CUST4354,6,473.0,3.1666666666666665,31.666666666666668,0,0,Blinkit,Dairy
CUST8538,6,416.6666666666667,3.8333333333333335,25.666666666666668,0,0,JioMart,Fruits & Vegetables
CUST9363,6,783.8333333333334,3.5,30.5,0,0,Blinkit,Beverages
CUST8205,6,599.8333333333334,3.3333333333333335,30.833333333333332,0,0,Blinkit,Dairy
CUST3902,6,355.3333333333333,3.1666666666666665,32.333333333333336,0,0,Swiggy Instamart,Beverages
CUST3818,6,724.1666666666666,3.3333333333333335,27.833333333333332,0,0,Blinkit,Grocery
CUST4205,6,929.5,4.333333333333333,32.0,0,0,JioMart,Personal Care
CUST6305,6,516.5,3.6666666666666665,31.5,0,0,Blinkit,Snacks
CUST8000,6,456.0,2.6666666666666665,28.833333333333332,0,1,Blinkit,Snacks
CUST8860,6,660.6666666666666,4.166666666666667,31.0,0,0,Blinkit,Beverages
CUST6589,6,561.6666666666666,4.0,26.833333333333332,0,0,Blinkit,Beverages
CUST2583,6,420.8333333333333,3.6666666666666665,36.666666666666664,0,0,Blinkit,Dairy
CUST4285,6,456.3333333333333,3.0,33.833333333333336,0,0,Swiggy Instamart,Fruits & Vegetables
CUST6042,6,382.0,3.3333333333333335,29.166666666666668,0,0,Blinkit,Dairy
CUST5614,6,294.5,5.0,25.5,0,0,Blinkit,Dairy
CUST3010,6,700.8333333333334,2.6666666666666665,30.166666666666668,0,1,Swiggy Instamart,Grocery
CUST6778,6,710.6666666666666,3.5,33.333333333333336,0,0,Swiggy Instamart,Grocery
CUST4693,6,866.0,3.1666666666666665,32.333333333333336,0,0,JioMart,Grocery
CUST6399,6,576.1666666666666,2.8333333333333335,29.0,0,0,Blinkit,Dairy
CUST9910,6,507.3333333333333,3.1666666666666665,27.666666666666668,0,0,Blinkit,Dairy
CUST6088,6,668.8333333333334,2.5,26.0,0,1,Swiggy Instamart,Grocery
CUST9974,6,673.0,2.8333333333333335,23.166666666666668,0,1,Swiggy Instamart,Grocery
CUST1226,6,568.3333333333334,2.5,32.666666666666664,0,1,Blinkit,Beverages
CUST1038,6,779.5,3.3333333333333335,22.333333333333332,0,0,Blinkit,Personal Care
CUST4258,6,985.5,2.8333333333333335,26.166666666666668,0,1,Swiggy Instamart,Personal Care
CUST6709,6,512.3333333333334,3.8333333333333335,28.5,0,0,Blinkit,Beverages
CUST6082,6,507.1666666666667,2.8333333333333335,32.5,0,0,Blinkit,Snacks
CUST4509,6,822.0,4.0,29.166666666666668,0,0,Blinkit,Personal Care
CUST9517,6,331.6666666666667,3.8333333333333335,34.0,0,0,Blinkit,Dairy
CUST2784,6,551.5,3.5,23.0,0,0,JioMart,Grocery
CUST4391,6,666.6666666666666,4.166666666666667,21.0,0,0,Blinkit,Fruits & Vegetables
CUST4002,6,760.0,3.1666666666666665,36.166666666666664,0,0,Swiggy Instamart,Personal Care
CUST3746,6,612.0,3.1666666666666665,35.166666666666664,0,0,Blinkit,Fruits & Vegetables
CUST9760,6,654.6666666666666,4.333333333333333,31.5,0,0,Swiggy Instamart,Beverages
CUST8823,6,385.0,3.8333333333333335,24.0,0,0,Swiggy Instamart,Personal Care
CUST5537,6,569.0,2.8333333333333335,29.166666666666668,0,0,Swiggy Instamart,Fruits & Vegetables
CUST2811,6,556.1666666666666,4.0,35.833333333333336,0,0,Blinkit,Beverages
CUST5945,6,564.1666666666666,3.8333333333333335,29.333333333333332,0,0,Swiggy Instamart,Dairy
CUST7309,6,430.3333333333333,2.6666666666666665,29.666666666666668,0,1,Swiggy Instamart,Fruits & Vegetables
CUST8232,6,302.0,4.333333333333333,28.166666666666668,0,0,Blinkit,Fruits & Vegetables
CUST3107,6,356.5,3.8333333333333335,31.5,0,0,Swiggy Instamart,Snacks
CUST3729,6,408.1666666666667,3.1666666666666665,29.166666666666668,0,0,Blinkit,Beverages
CUST2997,6,508.8333333333333,3.6666666666666665,28.666666666666668,0,0,JioMart,Beverages
CUST5109,6,446.6666666666667,2.1666666666666665,30.5,0,1,Blinkit,Snacks
CUST5372,6,798.5,3.8333333333333335,30.5,0,0,Swiggy Instamart,Personal Care
CUST4383,6,563.1666666666666,2.6666666666666665,31.333333333333332,0,1,Blinkit,Snacks
CUST8164,6,353.3333333333333,4.0,27.666666666666668,0,0,JioMart,Fruits & Vegetables
CUST5210,6,1018.3333333333334,2.8333333333333335,27.5,0,0,Blinkit,Grocery
CUST4462,6,383.8333333333333,2.6666666666666665,25.333333333333332,0,0,Blinkit,Beverages
CUST5145,6,609.3333333333334,2.6666666666666665,28.0,0,0,Blinkit,Snacks
CUST1308,6,347.0,2.8333333333333335,32.0,0,0,JioMart,Fruits & Vegetables
CUST9415,6,833.5,4.0,31.5,0,0,JioMart,Grocery
CUST7064,6,663.6666666666666,3.5,40.833333333333336,1,0,Swiggy Instamart,Fruits & Vegetables
CUST8678,6,501.1666666666667,2.3333333333333335,26.666666666666668,0,1,Blinkit,Fruits & Vegetables
CUST4539,6,433.3333333333333,2.6666666666666665,26.666666666666668,0,0,Blinkit,Dairy
CUST3811,6,387.3333333333333,3.1666666666666665,29.833333333333332,0,0,Swiggy Instamart,Fruits & Vegetables
CUST9707,6,489.3333333333333,3.0,26.0,0,0,Blinkit,Dairy
CUST2810,6,422.0,2.6666666666666665,38.666666666666664,0,1,Blinkit,Beverages
CUST7537,6,563.0,2.8333333333333335,35.0,0,0,Blinkit,Dairy
CUST6548,6,647.5,3.5,32.5,0,0,JioMart,Personal Care
CUST2060,6,742.5,4.0,33.833333333333336,0,0,Blinkit,Personal Care
CUST6356,6,658.6666666666666,3.8333333333333335,30.666666666666668,0,0,JioMart,Beverages
CUST9153,6,696.0,3.1666666666666665,33.5,0,0,Swiggy Instamart,Fruits & Vegetables
CUST4945,6,535.5,3.3333333333333335,37.833333333333336,0,0,Blinkit,Dairy
CUST2308,6,462.3333333333333,4.0,27.833333333333332,0,0,JioMart,Grocery
CUST6392,6,278.6666666666667,3.5,27.333333333333332,0,0,JioMart,Fruits & Vegetables
CUST9917,6,580.0,3.6666666666666665,20.833333333333332,0,0,Blinkit,Snacks
CUST6732,6,747.8333333333334,3.6666666666666665,24.0,0,0,Swiggy Instamart,Grocery
CUST2119,6,497.3333333333333,2.0,31.166666666666668,0,1,JioMart,Beverages
CUST6550,6,553.0,3.5,35.666666666666664,0,0,Blinkit,Grocery
CUST5436,6,680.0,3.3333333333333335,33.833333333333336,0,0,JioMart,Beverages
CUST1946,6,440.3333333333333,3.0,31.666666666666668,0,0,Blinkit,Snacks
CUST4832,6,415.1666666666667,3.0,32.5,0,0,Swiggy Instamart,Fruits & Vegetables
CUST5474,6,569.5,3.1666666666666665,30.666666666666668,0,0,JioMart,Beverages
CUST9450,6,329.0,2.6666666666666665,27.0,0,1,Blinkit,Snacks
CUST4329,6,661.0,4.0,34.333333333333336,0,0,JioMart,Grocery
CUST2411,6,212.0,3.1666666666666665,35.0,0,0,Blinkit,Snacks
CUST4141,6,364.5,3.6666666666666665,31.833333333333332,0,0,JioMart,Fruits & Vegetables
CUST5898,6,603.6666666666666,3.5,29.666666666666668,0,0,Blinkit,Beverages
CUST9239,6,402.3333333333333,3.8333333333333335,25.833333333333332,0,0,JioMart,Fruits & Vegetables
CUST1629,6,574.3333333333334,3.5,30.333333333333332,0,0,Swiggy Instamart,Dairy
CUST2662,6,271.6666666666667,3.1666666666666665,34.833333333333336,0,0,Swiggy Instamart,Dairy
CUST6827,6,582.0,3.8333333333333335,30.666666666666668,0,0,Swiggy Instamart,Grocery
CUST3136,6,770.1666666666666,3.1666666666666665,35.5,0,0,Swiggy Instamart,Personal Care
CUST3934,6,418.6666666666667,3.8333333333333335,33.333333333333336,0,0,Blinkit,Snacks
CUST6755,6,570.6666666666666,3.0,24.5,0,0,Blinkit,Grocery
CUST6779,6,921.6666666666666,2.8333333333333335,31.0,0,1,Swiggy Instamart,Beverages
CUST8333,6,544.0,2.5,28.166666666666668,0,1,Swiggy Instamart,Fruits & Vegetables
CUST5645,6,769.3333333333334,3.3333333333333335,27.166666666666668,0,0,Blinkit,Fruits & Vegetables
CUST6160,6,438.6666666666667,2.3333333333333335,30.666666666666668,0,1,Swiggy Instamart,Snacks
CUST2896,6,550.1666666666666,2.6666666666666665,28.5,0,0,JioMart,Fruits & Vegetables
CUST3724,6,596.5,3.5,32.166666666666664,0,0,Blinkit,Fruits & Vegetables
CUST5954,6,712.1666666666666,2.6666666666666665,31.666666666666668,0,1,JioMart,Personal Care
CUST1922,6,423.6666666666667,2.5,25.166666666666668,0,1,Blinkit,Fruits & Vegetables
CUST1051,6,535.3333333333334,3.5,25.166666666666668,0,0,Swiggy Instamart,Beverages
CUST7036,6,625.3333333333334,1.6666666666666667,28.0,0,1,JioMart,Fruits & Vegetables
CUST9298,6,1005.1666666666666,2.3333333333333335,34.666666666666664,0,1,Swiggy Instamart,Personal Care
CUST9932,6,634.6666666666666,4.5,33.166666666666664,0,0,Blinkit,Fruits & Vegetables
CUST6978,6,487.8333333333333,3.0,22.5,0,0,JioMart,Fruits & Vegetables
CUST5406,6,387.6666666666667,3.1666666666666665,22.333333333333332,0,0,Blinkit,Fruits & Vegetables
CUST8604,6,850.6666666666666,2.1666666666666665,28.166666666666668,0,1,JioMart,Dairy
CUST3631,6,392.5,4.166666666666667,25.5,0,0,Blinkit,Snacks
CUST8213,6,582.6666666666666,3.3333333333333335,28.166666666666668,0,0,Swiggy Instamart,Dairy
CUST1980,6,725.6666666666666,3.8333333333333335,34.833333333333336,0,0,JioMart,Personal Care
CUST1952,6,637.5,3.6666666666666665,33.5,0,0,Blinkit,Fruits & Vegetables
CUST4632,6,926.5,3.5,33.5,0,0,Blinkit,Beverages
CUST4024,6,401.6666666666667,2.3333333333333335,25.833333333333332,0,1,JioMart,Beverages
CUST9001,6,667.0,3.1666666666666665,26.166666666666668,0,0,Swiggy Instamart,Grocery
CUST6282,6,805.1666666666666,3.1666666666666665,35.166666666666664,0,0,Blinkit,Beverages
CUST1784,6,615.6666666666666,2.8333333333333335,31.0,0,0,Swiggy Instamart,Grocery
CUST6213,6,541.6666666666666,3.0,26.5,0,0,Swiggy Instamart,Fruits & Vegetables
CUST5469,6,463.5,3.6666666666666665,27.0,0,0,Blinkit,Fruits & Vegetables
CUST1314,6,713.6666666666666,3.3333333333333335,28.166666666666668,0,0,Swiggy Instamart,Fruits & Vegetables
CUST4146,6,626.8333333333334,3.6666666666666665,23.166666666666668,0,0,JioMart,Dairy
CUST6898,6,607.0,3.1666666666666665,27.5,0,0,JioMart,Beverages
CUST7717,6,541.5,2.5,24.666666666666668,0,0,JioMart,Beverages
CUST5138,6,517.5,4.166666666666667,29.166666666666668,0,0,JioMart,Dairy
CUST5340,6,534.1666666666666,2.8333333333333335,25.333333333333332,0,1,Blinkit,Personal Care
CUST9519,6,393.8333333333333,3.3333333333333335,34.333333333333336,0,0,Blinkit,Snacks
CUST4619,6,601.6666666666666,3.3333333333333335,28.5,0,0,Blinkit,Snacks
CUST7415,6,377.8333333333333,1.3333333333333333,25.666666666666668,0,1,Swiggy Instamart,Beverages
CUST3904,6,611.1666666666666,2.3333333333333335,32.166666666666664,0,1,Blinkit,Fruits & Vegetables
CUST1936,6,827.3333333333334,2.6666666666666665,32.0,0,0,Swiggy Instamart,Snacks
CUST3552,6,450.3333333333333,3.8333333333333335,20.666666666666668,0,0,Swiggy Instamart,Fruits & Vegetables
CUST5722,6,496.1666666666667,2.8333333333333335,29.833333333333332,0,0,JioMart,Fruits & Vegetables
CUST6654,6,466.1666666666667,4.333333333333333,27.166666666666668,0,0,Blinkit,Fruits & Vegetables
CUST8316,6,416.6666666666667,2.6666666666666665,30.666666666666668,0,1,Blinkit,Snacks
CUST5377,6,559.5,2.3333333333333335,29.666666666666668,0,1,Blinkit,Beverages
CUST4702,6,689.3333333333334,3.1666666666666665,27.833333333333332,0,0,Swiggy Instamart,Beverages
CUST1678,6,304.5,4.5,33.166666666666664,0,0,JioMart,Beverages
CUST9147,6,492.0,3.3333333333333335,26.166666666666668,0,0,Blinkit,Dairy
CUST3516,6,655.6666666666666,2.8333333333333335,27.833333333333332,0,1,JioMart,Beverages
CUST6600,6,322.5,3.6666666666666665,24.0,0,0,JioMart,Dairy
CUST8980,6,821.3333333333334,1.3333333333333333,28.5,0,1,Swiggy Instamart,Grocery
CUST4182,6,926.1666666666666,2.6666666666666665,31.333333333333332,0,1,Blinkit,Fruits & Vegetables
CUST1636,6,502.8333333333333,2.0,22.333333333333332,0,1,Blinkit,Beverages
CUST9203,6,432.3333333333333,3.5,28.833333333333332,0,0,JioMart,Dairy
CUST3850,6,455.3333333333333,4.0,29.0,0,0,Blinkit,Beverages
CUST1736,6,460.6666666666667,4.0,30.666666666666668,0,0,Blinkit,Fruits & Vegetables
CUST4294,6,866.6666666666666,2.1666666666666665,30.166666666666668,0,1,JioMart,Personal Care
CUST5851,6,464.0,4.0,27.333333333333332,0,0,Blinkit,Beverages
CUST2611,6,763.3333333333334,2.5,26.333333333333332,0,1,JioMart,Grocery
CUST2440,6,316.5,3.3333333333333335,26.166666666666668,0,0,Blinkit,Snacks
CUST9155,6,690.1666666666666,2.3333333333333335,29.166666666666668,0,1,Swiggy Instamart,Grocery
CUST6780,6,197.16666666666666,2.5,30.166666666666668,0,1,Blinkit,Snacks
CUST1220,6,450.5,3.3333333333333335,27.833333333333332,0,0,Blinkit,Beverages
CUST6913,6,527.1666666666666,3.6666666666666665,31.166666666666668,0,0,Swiggy Instamart,Personal Care
CUST6319,6,762.5,4.666666666666667,35.0,0,0,JioMart,Personal Care
CUST5245,6,728.0,3.8333333333333335,32.666666666666664,0,0,JioMart,Grocery
CUST4071,6,557.3333333333334,4.166666666666667,34.5,0,0,Swiggy Instamart,Beverages
CUST9945,6,621.5,3.5,29.0,0,0,Swiggy Instamart,Beverages
CUST5321,6,373.8333333333333,4.5,29.166666666666668,0,0,Swiggy Instamart,Beverages
CUST8949,6,333.0,4.333333333333333,27.166666666666668,0,0,Swiggy Instamart,Snacks
CUST4766,6,589.5,3.1666666666666665,27.5,0,0,Blinkit,Personal Care
CUST9198,6,718.3333333333334,3.6666666666666665,33.5,0,0,Blinkit,Personal Care
CUST3244,6,549.0,3.1666666666666665,33.5,0,0,Swiggy Instamart,Beverages
CUST4429,6,401.3333333333333,3.5,32.333333333333336,0,0,JioMart,Beverages
CUST7822,6,692.5,3.8333333333333335,27.666666666666668,0,0,Blinkit,Grocery
CUST9909,6,284.3333333333333,3.6666666666666665,29.333333333333332,0,0,Blinkit,Fruits & Vegetables
CUST5793,6,768.5,3.3333333333333335,25.166666666666668,0,0,Blinkit,Beverages
CUST9190,6,562.1666666666666,3.5,30.166666666666668,0,0,Blinkit,Fruits & Vegetables
CUST2466,6,498.6666666666667,2.1666666666666665,32.166666666666664,0,1,Blinkit,Snacks
CUST3767,6,535.6666666666666,3.6666666666666665,36.0,0,0,JioMart,Dairy
CUST2051,6,592.0,3.8333333333333335,29.666666666666668,0,0,Blinkit,Beverages
CUST9671,6,629.0,3.3333333333333335,31.5,0,0,Blinkit,Beverages
CUST2057,6,626.6666666666666,3.5,28.5,0,0,JioMart,Beverages
CUST7510,6,942.5,3.3333333333333335,27.333333333333332,0,0,JioMart,Beverages
CUST1622,6,569.0,4.0,31.5,0,0,JioMart,Dairy
CUST7707,6,633.6666666666666,3.6666666666666665,24.666666666666668,0,0,Blinkit,Beverages
CUST3586,6,999.8333333333334,3.1666666666666665,29.666666666666668,0,0,Blinkit,Beverages
CUST5966,6,779.5,4.333333333333333,25.0,0,0,Blinkit,Beverages
CUST3939,6,394.1666666666667,4.166666666666667,28.166666666666668,0,0,Blinkit,Fruits & Vegetables
CUST5687,6,464.6666666666667,4.166666666666667,31.333333333333332,0,0,Blinkit,Fruits & Vegetables
CUST4780,6,369.8333333333333,5.0,32.333333333333336,0,0,JioMart,Beverages
CUST9855,6,868.1666666666666,3.8333333333333335,32.833333333333336,0,0,Swiggy Instamart,Beverages
CUST8299,6,356.0,2.8333333333333335,32.0,0,0,Blinkit,Fruits & Vegetables
CUST6634,6,378.3333333333333,4.166666666666667,35.0,0,0,JioMart,Beverages
CUST1413,6,571.5,3.6666666666666665,28.333333333333332,0,0,Swiggy Instamart,Beverages
CUST7083,6,722.6666666666666,3.1666666666666665,24.333333333333332,0,0,Blinkit,Fruits & Vegetables
CUST3786,6,510.1666666666667,2.3333333333333335,31.5,0,1,Swiggy Instamart,Fruits & Vegetables
CUST3145,6,741.1666666666666,2.6666666666666665,29.5,0,1,Swiggy Instamart,Beverages
CUST2869,6,1025.8333333333333,2.0,24.333333333333332,0,1,Swiggy Instamart,Personal Care
CUST4000,6,440.5,3.3333333333333335,24.333333333333332,0,0,Swiggy Instamart,Snacks
CUST3144,6,597.8333333333334,2.8333333333333335,23.166666666666668,0,1,Blinkit,Beverages
CUST5536,6,555.5,2.1666666666666665,29.5,0,1,Blinkit,Beverages
CUST8229,6,410.1666666666667,4.0,30.0,0,0,Blinkit,Grocery
CUST2464,6,515.1666666666666,2.3333333333333335,32.666666666666664,0,1,JioMart,Personal Care
CUST5574,6,553.3333333333334,3.3333333333333335,21.0,0,0,Blinkit,Beverages
CUST4756,6,621.6666666666666,2.8333333333333335,34.166666666666664,0,1,Blinkit,Dairy
CUST5950,6,756.0,3.0,35.333333333333336,0,1,JioMart,Personal Care
CUST7620,6,546.8333333333334,2.5,25.0,0,1,Swiggy Instamart,Beverages
CUST7263,6,860.0,2.5,29.333333333333332,0,1,Blinkit,Beverages
CUST4738,6,724.1666666666666,2.0,26.5,0,1,Blinkit,Grocery
CUST6073,6,637.8333333333334,2.8333333333333335,26.166666666666668,0,1,Blinkit,Beverages
CUST7001,6,701.0,3.0,28.0,0,1,JioMart,Dairy
CUST5678,6,249.16666666666666,2.5,28.166666666666668,0,1,Blinkit,Dairy
CUST1700,6,865.3333333333334,2.5,28.0,0,1,Blinkit,Beverages
CUST7582,6,378.3333333333333,2.3333333333333335,31.833333333333332,0,1,JioMart,Fruits & Vegetables
CUST7971,6,653.0,4.0,34.166666666666664,0,0,Blinkit,Dairy
CUST4535,6,833.5,3.5,25.833333333333332,0,0,JioMart,Beverages
CUST4606,6,820.0,3.6666666666666665,38.5,0,0,Swiggy Instamart,Grocery
CUST3177,6,755.8333333333334,3.0,30.833333333333332,0,0,JioMart,Grocery
CUST4382,6,712.5,4.0,29.166666666666668,0,0,Swiggy Instamart,Beverages
CUST1437,6,623.3333333333334,2.3333333333333335,27.0,0,1,Swiggy Instamart,Grocery
CUST8572,6,538.8333333333334,3.5,26.333333333333332,0,0,Blinkit,Beverages
CUST1140,6,589.8333333333334,2.5,28.5,0,1,Blinkit,Snacks
CUST3074,6,502.3333333333333,4.0,28.166666666666668,0,0,Blinkit,Beverages
CUST8348,6,438.5,2.5,28.333333333333332,0,1,Blinkit,Dairy
CUST3237,6,737.8333333333334,2.3333333333333335,26.333333333333332,0,1,JioMart,Dairy
CUST9296,6,754.1666666666666,2.6666666666666665,32.0,0,1,Blinkit,Snacks
CUST8896,6,609.0,4.333333333333333,31.166666666666668,0,0,Swiggy Instamart,Fruits & Vegetables
CUST5348,6,366.3333333333333,4.333333333333333,25.5,0,0,JioMart,Fruits & Vegetables
CUST4484,6,628.8333333333334,3.3333333333333335,29.833333333333332,0,0,Swiggy Instamart,Personal Care
CUST4601,6,495.5,3.5,34.0,0,0,Swiggy Instamart,Snacks
CUST9023,6,499.5,4.666666666666667,27.166666666666668,0,0,JioMart,Beverages
CUST9472,6,595.6666666666666,2.5,31.0,0,1,JioMart,Personal Care
CUST6764,6,612.8333333333334,4.333333333333333,23.5,0,0,Blinkit,Snacks
CUST2706,6,469.0,3.3333333333333335,26.0,0,0,JioMart,Snacks
CUST9065,6,654.6666666666666,2.6666666666666665,22.0,0,1,Swiggy Instamart,Beverages
CUST3776,6,662.8333333333334,3.3333333333333335,25.833333333333332,0,0,Blinkit,Grocery
CUST6874,6,335.0,3.3333333333333335,32.166666666666664,0,0,Swiggy Instamart,Dairy
CUST7838,6,641.3333333333334,3.0,31.666666666666668,0,0,Blinkit,Dairy
CUST5682,6,496.8333333333333,2.3333333333333335,25.166666666666668,0,1,Swiggy Instamart,Beverages
CUST6266,6,647.5,2.3333333333333335,26.0,0,1,JioMart,Fruits & Vegetables
CUST1456,6,587.5,2.8333333333333335,30.166666666666668,0,0,Blinkit,Beverages
CUST3457,6,347.5,3.8333333333333335,34.666666666666664,0,0,Swiggy Instamart,Dairy
CUST7253,6,438.5,2.8333333333333335,26.5,0,1,Blinkit,Fruits & Vegetables
CUST2963,6,786.5,3.5,28.666666666666668,0,0,Blinkit,Grocery
CUST3541,6,481.6666666666667,3.5,29.5,0,0,JioMart,Personal Care
CUST8585,6,679.6666666666666,4.333333333333333,28.5,0,0,JioMart,Grocery
CUST4021,6,562.3333333333334,3.5,27.666666666666668,0,0,JioMart,Fruits & Vegetables
CUST1978,6,377.5,4.0,26.5,0,0,JioMart,Grocery
CUST2384,6,301.3333333333333,2.8333333333333335,32.666666666666664,0,1,JioMart,Snacks
CUST5383,6,455.1666666666667,3.0,25.166666666666668,0,0,JioMart,Beverages
CUST6388,6,981.3333333333334,3.5,36.0,0,0,Swiggy Instamart,Beverages
CUST8519,6,653.0,2.6666666666666665,25.5,0,1,Swiggy Instamart,Beverages
CUST2828,6,586.6666666666666,2.3333333333333335,30.0,0,1,Blinkit,Fruits & Vegetables
CUST8781,6,1111.3333333333333,3.3333333333333335,29.5,0,0,JioMart,Grocery
CUST3135,6,545.0,3.0,30.166666666666668,0,0,Blinkit,Grocery
CUST9460,6,1076.6666666666667,3.8333333333333335,29.666666666666668,0,0,Blinkit,Personal Care
CUST5880,6,727.5,3.8333333333333335,27.666666666666668,0,0,Blinkit,Grocery
CUST3602,6,877.6666666666666,3.0,29.333333333333332,0,1,Blinkit,Dairy
CUST7212,6,415.1666666666667,3.8333333333333335,28.5,0,0,Blinkit,Beverages
CUST7966,6,459.8333333333333,2.5,33.666666666666664,0,1,JioMart,Beverages
CUST5869,6,689.1666666666666,3.0,31.5,0,0,Swiggy Instamart,Dairy
CUST5192,6,522.6666666666666,4.0,37.833333333333336,0,0,Blinkit,Snacks
CUST2069,6,621.1666666666666,2.8333333333333335,31.833333333333332,0,1,JioMart,Beverages
CUST8016,6,628.1666666666666,4.0,30.333333333333332,0,0,Blinkit,Beverages
CUST6141,6,764.0,3.3333333333333335,24.166666666666668,0,0,Swiggy Instamart,Beverages
CUST1398,6,780.5,3.3333333333333335,23.166666666666668,0,0,Blinkit,Beverages
CUST9688,6,643.6666666666666,4.666666666666667,30.666666666666668,0,0,Swiggy Instamart,Grocery
CUST8789,6,596.5,2.8333333333333335,30.166666666666668,0,0,Blinkit,Dairy
CUST4888,6,505.1666666666667,2.5,27.833333333333332,0,1,Swiggy Instamart,Dairy
CUST1626,6,614.1666666666666,4.5,30.166666666666668,0,0,Swiggy Instamart,Grocery
CUST9150,6,983.6666666666666,2.5,25.666666666666668,0,1,Blinkit,Personal Care
CUST4465,6,625.1666666666666,5.0,32.333333333333336,0,0,Blinkit,Dairy
CUST8310,6,448.8333333333333,3.1666666666666665,26.0,0,0,Swiggy Instamart,Beverages
CUST1823,6,625.8333333333334,4.5,29.833333333333332,0,0,Swiggy Instamart,Dairy
CUST7455,6,430.1666666666667,2.1666666666666665,29.666666666666668,0,1,Blinkit,Snacks
CUST9816,6,475.6666666666667,5.0,31.333333333333332,0,0,Blinkit,Dairy
CUST1248,6,610.5,2.6666666666666665,26.166666666666668,0,1,Blinkit,Fruits & Vegetables
CUST1889,6,712.5,2.8333333333333335,30.0,0,0,JioMart,Personal Care
CUST3058,6,407.1666666666667,3.3333333333333335,26.166666666666668,0,0,Swiggy Instamart,Dairy
CUST1111,6,1046.8333333333333,3.6666666666666665,26.833333333333332,0,0,Blinkit,Grocery
CUST3443,6,767.3333333333334,3.8333333333333335,35.166666666666664,0,0,JioMart,Fruits & Vegetables
CUST8561,6,661.5,4.333333333333333,29.333333333333332,0,0,Blinkit,Fruits & Vegetables
CUST3124,6,610.0,2.5,26.333333333333332,0,1,Swiggy Instamart,Dairy
CUST7963,6,476.3333333333333,4.333333333333333,29.666666666666668,0,0,Blinkit,Snacks
CUST9407,6,649.8333333333334,3.3333333333333335,30.333333333333332,0,0,Blinkit,Snacks
CUST3620,6,455.8333333333333,3.6666666666666665,24.833333333333332,0,0,Swiggy Instamart,Dairy
CUST2198,6,606.5,3.6666666666666665,36.333333333333336,0,0,Swiggy Instamart,Beverages
CUST4729,6,619.0,3.0,32.666666666666664,0,1,Blinkit,Beverages
CUST4282,6,764.1666666666666,3.1666666666666665,30.5,0,0,Blinkit,Snacks
CUST8026,6,431.6666666666667,2.6666666666666665,28.333333333333332,0,1,Blinkit,Personal Care
CUST2598,6,683.3333333333334,3.8333333333333335,33.833333333333336,0,0,JioMart,Personal Care
CUST5892,6,583.8333333333334,2.8333333333333335,29.333333333333332,0,0,Swiggy Instamart,Personal Care
CUST5343,6,581.0,3.6666666666666665,30.0,0,0,JioMart,Fruits & Vegetables
CUST2357,6,429.0,3.0,26.666666666666668,0,1,Swiggy Instamart,Fruits & Vegetables
CUST9888,6,678.6666666666666,3.5,22.333333333333332,0,0,Blinkit,Fruits & Vegetables
CUST5178,6,815.8333333333334,3.5,30.833333333333332,0,0,Blinkit,Personal Care
CUST6242,6,735.3333333333334,3.8333333333333335,26.0,0,0,Blinkit,Fruits & Vegetables
CUST8468,6,745.8333333333334,2.6666666666666665,28.666666666666668,0,0,Blinkit,Beverages
CUST9982,6,548.0,3.3333333333333335,25.5,0,0,Blinkit,Personal Care
CUST4596,6,407.0,2.0,30.166666666666668,0,1,Blinkit,Dairy
CUST9342,6,670.3333333333334,2.0,32.333333333333336,0,1,JioMart,Beverages
CUST2266,6,729.3333333333334,3.1666666666666665,32.0,0,0,JioMart,Dairy
CUST4617,6,1067.0,3.1666666666666665,34.333333333333336,0,0,Blinkit,Personal Care
CUST2671,6,739.0,3.8333333333333335,29.166666666666668,0,0,Swiggy Instamart,Personal Care
CUST6691,6,528.5,3.8333333333333335,32.0,0,0,Swiggy Instamart,Snacks
CUST5450,6,521.5,2.8333333333333335,28.833333333333332,0,1,Swiggy Instamart,Dairy
CUST9347,6,421.8333333333333,3.0,28.833333333333332,0,0,Swiggy Instamart,Fruits & Vegetables
CUST4186,6,344.8333333333333,2.8333333333333335,27.833333333333332,0,1,Swiggy Instamart,Snacks
CUST6607,6,564.0,4.166666666666667,32.666666666666664,0,0,JioMart,Beverages
CUST1677,6,478.3333333333333,3.6666666666666665,29.833333333333332,0,0,JioMart,Dairy
CUST9878,6,688.0,3.3333333333333335,22.833333333333332,0,0,Blinkit,Fruits & Vegetables
CUST2881,6,1113.6666666666667,3.5,37.833333333333336,0,0,Blinkit,Personal Care
CUST9270,6,659.0,3.8333333333333335,30.333333333333332,0,0,Blinkit,Personal Care
CUST9738,6,698.5,4.5,31.166666666666668,0,0,JioMart,Beverages
CUST9794,6,300.1666666666667,3.0,30.333333333333332,0,0,Blinkit,Fruits & Vegetables
CUST4136,6,445.6666666666667,3.6666666666666665,34.0,0,0,Blinkit,Snacks
CUST6560,6,517.6666666666666,3.5,32.833333333333336,0,0,JioMart,Beverages
CUST2224,6,322.5,4.333333333333333,29.833333333333332,0,0,Blinkit,Snacks
CUST3311,6,505.0,2.1666666666666665,36.333333333333336,0,1,Swiggy Instamart,Dairy
CUST1676,6,300.3333333333333,3.3333333333333335,28.5,0,0,JioMart,Fruits & Vegetables
CUST4336,6,555.1666666666666,3.3333333333333335,28.333333333333332,0,0,Blinkit,Dairy
CUST2649,6,631.1666666666666,4.166666666666667,31.833333333333332,0,0,JioMart,Fruits & Vegetables
CUST7604,6,863.5,3.0,30.0,0,0,Swiggy Instamart,Personal Care
CUST3629,6,892.3333333333334,4.166666666666667,22.333333333333332,0,0,Blinkit,Beverages
CUST9928,6,554.6666666666666,2.1666666666666665,32.5,0,1,Swiggy Instamart,Dairy
CUST5204,6,603.0,4.0,27.0,0,0,Swiggy Instamart,Fruits & Vegetables
CUST4200,6,442.1666666666667,3.6666666666666665,38.333333333333336,0,0,Blinkit,Snacks
CUST9546,5,578.2,3.0,32.4,0,1,JioMart,Grocery
CUST9356,5,756.4,2.6,29.4,0,1,Blinkit,Fruits & Vegetables
CUST1350,5,293.8,3.0,27.2,0,1,JioMart,Fruits & Vegetables
CUST5531,5,709.8,1.6,34.8,0,1,Blinkit,Beverages
CUST9545,5,549.0,3.8,29.4,0,0,JioMart,Snacks
CUST5704,5,355.8,3.4,27.2,0,0,Blinkit,Fruits & Vegetables
CUST5931,5,791.8,4.0,31.6,0,0,JioMart,Dairy
CUST4896,5,550.6,4.2,32.6,0,0,Blinkit,Beverages
CUST5302,5,850.8,2.2,31.6,0,1,JioMart,Personal Care
CUST7277,5,657.4,2.6,31.2,0,1,Swiggy Instamart,Beverages
CUST1933,5,524.0,2.4,30.8,0,1,Swiggy Instamart,Fruits & Vegetables
CUST4505,5,343.4,2.8,36.8,0,1,Swiggy Instamart,Snacks
CUST6013,5,499.2,3.6,37.4,0,0,Blinkit,Dairy
CUST5662,5,621.8,2.8,33.6,0,0,JioMart,Dairy
CUST6619,5,910.2,3.0,30.0,0,1,JioMart,Grocery
CUST7569,5,610.8,3.6,31.0,0,0,Swiggy Instamart,Beverages
CUST9058,5,585.6,3.2,32.8,0,1,JioMart,Beverages
CUST7384,5,543.2,3.8,28.8,0,0,Blinkit,Dairy
CUST4917,5,791.4,3.8,33.2,0,0,Swiggy Instamart,Fruits & Vegetables
CUST4341,5,265.6,3.0,28.0,0,1,Blinkit,Dairy
CUST4456,5,451.0,3.6,29.0,0,0,Blinkit,Fruits & Vegetables
CUST4038,5,325.0,2.4,32.0,0,1,JioMart,Beverages
CUST1492,5,407.8,3.8,29.0,0,0,Blinkit,Beverages
CUST4191,5,675.4,3.2,30.0,0,0,Swiggy Instamart,Dairy
CUST6391,5,509.6,2.6,34.8,0,1,Blinkit,Beverages
CUST8979,5,1018.0,4.0,22.4,0,0,Swiggy Instamart,Personal Care
CUST4887,5,670.0,2.8,27.8,0,1,Blinkit,Grocery
CUST2400,5,448.6,2.8,23.2,0,0,Blinkit,Fruits & Vegetables
CUST5495,5,650.6,3.0,26.0,0,1,Blinkit,Beverages
CUST7331,5,700.6,3.6,33.2,0,0,Swiggy Instamart,Grocery
CUST9259,5,647.0,3.0,28.8,0,1,Blinkit,Fruits & Vegetables
CUST4381,5,408.8,3.6,32.4,0,0,JioMart,Dairy
CUST8634,5,389.2,3.0,20.0,0,0,JioMart,Beverages
CUST1192,5,955.2,3.8,31.8,0,0,Blinkit,Personal Care
CUST4266,5,305.0,3.6,33.0,0,0,Blinkit,Snacks
CUST9461,5,484.6,2.4,32.0,0,1,Blinkit,Grocery
CUST6534,5,527.8,2.8,29.8,0,1,Swiggy Instamart,Beverages
CUST1763,5,745.6,3.2,40.0,0,1,JioMart,Personal Care
CUST1065,5,697.4,2.8,24.4,0,1,Swiggy Instamart,Beverages
CUST6885,5,298.4,3.6,20.0,0,0,Blinkit,Dairy
CUST8127,5,693.0,2.4,31.4,0,1,Blinkit,Snacks
CUST7728,5,427.8,3.2,30.6,0,1,Blinkit,Personal Care
CUST2243,5,734.2,3.0,30.0,0,0,Blinkit,Dairy
CUST8053,5,689.0,2.2,20.2,0,1,JioMart,Fruits & Vegetables
CUST8390,5,579.0,3.2,28.2,0,0,JioMart,Personal Care
CUST9430,5,592.4,3.4,36.0,0,0,Blinkit,Snacks
CUST5312,5,259.0,2.8,30.6,0,1,JioMart,Beverages
CUST4620,5,555.0,3.0,26.4,0,0,Blinkit,Personal Care
CUST7469,5,731.4,3.8,26.6,0,0,Swiggy Instamart,Snacks
CUST6117,5,783.8,3.6,28.4,0,0,Blinkit,Personal Care
CUST7890,5,308.0,4.2,20.4,0,0,Blinkit,Snacks
CUST4064,5,475.0,3.0,33.0,0,1,JioMart,Personal Care
CUST8426,5,515.6,3.2,35.0,0,0,Blinkit,Beverages
CUST5124,5,488.4,3.8,29.4,0,0,Swiggy Instamart,Fruits & Vegetables
CUST9586,5,655.0,5.0,26.8,0,0,Blinkit,Snacks
CUST1028,5,1044.6,3.4,34.4,0,0,Swiggy Instamart,Personal Care
CUST4023,5,617.2,2.6,32.8,0,1,JioMart,Grocery
CUST3804,5,458.8,2.2,29.8,0,1,Swiggy Instamart,Beverages
CUST4628,5,466.4,3.4,31.0,0,0,Blinkit,Dairy
CUST4701,5,638.0,1.8,39.2,1,1,Blinkit,Personal Care
CUST9007,5,734.4,3.8,23.6,0,0,JioMart,Personal Care
CUST1947,5,514.6,3.2,34.8,0,0,Blinkit,Dairy
CUST4952,5,505.2,4.0,30.2,0,0,Blinkit,Dairy
CUST3470,5,402.2,4.2,29.6,0,0,Swiggy Instamart,Beverages
CUST9258,5,473.2,2.8,25.0,0,1,Blinkit,Snacks
CUST6048,5,442.8,3.6,25.0,0,0,Swiggy Instamart,Dairy
CUST8610,5,412.8,3.0,20.6,0,0,Blinkit,Dairy
CUST5866,5,336.0,2.2,32.6,0,1,Blinkit,Snacks
CUST1347,5,684.0,2.2,22.8,0,1,Swiggy Instamart,Beverages
CUST8893,5,667.8,3.6,36.0,0,0,Blinkit,Grocery
CUST9280,5,493.0,3.0,24.2,0,0,JioMart,Beverages
CUST3426,5,303.4,3.6,40.6,0,0,Swiggy Instamart,Snacks
CUST1433,5,556.8,3.2,38.0,0,1,Blinkit,Dairy
CUST3682,5,617.2,1.8,29.8,0,1,Swiggy Instamart,Beverages
CUST4431,5,609.8,4.0,30.0,0,0,Swiggy Instamart,Snacks
CUST6669,5,996.6,3.0,26.4,0,0,Blinkit,Fruits & Vegetables
CUST1464,5,837.6,2.8,26.4,0,1,Swiggy Instamart,Beverages
CUST9579,5,535.6,1.6,29.4,0,1,JioMart,Grocery
CUST1536,5,214.0,5.0,31.0,0,0,Blinkit,Dairy
CUST5776,5,691.2,4.8,30.6,0,0,Blinkit,Beverages
CUST8223,5,744.4,3.6,28.0,0,0,Swiggy Instamart,Grocery
CUST9567,5,621.6,4.0,35.4,0,0,Blinkit,Beverages
CUST8525,5,423.4,3.6,26.4,0,0,Blinkit,Snacks
CUST1628,5,416.8,2.6,30.2,0,1,Blinkit,Fruits & Vegetables
CUST8691,5,677.4,3.6,23.4,0,0,Blinkit,Personal Care
CUST4203,5,602.4,4.6,28.8,0,0,Blinkit,Snacks
CUST1240,5,364.0,3.6,25.0,0,0,Swiggy Instamart,Snacks
CUST3432,5,831.6,2.2,31.6,0,1,Blinkit,Personal Care
CUST7740,5,717.4,3.2,32.8,0,0,Blinkit,Personal Care
CUST7477,5,627.6,4.2,37.2,0,0,Blinkit,Snacks
CUST8508,5,541.0,2.6,22.0,0,1,Swiggy Instamart,Fruits & Vegetables
CUST6462,5,679.0,2.4,40.6,1,1,Blinkit,Personal Care
CUST4956,5,875.0,4.2,33.4,0,0,JioMart,Beverages
CUST7168,5,552.2,3.6,28.4,0,0,JioMart,Snacks
CUST4877,5,677.0,2.6,22.4,0,1,Blinkit,Grocery
CUST4317,5,694.6,3.4,23.6,0,0,JioMart,Beverages
CUST5085,5,630.4,3.0,30.4,0,1,Blinkit,Dairy
CUST3707,5,803.4,4.2,33.4,0,0,Swiggy Instamart,Grocery
CUST8969,5,587.0,2.8,24.0,0,1,Blinkit,Fruits & Vegetables
CUST1624,5,537.4,3.6,37.2,0,0,Blinkit,Beverages
CUST4754,5,706.8,2.4,32.4,0,1,Blinkit,Personal Care
CUST5361,5,694.8,4.8,25.4,0,0,Swiggy Instamart,Personal Care
CUST4165,5,661.6,3.4,32.0,0,0,Swiggy Instamart,Fruits & Vegetables
CUST6252,5,367.4,2.6,31.0,0,1,JioMart,Dairy
CUST9683,5,735.0,5.0,34.6,0,0,Blinkit,Dairy
CUST8767,5,944.8,3.6,29.2,0,0,Blinkit,Beverages
CUST3428,5,513.8,4.0,23.2,0,0,Swiggy Instamart,Snacks
CUST9352,5,556.2,3.0,33.4,0,1,Blinkit,Grocery
CUST5988,5,567.4,2.2,33.0,0,1,Swiggy Instamart,Beverages
CUST7084,5,541.8,3.6,25.8,0,0,Blinkit,Beverages
CUST2238,5,277.4,3.6,31.8,0,0,Blinkit,Snacks
CUST5427,5,357.4,2.4,36.8,1,1,Blinkit,Beverages
CUST4689,5,395.4,3.0,23.0,0,1,Swiggy Instamart,Dairy
CUST6393,5,912.6,2.6,39.4,1,1,Blinkit,Grocery
CUST6767,5,386.2,2.4,31.2,0,1,JioMart,Beverages
CUST6631,5,289.2,3.0,38.0,0,0,JioMart,Fruits & Vegetables
CUST8024,5,894.8,2.6,25.8,0,1,Blinkit,Beverages
CUST5457,5,387.0,3.4,24.2,0,0,Blinkit,Beverages
CUST2164,5,919.0,3.8,30.2,0,0,Blinkit,Beverages
CUST3799,5,608.2,4.2,27.6,0,0,Blinkit,Grocery
CUST2872,5,718.6,2.4,31.4,0,1,Blinkit,Fruits & Vegetables
CUST8806,5,1010.2,3.8,30.0,0,0,Blinkit,Dairy
CUST4499,5,668.8,3.6,25.2,0,0,JioMart,Beverages
CUST2143,5,592.6,2.4,31.6,0,1,Swiggy Instamart,Beverages
CUST5570,5,493.2,3.4,33.8,0,0,JioMart,Grocery
CUST7195,5,588.8,2.6,30.2,0,1,Blinkit,Personal Care
CUST2589,5,298.0,4.2,29.8,0,0,Blinkit,Dairy
CUST3872,5,592.2,3.2,27.4,0,1,Blinkit,Beverages
CUST8427,5,452.6,3.4,26.6,0,0,JioMart,Beverages
CUST2241,5,363.8,2.6,26.4,0,1,Blinkit,Snacks
CUST7458,5,263.6,2.4,28.8,0,1,Blinkit,Fruits & Vegetables
CUST8489,5,437.8,3.4,34.6,0,0,Blinkit,Dairy
CUST3529,5,655.0,2.2,31.6,0,1,Swiggy Instamart,Snacks
CUST6018,5,526.2,2.8,33.2,0,0,Blinkit,Beverages
CUST5108,5,290.8,2.0,26.0,0,1,JioMart,Snacks
CUST8263,5,344.8,2.8,26.0,0,1,Swiggy Instamart,Beverages
CUST8241,5,480.4,2.8,24.8,0,1,JioMart,Grocery
CUST4687,5,535.8,4.2,26.2,0,0,Blinkit,Snacks
CUST6474,5,510.4,3.6,39.6,0,0,Swiggy Instamart,Dairy
CUST5283,5,763.0,4.4,32.6,0,0,Swiggy Instamart,Personal Care
CUST4561,5,423.8,3.0,19.2,0,1,Swiggy Instamart,Dairy
CUST8150,5,715.0,4.0,26.6,0,0,JioMart,Grocery
CUST4017,5,375.0,3.4,36.0,0,0,Swiggy Instamart,Snacks
CUST7612,5,615.0,4.2,24.2,0,0,Blinkit,Dairy
CUST6994,5,379.4,3.8,32.6,0,0,Swiggy Instamart,Fruits & Vegetables
CUST9164,5,639.0,3.4,34.8,0,0,Blinkit,Dairy
CUST4894,5,786.6,1.6,32.0,0,1,JioMart,Beverages
CUST8832,5,352.4,2.0,30.0,0,1,Blinkit,Dairy
CUST4891,5,608.8,4.6,35.6,1,0,Blinkit,Beverages
CUST4815,5,771.8,3.4,30.4,0,0,JioMart,Grocery
CUST1075,5,653.0,2.2,28.8,0,1,Blinkit,Beverages
CUST8125,5,537.2,2.8,24.8,0,1,Blinkit,Dairy
CUST5585,5,733.6,4.8,33.8,0,0,JioMart,Dairy
CUST3477,5,384.0,2.4,23.0,0,1,Blinkit,Beverages
CUST5708,5,728.8,3.0,22.0,0,1,JioMart,Beverages
CUST9387,5,687.0,3.2,23.0,0,0,Blinkit,Beverages
CUST2331,5,593.8,4.0,28.6,0,0,Blinkit,Beverages
CUST9658,5,844.0,2.6,28.8,0,1,Blinkit,Beverages
CUST3542,5,383.2,4.2,32.6,0,0,Blinkit,Fruits & Vegetables
CUST2187,5,510.8,3.2,38.6,0,0,Blinkit,Beverages
CUST6949,5,866.4,4.4,35.8,0,0,Swiggy Instamart,Personal Care
CUST6283,5,558.4,4.4,26.8,0,0,Blinkit,Snacks
CUST8050,5,765.6,2.6,31.4,0,1,JioMart,Grocery
CUST8056,5,789.0,3.6,20.4,0,0,Blinkit,Grocery
CUST5906,5,549.8,2.4,24.8,0,1,JioMart,Snacks
CUST4825,5,751.4,2.8,28.6,0,1,JioMart,Grocery
CUST8797,5,353.0,4.4,27.2,0,0,JioMart,Grocery
CUST7107,5,496.2,2.8,28.4,0,1,JioMart,Beverages
CUST9506,5,563.6,2.8,21.0,0,1,Blinkit,Personal Care
CUST4996,5,814.2,3.2,20.6,0,1,Blinkit,Beverages
CUST4019,5,881.2,2.0,27.4,0,1,Blinkit,Dairy
CUST9935,5,375.2,2.8,27.0,0,1,Blinkit,Beverages
CUST6819,5,320.2,4.6,26.2,0,0,Blinkit,Fruits & Vegetables
CUST5077,5,774.0,2.8,30.8,0,0,Blinkit,Beverages
CUST3972,5,686.0,3.0,22.6,0,1,Blinkit,Grocery
CUST5477,5,785.6,4.0,34.8,0,0,JioMart,Dairy
CUST5528,5,596.6,2.2,31.4,0,1,Swiggy Instamart,Dairy
CUST8188,5,1318.6,3.8,32.6,0,0,Blinkit,Personal Care
CUST1559,5,684.6,2.8,29.6,0,1,Blinkit,Dairy
CUST6200,5,412.6,3.2,29.4,0,0,JioMart,Beverages
CUST2201,5,1081.2,2.6,26.4,0,1,Blinkit,Personal Care
CUST6275,5,675.8,3.2,32.6,0,0,Swiggy Instamart,Beverages
CUST8166,5,417.2,3.8,32.8,0,0,JioMart,Dairy
CUST9030,5,704.2,3.0,31.2,0,1,Blinkit,Grocery
CUST5517,5,760.0,4.0,30.4,0,0,Blinkit,Dairy
CUST2510,5,358.8,2.8,27.8,0,1,Blinkit,Personal Care
CUST5069,5,241.2,2.8,27.0,0,1,Blinkit,Fruits & Vegetables
CUST6660,5,938.0,3.0,30.8,0,1,JioMart,Personal Care
CUST1465,5,452.8,3.8,29.2,0,0,Blinkit,Beverages
CUST6390,4,679.75,3.5,33.0,0,0,Blinkit,Beverages
CUST7603,4,667.75,1.5,29.5,0,1,Swiggy Instamart,Dairy
CUST2027,4,876.5,1.75,26.25,0,1,Swiggy Instamart,Dairy
CUST8221,4,246.75,3.5,25.25,0,0,Blinkit,Beverages
CUST6173,4,415.25,2.5,23.75,0,1,Swiggy Instamart,Dairy
CUST8497,4,675.5,2.75,30.0,0,1,JioMart,Beverages
CUST2901,4,558.5,4.0,23.0,0,0,JioMart,Grocery
CUST4142,4,706.5,2.75,24.75,0,1,Swiggy Instamart,Beverages
CUST5893,4,650.25,3.25,28.25,0,0,Blinkit,Dairy
CUST3162,4,570.0,4.0,31.0,0,0,JioMart,Grocery
CUST2910,4,274.0,3.5,31.75,0,0,Swiggy Instamart,Beverages
CUST9968,4,542.5,3.5,26.25,0,0,Swiggy Instamart,Dairy
CUST4988,4,718.25,3.5,40.5,1,0,Blinkit,Grocery
CUST6946,4,463.0,4.0,30.5,0,0,Blinkit,Dairy
CUST9949,4,313.5,2.5,26.25,0,0,Swiggy Instamart,Snacks
CUST9678,4,560.25,4.75,23.5,0,0,Blinkit,Fruits & Vegetables
CUST8677,4,657.0,3.75,35.0,0,0,Blinkit,Dairy
CUST2719,4,775.25,2.25,30.25,0,1,Blinkit,Grocery
CUST6099,4,300.75,4.25,33.5,0,0,Swiggy Instamart,Fruits & Vegetables
CUST6520,4,1096.5,3.25,36.0,0,0,Blinkit,Grocery
CUST3983,4,640.0,3.5,34.5,0,0,Blinkit,Dairy
CUST6485,4,472.75,3.5,28.5,0,0,JioMart,Dairy
CUST9167,4,921.5,4.0,31.0,0,0,Swiggy Instamart,Personal Care
CUST2495,4,908.5,3.5,30.5,0,0,Swiggy Instamart,Dairy
CUST4364,4,598.25,5.0,27.0,0,0,JioMart,Grocery
CUST1101,4,270.0,4.0,34.75,0,0,Blinkit,Dairy
CUST5974,4,773.75,3.0,32.75,0,0,Swiggy Instamart,Grocery
CUST9927,4,740.25,1.75,32.5,0,1,Swiggy Instamart,Dairy
CUST6713,4,439.25,3.5,25.0,0,0,JioMart,Fruits & Vegetables
CUST6689,4,516.5,3.5,39.75,0,0,Blinkit,Dairy
CUST4536,4,768.0,3.5,27.25,0,0,Swiggy Instamart,Dairy
CUST5460,4,827.75,3.5,32.5,0,0,Blinkit,Fruits & Vegetables
CUST1165,4,494.5,2.0,30.5,0,0,Blinkit,Beverages
CUST3373,4,684.5,2.75,29.0,0,1,Swiggy Instamart,Snacks
CUST8545,4,972.25,3.25,36.25,0,0,Blinkit,Personal Care
CUST5202,4,838.0,2.25,27.25,0,1,JioMart,Grocery
CUST9048,4,514.5,3.0,30.25,0,0,JioMart,Beverages
CUST8592,4,750.75,3.5,27.75,0,0,Blinkit,Snacks
CUST9889,4,652.0,3.25,31.25,0,0,Blinkit,Grocery
CUST6683,4,275.0,2.0,32.75,0,1,JioMart,Beverages
CUST9651,4,277.5,3.75,30.25,0,0,JioMart,Snacks
CUST8017,4,640.0,2.75,33.0,0,1,Blinkit,Beverages
CUST4820,4,395.0,3.75,29.25,0,0,JioMart,Beverages
CUST3611,4,736.25,3.25,22.25,0,0,Blinkit,Grocery
CUST1495,4,527.5,2.0,30.5,0,1,Blinkit,Beverages
CUST6321,4,527.0,3.25,34.0,0,0,Swiggy Instamart,Personal Care
CUST8701,4,596.25,2.75,27.25,0,0,Blinkit,Fruits & Vegetables
CUST3506,4,626.75,3.5,16.5,0,0,JioMart,Beverages
CUST6791,4,727.25,3.0,27.75,0,0,Blinkit,Beverages
CUST4269,4,373.75,4.75,39.0,0,0,Swiggy Instamart,Beverages
CUST1300,4,865.25,3.5,29.75,0,0,Blinkit,Personal Care
CUST4604,4,676.0,2.5,30.75,0,1,Blinkit,Beverages
CUST4386,4,296.5,3.5,32.75,0,0,Swiggy Instamart,Beverages
CUST7774,4,310.0,4.25,23.5,0,0,JioMart,Fruits & Vegetables
CUST6470,4,510.5,3.0,31.25,0,0,Swiggy Instamart,Beverages
CUST2141,4,651.0,3.0,22.25,0,0,Blinkit,Dairy
CUST6849,4,760.5,3.5,29.0,0,0,Swiggy Instamart,Dairy
CUST4134,4,1112.5,1.5,19.5,0,1,Swiggy Instamart,Personal Care
CUST8473,4,499.25,3.5,33.5,0,0,JioMart,Fruits & Vegetables
CUST3024,4,423.5,4.5,28.25,0,0,JioMart,Beverages
CUST5048,4,557.0,2.75,36.25,0,0,Blinkit,Snacks
CUST8013,4,400.0,2.5,26.75,0,1,Blinkit,Dairy
CUST8990,4,842.0,3.25,24.5,0,0,Swiggy Instamart,Beverages
CUST1373,4,524.5,3.0,36.25,0,0,Blinkit,Grocery
CUST2135,4,363.25,3.5,36.5,0,0,Swiggy Instamart,Dairy
CUST2068,4,752.5,4.0,26.5,0,0,Blinkit,Beverages
CUST9809,4,373.25,3.5,30.5,0,0,Blinkit,Snacks
CUST4655,4,618.0,3.0,32.5,0,0,Blinkit,Beverages
CUST5156,4,1170.5,2.5,34.75,0,1,Swiggy Instamart,Grocery
CUST6223,4,496.75,4.0,21.75,0,0,Blinkit,Beverages
CUST5010,4,951.0,2.75,23.0,0,0,JioMart,Dairy
CUST8183,4,483.25,1.5,28.0,0,1,JioMart,Beverages
CUST1503,4,444.5,4.0,30.0,0,0,JioMart,Beverages
CUST2239,4,827.0,2.25,28.5,0,1,Swiggy Instamart,Dairy
CUST3888,4,856.0,2.5,28.5,0,1,Blinkit,Grocery
CUST8523,4,374.25,3.25,23.75,0,0,Blinkit,Fruits & Vegetables
CUST5282,4,785.75,2.0,26.5,0,1,Swiggy Instamart,Beverages
CUST1631,4,911.0,2.5,33.5,0,1,Blinkit,Personal Care
CUST8341,4,697.75,4.0,32.25,0,0,JioMart,Beverages
CUST1561,4,831.25,3.0,26.75,0,0,Swiggy Instamart,Grocery
CUST5605,4,448.0,1.75,24.0,0,1,Blinkit,Fruits & Vegetables
CUST5692,4,742.0,3.5,24.0,0,0,Swiggy Instamart,Fruits & Vegetables
CUST6743,4,547.75,3.5,34.0,0,0,JioMart,Beverages
CUST1275,4,462.0,4.5,32.5,0,0,JioMart,Fruits & Vegetables
CUST8733,4,349.25,4.0,26.5,0,0,Blinkit,Snacks
CUST6612,4,955.0,1.5,28.5,0,1,Blinkit,Personal Care
CUST5041,4,621.75,3.75,23.25,0,0,Blinkit,Beverages
CUST7067,4,847.25,3.5,35.0,0,0,Swiggy Instamart,Personal Care
CUST4398,3,682.0,2.6666666666666665,34.666666666666664,0,1,Blinkit,Grocery
CUST2473,3,406.0,3.6666666666666665,32.333333333333336,0,0,Swiggy Instamart,Beverages
CUST5381,3,585.3333333333334,1.3333333333333333,31.666666666666668,0,1,JioMart,Beverages
CUST7758,3,523.0,1.3333333333333333,32.666666666666664,0,1,Swiggy Instamart,Personal Care
CUST1792,3,1296.6666666666667,4.0,19.666666666666668,0,0,Swiggy Instamart,Fruits & Vegetables
CUST3179,3,494.0,3.6666666666666665,37.0,1,0,Blinkit,Dairy
CUST2648,3,532.6666666666666,4.0,34.333333333333336,0,0,Blinkit,Dairy
CUST3678,3,492.3333333333333,5.0,28.666666666666668,0,0,Blinkit,Grocery
CUST4486,3,452.0,5.0,30.333333333333332,0,0,Swiggy Instamart,Fruits & Vegetables
CUST2379,3,672.3333333333334,3.0,32.333333333333336,0,1,Blinkit,Beverages
CUST8782,3,690.3333333333334,2.0,25.0,0,1,Swiggy Instamart,Beverages
CUST3863,3,523.3333333333334,2.3333333333333335,33.0,0,1,Swiggy Instamart,Beverages
CUST6306,3,388.6666666666667,5.0,22.333333333333332,0,0,Swiggy Instamart,Dairy
CUST9111,3,841.3333333333334,3.3333333333333335,29.333333333333332,0,0,Blinkit,Beverages
CUST1850,3,316.6666666666667,3.3333333333333335,26.666666666666668,0,0,Blinkit,Fruits & Vegetables
CUST6599,3,605.3333333333334,3.6666666666666665,46.666666666666664,1,0,JioMart,Snacks
CUST1365,3,676.6666666666666,4.666666666666667,19.333333333333332,0,0,JioMart,Beverages
CUST7546,3,482.6666666666667,4.666666666666667,14.666666666666666,0,0,Swiggy Instamart,Fruits & Vegetables
CUST5248,3,1105.0,2.0,33.0,0,1,JioMart,Personal Care
CUST4959,3,1117.3333333333333,3.6666666666666665,14.333333333333334,0,0,Swiggy Instamart,Dairy
CUST9469,3,498.0,5.0,18.333333333333332,0,0,Blinkit,Dairy
CUST3951,3,554.6666666666666,4.0,21.333333333333332,0,0,JioMart,Dairy
CUST4092,3,574.0,2.6666666666666665,28.0,0,1,JioMart,Grocery
CUST9705,3,658.3333333333334,4.0,29.0,0,0,Swiggy Instamart,Fruits & Vegetables
CUST7665,3,569.0,2.0,14.666666666666666,0,1,Blinkit,Grocery
CUST1288,3,650.3333333333334,1.3333333333333333,25.333333333333332,0,1,JioMart,Beverages
CUST4518,3,473.6666666666667,3.6666666666666665,33.666666666666664,0,0,Blinkit,Snacks
CUST9178,2,1191.5,3.5,24.5,0,0,JioMart,Beverages
CUST7005,2,706.5,1.5,22.5,0,1,Blinkit,Fruits & Vegetables
CUST1239,2,335.5,2.0,39.0,0,1,JioMart,Dairy
CUST3407,2,669.5,3.0,21.5,0,0,Blinkit,Grocery
CUST2378,2,442.0,3.0,26.5,0,0,Blinkit,Fruits & Vegetables
CUST7197,2,449.0,3.5,24.5,0,0,JioMart,Beverages
CUST5242,2,382.0,1.5,18.0,0,1,Blinkit,Beverages
CUST1123,2,525.5,3.5,32.0,0,0,Swiggy Instamart,Grocery
CUST8830,2,406.5,1.0,29.0,0,1,Blinkit,Beverages
